{"type":"FeatureCollection","features":[{"type":"Feature","properties":{"name":"L'Ariana","min_zoom":8,"labelrank":7,"pop_max":97687},"geometry":{"type":"Point","coordinates":[10.199998,36.866673]}},{"type":"Feature","properties":{"name":"Jendouba","min_zoom":9,"labelrank":7,"pop_max":51408},"geometry":{"type":"Point","coordinates":[8.749999,36.500004]}},{"type":"Feature","properties":{"name":"Kasserine","min_zoom":9,"labelrank":7,"pop_max":76243},"geometry":{"type":"Point","coordinates":[8.716698,35.216703]}},{"type":"Feature","properties":{"name":"Sdid Bouzid","min_zoom":7,"labelrank":7,"pop_max":42098},"geometry":{"type":"Point","coordinates":[9.500004,35.016696]}},{"type":"Feature","properties":{"name":"Siliana","min_zoom":9,"labelrank":7,"pop_max":26960},"geometry":{"type":"Point","coordinates":[9.383302,36.083304]}},{"type":"Feature","properties":{"name":"Mahdia","min_zoom":8,"labelrank":7,"pop_max":45977},"geometry":{"type":"Point","coordinates":[11.040877,35.483913]}},{"type":"Feature","properties":{"name":"Monastir","min_zoom":7,"labelrank":7,"pop_max":71546},"geometry":{"type":"Point","coordinates":[10.767295,35.730702]}},{"type":"Feature","properties":{"name":"Zaghouan","min_zoom":9,"labelrank":7,"pop_max":16911},"geometry":{"type":"Point","coordinates":[10.146997,36.399996]}},{"type":"Feature","properties":{"name":"Kırklareli","min_zoom":7,"labelrank":5,"pop_max":58223},"geometry":{"type":"Point","coordinates":[27.226,41.742999]}},{"type":"Feature","properties":{"name":"Bilecik","min_zoom":7,"labelrank":5,"pop_max":40285},"geometry":{"type":"Point","coordinates":[29.982997,40.149999]}},{"type":"Feature","properties":{"name":"Sakarya","min_zoom":7,"labelrank":5,"pop_max":286787},"geometry":{"type":"Point","coordinates":[30.400002,40.766661]}},{"type":"Feature","properties":{"name":"Kastamonu","min_zoom":7,"labelrank":5,"pop_max":70402},"geometry":{"type":"Point","coordinates":[33.783003,41.389002]}},{"type":"Feature","properties":{"name":"Burdur","min_zoom":7,"labelrank":5,"pop_max":66158},"geometry":{"type":"Point","coordinates":[30.283335,37.71666]}},{"type":"Feature","properties":{"name":"Kırşehir","min_zoom":7,"labelrank":5,"pop_max":94336},"geometry":{"type":"Point","coordinates":[34.171003,39.141999]}},{"type":"Feature","properties":{"name":"Nevşehir","min_zoom":7,"labelrank":5,"pop_max":75527},"geometry":{"type":"Point","coordinates":[34.723999,38.624004]}},{"type":"Feature","properties":{"name":"Antakya","min_zoom":9,"labelrank":5,"pop_max":154803},"geometry":{"type":"Point","coordinates":[36.116677,36.233334]}},{"type":"Feature","properties":{"name":"Giresun","min_zoom":7,"labelrank":5,"pop_max":98864},"geometry":{"type":"Point","coordinates":[38.390005,40.913001]}},{"type":"Feature","properties":{"name":"Sinop","min_zoom":6.1,"labelrank":5,"pop_max":34834},"geometry":{"type":"Point","coordinates":[35.153002,42.022998]}},{"type":"Feature","properties":{"name":"Tokat","min_zoom":6,"labelrank":5,"pop_max":129702},"geometry":{"type":"Point","coordinates":[36.563004,40.305996]}},{"type":"Feature","properties":{"name":"Artvin","min_zoom":7,"labelrank":5,"pop_max":32272},"geometry":{"type":"Point","coordinates":[41.817996,41.183001]}},{"type":"Feature","properties":{"name":"Bingöl","min_zoom":7,"labelrank":5,"pop_max":80568},"geometry":{"type":"Point","coordinates":[40.498003,38.885004]}},{"type":"Feature","properties":{"name":"Bitlis","min_zoom":7,"labelrank":5,"pop_max":62811},"geometry":{"type":"Point","coordinates":[42.122998,38.394]}},{"type":"Feature","properties":{"name":"Çankırı","min_zoom":7,"labelrank":5,"pop_max":71379},"geometry":{"type":"Point","coordinates":[33.621004,40.607001]}},{"type":"Feature","properties":{"name":"Niğde","min_zoom":7,"labelrank":5,"pop_max":91039},"geometry":{"type":"Point","coordinates":[34.694002,37.976004]}},{"type":"Feature","properties":{"name":"Yozgat","min_zoom":7,"labelrank":5,"pop_max":87881},"geometry":{"type":"Point","coordinates":[34.814997,39.817998]}},{"type":"Feature","properties":{"name":"Gümüşhane","min_zoom":7,"labelrank":5,"pop_max":32250},"geometry":{"type":"Point","coordinates":[39.484,40.464]}},{"type":"Feature","properties":{"name":"Siirt","min_zoom":7,"labelrank":5,"pop_max":114034},"geometry":{"type":"Point","coordinates":[41.932999,37.944]}},{"type":"Feature","properties":{"name":"Tunceli","min_zoom":7,"labelrank":5,"pop_max":29062},"geometry":{"type":"Point","coordinates":[39.533302,39.1167]}},{"type":"Feature","properties":{"name":"Veszprém","min_zoom":8,"labelrank":6,"pop_max":62023},"geometry":{"type":"Point","coordinates":[17.911,47.090997]}},{"type":"Feature","properties":{"name":"Zalaegerszeg","min_zoom":7,"labelrank":6,"pop_max":61898},"geometry":{"type":"Point","coordinates":[16.84,46.844001]}},{"type":"Feature","properties":{"name":"Tatabánya","min_zoom":9,"labelrank":6,"pop_max":70541},"geometry":{"type":"Point","coordinates":[18.433,47.549997]}},{"type":"Feature","properties":{"name":"Szekszárd","min_zoom":8,"labelrank":6,"pop_max":34174},"geometry":{"type":"Point","coordinates":[18.712999,46.343997]}},{"type":"Feature","properties":{"name":"Salgótarján","min_zoom":8,"labelrank":6,"pop_max":39640},"geometry":{"type":"Point","coordinates":[19.826002,48.105]}},{"type":"Feature","properties":{"name":"Békéscsaba","min_zoom":8,"labelrank":6,"pop_max":65206},"geometry":{"type":"Point","coordinates":[21.101005,46.672002]}},{"type":"Feature","properties":{"name":"Eger","min_zoom":7.7,"labelrank":6,"pop_max":56647},"geometry":{"type":"Point","coordinates":[20.383003,47.895003]}},{"type":"Feature","properties":{"name":"Târgu Jiu","min_zoom":6.7,"labelrank":6,"pop_max":97179},"geometry":{"type":"Point","coordinates":[23.274001,45.045]}},{"type":"Feature","properties":{"name":"Slatina","min_zoom":8,"labelrank":6,"pop_max":78988},"geometry":{"type":"Point","coordinates":[24.371002,44.434998]}},{"type":"Feature","properties":{"name":"Alexandria","min_zoom":9,"labelrank":6,"pop_max":49346},"geometry":{"type":"Point","coordinates":[25.329885,43.97437]}},{"type":"Feature","properties":{"name":"Târgoviște","min_zoom":9,"labelrank":6,"pop_max":88435},"geometry":{"type":"Point","coordinates":[25.459003,44.937999]}},{"type":"Feature","properties":{"name":"Giurgiu","min_zoom":9,"labelrank":6,"pop_max":69067},"geometry":{"type":"Point","coordinates":[25.966325,43.901807]}},{"type":"Feature","properties":{"name":"Slobozia","min_zoom":8,"labelrank":6,"pop_max":52693},"geometry":{"type":"Point","coordinates":[27.381997,44.569998]}},{"type":"Feature","properties":{"name":"Delémont","min_zoom":8,"labelrank":7,"pop_max":11315},"geometry":{"type":"Point","coordinates":[7.345,47.369997]}},{"type":"Feature","properties":{"name":"Neuchâtel","min_zoom":9,"labelrank":7,"pop_max":31270},"geometry":{"type":"Point","coordinates":[6.922999,46.998999]}},{"type":"Feature","properties":{"name":"Aarau","min_zoom":8,"labelrank":7,"pop_max":15501},"geometry":{"type":"Point","coordinates":[8.034004,47.390004]}},{"type":"Feature","properties":{"name":"Stans","min_zoom":9,"labelrank":7,"pop_max":7475},"geometry":{"type":"Point","coordinates":[8.383302,46.950003]}},{"type":"Feature","properties":{"name":"Sion","min_zoom":8,"labelrank":7,"pop_max":28045},"geometry":{"type":"Point","coordinates":[7.353999,46.239003]}},{"type":"Feature","properties":{"name":"Herisau","min_zoom":9,"labelrank":7,"pop_max":15438},"geometry":{"type":"Point","coordinates":[9.283302,47.383299]}},{"type":"Feature","properties":{"name":"Saint Gallen","min_zoom":9,"labelrank":7,"pop_max":70572},"geometry":{"type":"Point","coordinates":[9.361999,47.422998]}},{"type":"Feature","properties":{"name":"Bellinzona","min_zoom":8,"labelrank":7,"pop_max":16572},"geometry":{"type":"Point","coordinates":[9.019999,46.197]}},{"type":"Feature","properties":{"name":"Glarus","min_zoom":9,"labelrank":7,"pop_max":5681},"geometry":{"type":"Point","coordinates":[9.0667,47.050002]}},{"type":"Feature","properties":{"name":"Schaffhausen","min_zoom":7,"labelrank":7,"pop_max":33863},"geometry":{"type":"Point","coordinates":[8.632998,47.706003]}},{"type":"Feature","properties":{"name":"Schwyz","min_zoom":9,"labelrank":7,"pop_max":14177},"geometry":{"type":"Point","coordinates":[8.648002,47.019996]}},{"type":"Feature","properties":{"name":"Frauenfeld","min_zoom":9,"labelrank":7,"pop_max":21979},"geometry":{"type":"Point","coordinates":[8.904888,47.552619]}},{"type":"Feature","properties":{"name":"Altdorf","min_zoom":9,"labelrank":7,"pop_max":8678},"geometry":{"type":"Point","coordinates":[8.638003,46.879002]}},{"type":"Feature","properties":{"name":"Zug","min_zoom":8,"labelrank":7,"pop_max":23435},"geometry":{"type":"Point","coordinates":[8.487001,47.178999]}},{"type":"Feature","properties":{"name":"Falun","min_zoom":7,"labelrank":7,"pop_max":36477},"geometry":{"type":"Point","coordinates":[15.647005,60.613002]}},{"type":"Feature","properties":{"name":"Nyköping","min_zoom":7,"labelrank":7,"pop_max":27582},"geometry":{"type":"Point","coordinates":[16.996082,58.75199]}},{"type":"Feature","properties":{"name":"Härnösand","min_zoom":9,"labelrank":7,"pop_max":17016},"geometry":{"type":"Point","coordinates":[17.934004,62.633997]}},{"type":"Feature","properties":{"name":"Karlskrona","min_zoom":6.7,"labelrank":7,"pop_max":35212},"geometry":{"type":"Point","coordinates":[15.590754,56.162781]}},{"type":"Feature","properties":{"name":"Alba Lulia","min_zoom":8,"labelrank":6,"pop_max":66085},"geometry":{"type":"Point","coordinates":[23.580001,46.077003]}},{"type":"Feature","properties":{"name":"Bistrița","min_zoom":8,"labelrank":6,"pop_max":81318},"geometry":{"type":"Point","coordinates":[24.513004,47.138004]}},{"type":"Feature","properties":{"name":"Deva","min_zoom":6.7,"labelrank":6,"pop_max":67802},"geometry":{"type":"Point","coordinates":[22.916674,45.883323]}},{"type":"Feature","properties":{"name":"Zalău","min_zoom":8,"labelrank":6,"pop_max":63232},"geometry":{"type":"Point","coordinates":[23.063005,47.175003]}},{"type":"Feature","properties":{"name":"Satu Mare","min_zoom":6,"labelrank":6,"pop_max":112490},"geometry":{"type":"Point","coordinates":[22.885002,47.791998]}},{"type":"Feature","properties":{"name":"Rimnicu Vilcea","min_zoom":9,"labelrank":6,"pop_max":107558},"geometry":{"type":"Point","coordinates":[24.382999,45.109998]}},{"type":"Feature","properties":{"name":"Sfintu-Gheorghe","min_zoom":9,"labelrank":6,"pop_max":60677},"geometry":{"type":"Point","coordinates":[25.793001,45.867996]}},{"type":"Feature","properties":{"name":"Miercurea Cuic","min_zoom":8,"labelrank":6,"pop_max":42029},"geometry":{"type":"Point","coordinates":[25.524,46.360998]}},{"type":"Feature","properties":{"name":"Piatra-Neamt","min_zoom":7,"labelrank":6,"pop_max":102688},"geometry":{"type":"Point","coordinates":[26.382997,46.940004]}},{"type":"Feature","properties":{"name":"Brăila","min_zoom":9,"labelrank":6,"pop_max":213569},"geometry":{"type":"Point","coordinates":[27.969003,45.291996]}},{"type":"Feature","properties":{"name":"Vaslui","min_zoom":8,"labelrank":6,"pop_max":69225},"geometry":{"type":"Point","coordinates":[27.733339,46.633329]}},{"type":"Feature","properties":{"name":"Aveiro","min_zoom":7,"labelrank":6,"pop_max":54162},"geometry":{"type":"Point","coordinates":[-8.650998,40.641003]}},{"type":"Feature","properties":{"name":"Leiria","min_zoom":7,"labelrank":6,"pop_max":45112},"geometry":{"type":"Point","coordinates":[-8.804996,39.738996]}},{"type":"Feature","properties":{"name":"Viana Do Castelo","min_zoom":8,"labelrank":6,"pop_max":15555},"geometry":{"type":"Point","coordinates":[-8.844138,41.696235]}},{"type":"Feature","properties":{"name":"Mérida","min_zoom":7,"labelrank":3,"pop_max":52423},"geometry":{"type":"Point","coordinates":[-6.337998,38.912004]}},{"type":"Feature","properties":{"name":"Beja","min_zoom":7,"labelrank":6,"pop_max":35854},"geometry":{"type":"Point","coordinates":[-7.863002,38.014002]}},{"type":"Feature","properties":{"name":"Évora","min_zoom":6.1,"labelrank":6,"pop_max":55620},"geometry":{"type":"Point","coordinates":[-7.905996,38.559996]}},{"type":"Feature","properties":{"name":"Portalegre","min_zoom":8,"labelrank":6,"pop_max":15581},"geometry":{"type":"Point","coordinates":[-7.423001,39.290004]}},{"type":"Feature","properties":{"name":"Santarém","min_zoom":6.1,"labelrank":6,"pop_max":29385},"geometry":{"type":"Point","coordinates":[-8.682003,39.231]}},{"type":"Feature","properties":{"name":"Bragança","min_zoom":7,"labelrank":6,"pop_max":34375},"geometry":{"type":"Point","coordinates":[-6.755003,41.807997]}},{"type":"Feature","properties":{"name":"Castelo Branco","min_zoom":7,"labelrank":6,"pop_max":33479},"geometry":{"type":"Point","coordinates":[-7.488,39.810996]}},{"type":"Feature","properties":{"name":"Guarda","min_zoom":7,"labelrank":6,"pop_max":32111},"geometry":{"type":"Point","coordinates":[-7.262001,40.541004]}},{"type":"Feature","properties":{"name":"Viseu","min_zoom":7,"labelrank":6,"pop_max":26364},"geometry":{"type":"Point","coordinates":[-7.91,40.656996]}},{"type":"Feature","properties":{"name":"Vila Real","min_zoom":7.7,"labelrank":6,"pop_max":17001},"geometry":{"type":"Point","coordinates":[-7.737003,41.293998]}},{"type":"Feature","properties":{"name":"Assen","min_zoom":8,"labelrank":8,"pop_max":62237},"geometry":{"type":"Point","coordinates":[6.550003,53.000001]}},{"type":"Feature","properties":{"name":"Arnhem","min_zoom":7,"labelrank":8,"pop_max":141674},"geometry":{"type":"Point","coordinates":[5.923,51.987996]}},{"type":"Feature","properties":{"name":"Maastricht","min_zoom":9,"labelrank":8,"pop_max":122378},"geometry":{"type":"Point","coordinates":[5.677003,50.852997]}},{"type":"Feature","properties":{"name":"Zwolle","min_zoom":7,"labelrank":8,"pop_max":111805},"geometry":{"type":"Point","coordinates":[6.096997,52.524]}},{"type":"Feature","properties":{"name":"Middelburg","min_zoom":7,"labelrank":8,"pop_max":46485},"geometry":{"type":"Point","coordinates":[3.609999,51.501996]}},{"type":"Feature","properties":{"name":"'s-Hertogenbosch","min_zoom":9,"labelrank":8,"pop_max":134520},"geometry":{"type":"Point","coordinates":[5.316661,51.683337]}},{"type":"Feature","properties":{"name":"Arendal","min_zoom":7,"labelrank":7,"pop_max":30916},"geometry":{"type":"Point","coordinates":[8.766001,58.464756]}},{"type":"Feature","properties":{"name":"Vossavangen","min_zoom":6.1,"labelrank":7,"pop_max":5571},"geometry":{"type":"Point","coordinates":[6.441003,60.630003]}},{"type":"Feature","properties":{"name":"Leikanger","min_zoom":7,"labelrank":7,"pop_max":1965},"geometry":{"type":"Point","coordinates":[6.85,61.183296]}},{"type":"Feature","properties":{"name":"Bærum","min_zoom":7,"labelrank":7,"pop_max":113659},"geometry":{"type":"Point","coordinates":[11.347236,59.913486]}},{"type":"Feature","properties":{"name":"Hamar","min_zoom":6.1,"labelrank":7,"pop_max":29479},"geometry":{"type":"Point","coordinates":[11.069002,60.820002]}},{"type":"Feature","properties":{"name":"Tønsberg","min_zoom":7,"labelrank":7,"pop_max":38914},"geometry":{"type":"Point","coordinates":[10.421001,59.264001]}},{"type":"Feature","properties":{"name":"Dubăsari","min_zoom":8,"labelrank":8,"pop_max":23254},"geometry":{"type":"Point","coordinates":[29.160833,47.263056]}},{"type":"Feature","properties":{"name":"Fribourg","min_zoom":9,"labelrank":7,"pop_max":32827},"geometry":{"type":"Point","coordinates":[7.149997,46.8]}},{"type":"Feature","properties":{"name":"Liestal","min_zoom":9,"labelrank":7,"pop_max":12832},"geometry":{"type":"Point","coordinates":[7.737004,47.483001]}},{"type":"Feature","properties":{"name":"Solothurn","min_zoom":8,"labelrank":7,"pop_max":14853},"geometry":{"type":"Point","coordinates":[7.536997,47.212002]}},{"type":"Feature","properties":{"name":"Sarnen","min_zoom":9,"labelrank":7,"pop_max":9410},"geometry":{"type":"Point","coordinates":[8.243002,46.899]}},{"type":"Feature","properties":{"name":"Mariestad","min_zoom":7,"labelrank":7,"pop_max":14891},"geometry":{"type":"Point","coordinates":[13.827997,58.705002]}},{"type":"Feature","properties":{"name":"Vannersborg","min_zoom":7,"labelrank":7,"pop_max":21835},"geometry":{"type":"Point","coordinates":[12.330001,58.363002]}},{"type":"Feature","properties":{"name":"Appenzell","min_zoom":8,"labelrank":7,"pop_max":5649},"geometry":{"type":"Point","coordinates":[9.4167,47.333304]}},{"type":"Feature","properties":{"name":"Ros Comain","min_zoom":7,"labelrank":8,"pop_max":4860},"geometry":{"type":"Point","coordinates":[-8.183333,53.633333]}},{"type":"Feature","properties":{"name":"Potenza","min_zoom":7,"labelrank":3,"pop_max":69060},"geometry":{"type":"Point","coordinates":[15.798996,40.642002]}},{"type":"Feature","properties":{"name":"Campobasso","min_zoom":7,"labelrank":3,"pop_max":50762},"geometry":{"type":"Point","coordinates":[14.655997,41.562999]}},{"type":"Feature","properties":{"name":"Aosta","min_zoom":7,"labelrank":3,"pop_max":34062},"geometry":{"type":"Point","coordinates":[7.315003,45.737001]}},{"type":"Feature","properties":{"name":"Diekirch","min_zoom":7,"labelrank":8,"pop_max":6242},"geometry":{"type":"Point","coordinates":[6.166702,49.883301]}},{"type":"Feature","properties":{"name":"Grevenmacher","min_zoom":7,"labelrank":8,"pop_max":3958},"geometry":{"type":"Point","coordinates":[6.425599,49.679753]}},{"type":"Feature","properties":{"name":"Šibenik","min_zoom":7,"labelrank":8,"pop_max":37112},"geometry":{"type":"Point","coordinates":[15.905833,43.727222]}},{"type":"Feature","properties":{"name":"Haapsalu","min_zoom":7,"labelrank":8,"pop_max":11805},"geometry":{"type":"Point","coordinates":[23.541389,58.943056]}},{"type":"Feature","properties":{"name":"Viljandi","min_zoom":7,"labelrank":8,"pop_max":20309},"geometry":{"type":"Point","coordinates":[25.59,58.363889]}},{"type":"Feature","properties":{"name":"Lamia","min_zoom":7,"labelrank":6,"pop_max":47246},"geometry":{"type":"Point","coordinates":[22.434004,38.898999]}},{"type":"Feature","properties":{"name":"Polygyros","min_zoom":7,"labelrank":6,"pop_max":5258},"geometry":{"type":"Point","coordinates":[23.453001,40.381002]}},{"type":"Feature","properties":{"name":"Komatini","min_zoom":6,"labelrank":6,"pop_max":45631},"geometry":{"type":"Point","coordinates":[25.416703,41.133303]}},{"type":"Feature","properties":{"name":"Mariehamn","min_zoom":7,"labelrank":8,"pop_max":10682},"geometry":{"type":"Point","coordinates":[19.949005,60.096996]}},{"type":"Feature","properties":{"name":"Hämeenlinna","min_zoom":7,"labelrank":7,"pop_max":47261},"geometry":{"type":"Point","coordinates":[24.471999,60.996996]}},{"type":"Feature","properties":{"name":"Kouvola","min_zoom":7,"labelrank":7,"pop_max":31133},"geometry":{"type":"Point","coordinates":[26.709004,60.876]}},{"type":"Feature","properties":{"name":"Mikkeli","min_zoom":6.1,"labelrank":7,"pop_max":46550},"geometry":{"type":"Point","coordinates":[27.285003,61.689996]}},{"type":"Feature","properties":{"name":"Muineachan","min_zoom":7,"labelrank":8,"pop_max":5937},"geometry":{"type":"Point","coordinates":[-6.966667,54.25]}},{"type":"Feature","properties":{"name":"Vejle","min_zoom":6.7,"labelrank":8,"pop_max":51177},"geometry":{"type":"Point","coordinates":[9.534997,55.709001]}},{"type":"Feature","properties":{"name":"Hillerød","min_zoom":7,"labelrank":8,"pop_max":28313},"geometry":{"type":"Point","coordinates":[12.316698,55.933299]}},{"type":"Feature","properties":{"name":"Sorø","min_zoom":7,"labelrank":8,"pop_max":7167},"geometry":{"type":"Point","coordinates":[11.566702,55.432998]}},{"type":"Feature","properties":{"name":"Krujë","min_zoom":9,"labelrank":8,"pop_max":21286},"geometry":{"type":"Point","coordinates":[19.797004,41.518998]}},{"type":"Feature","properties":{"name":"Fier","min_zoom":9,"labelrank":8,"pop_max":82297},"geometry":{"type":"Point","coordinates":[19.573003,40.730004]}},{"type":"Feature","properties":{"name":"Lushnjë","min_zoom":9,"labelrank":8,"pop_max":41469},"geometry":{"type":"Point","coordinates":[19.716003,40.940001]}},{"type":"Feature","properties":{"name":"Pukë","min_zoom":9,"labelrank":8,"pop_max":6495},"geometry":{"type":"Point","coordinates":[19.883305,42.033303]}},{"type":"Feature","properties":{"name":"Bajram Curri","min_zoom":9,"labelrank":8,"pop_max":7967},"geometry":{"type":"Point","coordinates":[20.083303,42.3333]}},{"type":"Feature","properties":{"name":"Kukës","min_zoom":9,"labelrank":8,"pop_max":17832},"geometry":{"type":"Point","coordinates":[20.433996,42.083001]}},{"type":"Feature","properties":{"name":"Sarandë","min_zoom":9,"labelrank":8,"pop_max":15147},"geometry":{"type":"Point","coordinates":[19.999999,39.877002]}},{"type":"Feature","properties":{"name":"Ersekë","min_zoom":9,"labelrank":8,"pop_max":7890},"geometry":{"type":"Point","coordinates":[20.683297,40.333302]}},{"type":"Feature","properties":{"name":"Pogradec","min_zoom":7.7,"labelrank":8,"pop_max":40000},"geometry":{"type":"Point","coordinates":[20.664001,40.899996]}},{"type":"Feature","properties":{"name":"Korçë","min_zoom":9,"labelrank":8,"pop_max":58259},"geometry":{"type":"Point","coordinates":[20.766663,40.616676]}},{"type":"Feature","properties":{"name":"Berat","min_zoom":9,"labelrank":8,"pop_max":46866},"geometry":{"type":"Point","coordinates":[19.972,40.709997]}},{"type":"Feature","properties":{"name":"Çorovodë","min_zoom":9,"labelrank":8,"pop_max":14046},"geometry":{"type":"Point","coordinates":[20.233297,40.516704]}},{"type":"Feature","properties":{"name":"Gramsh","min_zoom":9,"labelrank":8,"pop_max":11556},"geometry":{"type":"Point","coordinates":[20.199997,40.866696]}},{"type":"Feature","properties":{"name":"Librazhd","min_zoom":8,"labelrank":8,"pop_max":12691},"geometry":{"type":"Point","coordinates":[20.366704,41.200002]}},{"type":"Feature","properties":{"name":"Tepelenë","min_zoom":9,"labelrank":8,"pop_max":11955},"geometry":{"type":"Point","coordinates":[20.033299,40.283298]}},{"type":"Feature","properties":{"name":"Përmet","min_zoom":9,"labelrank":8,"pop_max":10686},"geometry":{"type":"Point","coordinates":[20.351998,40.233996]}},{"type":"Feature","properties":{"name":"Gjirokastër","min_zoom":7,"labelrank":8,"pop_max":23437},"geometry":{"type":"Point","coordinates":[20.149003,40.078998]}},{"type":"Feature","properties":{"name":"Peshkopi","min_zoom":9,"labelrank":8,"pop_max":14848},"geometry":{"type":"Point","coordinates":[20.433304,41.683302]}},{"type":"Feature","properties":{"name":"Burrel","min_zoom":9,"labelrank":8,"pop_max":15405},"geometry":{"type":"Point","coordinates":[20.016001,41.625999]}},{"type":"Feature","properties":{"name":"Lezhë","min_zoom":9,"labelrank":8,"pop_max":18695},"geometry":{"type":"Point","coordinates":[19.654003,41.787999]}},{"type":"Feature","properties":{"name":"Rrëshen","min_zoom":9,"labelrank":8,"pop_max":10064},"geometry":{"type":"Point","coordinates":[19.816705,41.783301]}},{"type":"Feature","properties":{"name":"Ashtarak","min_zoom":9,"labelrank":8,"pop_max":18779},"geometry":{"type":"Point","coordinates":[44.359167,40.301667]}},{"type":"Feature","properties":{"name":"Mons","min_zoom":8,"labelrank":8,"pop_max":91277},"geometry":{"type":"Point","coordinates":[3.939004,50.445999]}},{"type":"Feature","properties":{"name":"Hasselt","min_zoom":7,"labelrank":8,"pop_max":69222},"geometry":{"type":"Point","coordinates":[5.338536,50.928838]}},{"type":"Feature","properties":{"name":"Artashat","min_zoom":9,"labelrank":8,"pop_max":20562},"geometry":{"type":"Point","coordinates":[44.550556,39.953889]}},{"type":"Feature","properties":{"name":"Jijel","min_zoom":7,"labelrank":5,"pop_max":148000},"geometry":{"type":"Point","coordinates":[5.766004,36.821997]}},{"type":"Feature","properties":{"name":"Tizi-Ouzou","min_zoom":7,"labelrank":5,"pop_max":144000},"geometry":{"type":"Point","coordinates":[4.046144,36.71171]}},{"type":"Feature","properties":{"name":"Bordj Bou Arréridj","min_zoom":7,"labelrank":5,"pop_max":140000},"geometry":{"type":"Point","coordinates":[4.764662,36.077709]}},{"type":"Feature","properties":{"name":"M'sila","min_zoom":7,"labelrank":5,"pop_max":150000},"geometry":{"type":"Point","coordinates":[4.545001,35.700003]}},{"type":"Feature","properties":{"name":"Guelma","min_zoom":7,"labelrank":5,"pop_max":123590},"geometry":{"type":"Point","coordinates":[7.427998,36.466002]}},{"type":"Feature","properties":{"name":"Oum el Bouaghi","min_zoom":9,"labelrank":5,"pop_max":100821},"geometry":{"type":"Point","coordinates":[7.149997,35.849997]}},{"type":"Feature","properties":{"name":"Lovec","min_zoom":8,"labelrank":7,"pop_max":42211},"geometry":{"type":"Point","coordinates":[24.719005,43.137999]}},{"type":"Feature","properties":{"name":"Montana","min_zoom":9,"labelrank":7,"pop_max":47445},"geometry":{"type":"Point","coordinates":[23.237002,43.414002]}},{"type":"Feature","properties":{"name":"Razgrad","min_zoom":7,"labelrank":7,"pop_max":38285},"geometry":{"type":"Point","coordinates":[26.535997,43.533999]}},{"type":"Feature","properties":{"name":"Arlon","min_zoom":9,"labelrank":8,"pop_max":26179},"geometry":{"type":"Point","coordinates":[5.8167,49.683303]}},{"type":"Feature","properties":{"name":"Bregenz","min_zoom":8,"labelrank":7,"pop_max":26928},"geometry":{"type":"Point","coordinates":[9.766702,47.516697]}},{"type":"Feature","properties":{"name":"Eisenstadt","min_zoom":7,"labelrank":7,"pop_max":13165},"geometry":{"type":"Point","coordinates":[16.533297,47.833299]}},{"type":"Feature","properties":{"name":"Larnaka","min_zoom":7,"labelrank":8,"pop_max":48947},"geometry":{"type":"Point","coordinates":[33.635998,34.917003]}},{"type":"Feature","properties":{"name":"Paphos","min_zoom":7,"labelrank":8,"pop_max":35961},"geometry":{"type":"Point","coordinates":[32.422457,34.755915]}},{"type":"Feature","properties":{"name":"Kyrenia","min_zoom":9,"labelrank":0,"pop_max":26701},"geometry":{"type":"Point","coordinates":[33.333004,35.325999]}},{"type":"Feature","properties":{"name":"Nazran","min_zoom":6.1,"labelrank":2,"pop_max":93357},"geometry":{"type":"Point","coordinates":[44.783001,43.233003]}},{"type":"Feature","properties":{"name":"Klaksvík","min_zoom":8,"labelrank":8,"pop_max":4664},"geometry":{"type":"Point","coordinates":[-6.539011,62.237478]}},{"type":"Feature","properties":{"name":"Mainz","min_zoom":8,"labelrank":3,"pop_max":184997},"geometry":{"type":"Point","coordinates":[8.273219,49.982473]}},{"type":"Feature","properties":{"name":"Usti Nad Labem","min_zoom":7,"labelrank":7,"pop_max":94105},"geometry":{"type":"Point","coordinates":[14.081005,50.662998]}},{"type":"Feature","properties":{"name":"Hradec Králové","min_zoom":7,"labelrank":7,"pop_max":95195},"geometry":{"type":"Point","coordinates":[15.812001,50.205996]}},{"type":"Feature","properties":{"name":"Duhok","min_zoom":6,"labelrank":5,"pop_max":986000},"geometry":{"type":"Point","coordinates":[43.000003,36.8667]}},{"type":"Feature","properties":{"name":"Samarra","min_zoom":7,"labelrank":5,"pop_max":158508},"geometry":{"type":"Point","coordinates":[43.875001,34.193997]}},{"type":"Feature","properties":{"name":"Schwerin","min_zoom":7,"labelrank":3,"pop_max":96641},"geometry":{"type":"Point","coordinates":[11.416699,53.633304]}},{"type":"Feature","properties":{"name":"Marbella","min_zoom":7,"labelrank":3,"pop_max":186131},"geometry":{"type":"Point","coordinates":[-4.88333,36.51662]}},{"type":"Feature","properties":{"name":"Linares","min_zoom":7,"labelrank":3,"pop_max":59761},"geometry":{"type":"Point","coordinates":[-3.633355,38.08332]}},{"type":"Feature","properties":{"name":"Algeciras","min_zoom":7,"labelrank":3,"pop_max":111027},"geometry":{"type":"Point","coordinates":[-5.45266,36.131882]}},{"type":"Feature","properties":{"name":"León","min_zoom":6.1,"labelrank":3,"pop_max":136227},"geometry":{"type":"Point","coordinates":[-5.570007,42.579971]}},{"type":"Feature","properties":{"name":"Mataró","min_zoom":7,"labelrank":3,"pop_max":183293},"geometry":{"type":"Point","coordinates":[2.450021,41.539957]}},{"type":"Feature","properties":{"name":"Latakia","min_zoom":6,"labelrank":6,"pop_max":539147},"geometry":{"type":"Point","coordinates":[35.779976,35.539987]}},{"type":"Feature","properties":{"name":"Madinat ath Thawrah","min_zoom":7,"labelrank":6,"pop_max":87880},"geometry":{"type":"Point","coordinates":[38.548076,35.836661]}},{"type":"Feature","properties":{"name":"Izaz","min_zoom":7,"labelrank":6,"pop_max":31534},"geometry":{"type":"Point","coordinates":[37.044085,36.588786]}},{"type":"Feature","properties":{"name":"Manbij","min_zoom":7,"labelrank":6,"pop_max":120169},"geometry":{"type":"Point","coordinates":[37.956329,36.526645]}},{"type":"Feature","properties":{"name":"Idlib","min_zoom":7,"labelrank":6,"pop_max":128840},"geometry":{"type":"Point","coordinates":[36.631655,35.929705]}},{"type":"Feature","properties":{"name":"Al Qamishli","min_zoom":7,"labelrank":6,"pop_max":104107},"geometry":{"type":"Point","coordinates":[41.229979,37.030025]}},{"type":"Feature","properties":{"name":"Al Hasakah","min_zoom":6,"labelrank":6,"pop_max":128100},"geometry":{"type":"Point","coordinates":[40.750008,36.483289]}},{"type":"Feature","properties":{"name":"Chur","min_zoom":7,"labelrank":7,"pop_max":38293},"geometry":{"type":"Point","coordinates":[9.50003,46.85002]}},{"type":"Feature","properties":{"name":"Borlänge","min_zoom":6.1,"labelrank":7,"pop_max":39422},"geometry":{"type":"Point","coordinates":[15.416671,60.483322]}},{"type":"Feature","properties":{"name":"Västerås","min_zoom":6.1,"labelrank":7,"pop_max":107194},"geometry":{"type":"Point","coordinates":[16.55768,59.609084]}},{"type":"Feature","properties":{"name":"Mykolayiv","min_zoom":6.1,"labelrank":5,"pop_max":510840},"geometry":{"type":"Point","coordinates":[31.984342,46.967739]}},{"type":"Feature","properties":{"name":"Chernihiv","min_zoom":7,"labelrank":5,"pop_max":307684},"geometry":{"type":"Point","coordinates":[31.301541,51.50493]}},{"type":"Feature","properties":{"name":"Khmelnytskyy","min_zoom":7,"labelrank":5,"pop_max":398346},"geometry":{"type":"Point","coordinates":[27.001545,49.424928]}},{"type":"Feature","properties":{"name":"Kamyanets-Podilskyy","min_zoom":7,"labelrank":5,"pop_max":114658},"geometry":{"type":"Point","coordinates":[26.580899,48.684301]}},{"type":"Feature","properties":{"name":"Drohobych","min_zoom":7,"labelrank":5,"pop_max":124269},"geometry":{"type":"Point","coordinates":[23.499382,49.344364]}},{"type":"Feature","properties":{"name":"Uzhgorod","min_zoom":7,"labelrank":5,"pop_max":150832},"geometry":{"type":"Point","coordinates":[22.250001,48.629989]}},{"type":"Feature","properties":{"name":"Uman","min_zoom":6.1,"labelrank":5,"pop_max":87658},"geometry":{"type":"Point","coordinates":[30.21091,48.754297]}},{"type":"Feature","properties":{"name":"Brovary","min_zoom":7,"labelrank":5,"pop_max":88506},"geometry":{"type":"Point","coordinates":[30.780901,50.49432]}},{"type":"Feature","properties":{"name":"Bila Tserkva","min_zoom":7,"labelrank":5,"pop_max":199163},"geometry":{"type":"Point","coordinates":[30.130915,49.774312]}},{"type":"Feature","properties":{"name":"Illichivsk","min_zoom":7,"labelrank":5,"pop_max":54102},"geometry":{"type":"Point","coordinates":[30.666593,46.300002]}},{"type":"Feature","properties":{"name":"Konotop","min_zoom":7,"labelrank":5,"pop_max":103547},"geometry":{"type":"Point","coordinates":[33.209022,51.242388]}},{"type":"Feature","properties":{"name":"Kryvyy Rih","min_zoom":6.1,"labelrank":5,"pop_max":652380},"geometry":{"type":"Point","coordinates":[33.344983,47.928326]}},{"type":"Feature","properties":{"name":"Makiyivka","min_zoom":7,"labelrank":5,"pop_max":376610},"geometry":{"type":"Point","coordinates":[37.974622,48.029664]}},{"type":"Feature","properties":{"name":"Horlivka","min_zoom":6.1,"labelrank":5,"pop_max":396885},"geometry":{"type":"Point","coordinates":[38.054669,48.299647]}},{"type":"Feature","properties":{"name":"Kramatorsk","min_zoom":6.1,"labelrank":5,"pop_max":184105},"geometry":{"type":"Point","coordinates":[37.534391,48.719363]}},{"type":"Feature","properties":{"name":"Berdyansk","min_zoom":6.1,"labelrank":5,"pop_max":118284},"geometry":{"type":"Point","coordinates":[36.78684,46.756822]}},{"type":"Feature","properties":{"name":"Gijón","min_zoom":7,"labelrank":3,"pop_max":335972},"geometry":{"type":"Point","coordinates":[-5.67,43.530016]}},{"type":"Feature","properties":{"name":"Vitoria","min_zoom":6.1,"labelrank":3,"pop_max":224578},"geometry":{"type":"Point","coordinates":[-2.669977,42.84998]}},{"type":"Feature","properties":{"name":"Vatican City","min_zoom":7,"labelrank":3,"pop_max":832},"geometry":{"type":"Point","coordinates":[12.453387,41.903282]}},{"type":"Feature","properties":{"name":"Greenock","min_zoom":7,"labelrank":5,"pop_max":74635},"geometry":{"type":"Point","coordinates":[-4.750031,55.93329]}},{"type":"Feature","properties":{"name":"Sunderland","min_zoom":7,"labelrank":5,"pop_max":452934},"geometry":{"type":"Point","coordinates":[-1.379882,54.903407]}},{"type":"Feature","properties":{"name":"Southampton","min_zoom":7,"labelrank":5,"pop_max":384417},"geometry":{"type":"Point","coordinates":[-1.399977,50.900031]}},{"type":"Feature","properties":{"name":"Bristol","min_zoom":7,"labelrank":5,"pop_max":553528},"geometry":{"type":"Point","coordinates":[-2.583315,51.449998]}},{"type":"Feature","properties":{"name":"Bournemouth","min_zoom":7,"labelrank":5,"pop_max":426945},"geometry":{"type":"Point","coordinates":[-1.90005,50.72999]}},{"type":"Feature","properties":{"name":"Omagh","min_zoom":7,"labelrank":5,"pop_max":21056},"geometry":{"type":"Point","coordinates":[-7.300004,54.600012]}},{"type":"Feature","properties":{"name":"Chester","min_zoom":7,"labelrank":5,"pop_max":89531},"geometry":{"type":"Point","coordinates":[-2.902965,53.186325]}},{"type":"Feature","properties":{"name":"Swansea","min_zoom":6.1,"labelrank":5,"pop_max":294339},"geometry":{"type":"Point","coordinates":[-3.950002,51.629987]}},{"type":"Feature","properties":{"name":"Carlisle","min_zoom":7,"labelrank":5,"pop_max":72633},"geometry":{"type":"Point","coordinates":[-2.929987,54.879995]}},{"type":"Feature","properties":{"name":"Aydın","min_zoom":6,"labelrank":5,"pop_max":198857},"geometry":{"type":"Point","coordinates":[27.850021,37.849975]}},{"type":"Feature","properties":{"name":"Lüleburgaz","min_zoom":7,"labelrank":5,"pop_max":90899},"geometry":{"type":"Point","coordinates":[27.355219,41.406657]}},{"type":"Feature","properties":{"name":"Isparta","min_zoom":7,"labelrank":5,"pop_max":172334},"geometry":{"type":"Point","coordinates":[30.529961,37.76998]}},{"type":"Feature","properties":{"name":"Kütahya","min_zoom":7,"labelrank":5,"pop_max":185008},"geometry":{"type":"Point","coordinates":[29.929997,39.420009]}},{"type":"Feature","properties":{"name":"Muğla","min_zoom":6.1,"labelrank":5,"pop_max":48183},"geometry":{"type":"Point","coordinates":[28.363891,37.21637]}},{"type":"Feature","properties":{"name":"Elâzığ","min_zoom":6,"labelrank":5,"pop_max":271492},"geometry":{"type":"Point","coordinates":[39.229998,38.679976]}},{"type":"Feature","properties":{"name":"Kahramanmaraş","min_zoom":7,"labelrank":5,"pop_max":376045},"geometry":{"type":"Point","coordinates":[36.945021,37.60999]}},{"type":"Feature","properties":{"name":"Icel","min_zoom":6,"labelrank":5,"pop_max":616990},"geometry":{"type":"Point","coordinates":[34.619995,36.799988]}},{"type":"Feature","properties":{"name":"Corum","min_zoom":6.1,"labelrank":5,"pop_max":183418},"geometry":{"type":"Point","coordinates":[34.950001,40.519993]}},{"type":"Feature","properties":{"name":"Rize","min_zoom":7,"labelrank":5,"pop_max":279450},"geometry":{"type":"Point","coordinates":[40.521857,41.020841]}},{"type":"Feature","properties":{"name":"Tatvan","min_zoom":6,"labelrank":5,"pop_max":73222},"geometry":{"type":"Point","coordinates":[42.281595,38.506576]}},{"type":"Feature","properties":{"name":"Southend-on-Sea","min_zoom":7,"labelrank":5,"pop_max":618386},"geometry":{"type":"Point","coordinates":[0.719997,51.550018]}},{"type":"Feature","properties":{"name":"Reading","min_zoom":7,"labelrank":5,"pop_max":369804},"geometry":{"type":"Point","coordinates":[-0.980028,51.469971]}},{"type":"Feature","properties":{"name":"Leicester","min_zoom":7,"labelrank":5,"pop_max":457983},"geometry":{"type":"Point","coordinates":[-1.133249,52.629977]}},{"type":"Feature","properties":{"name":"Bradford","min_zoom":7,"labelrank":5,"pop_max":501700},"geometry":{"type":"Point","coordinates":[-1.754465,53.791675]}},{"type":"Feature","properties":{"name":"Sheffield","min_zoom":7,"labelrank":5,"pop_max":1292900},"geometry":{"type":"Point","coordinates":[-1.499997,53.366677]}},{"type":"Feature","properties":{"name":"Polatlı","min_zoom":7,"labelrank":5,"pop_max":93262},"geometry":{"type":"Point","coordinates":[32.147226,39.584159]}},{"type":"Feature","properties":{"name":"Karabük","min_zoom":6,"labelrank":5,"pop_max":128564},"geometry":{"type":"Point","coordinates":[32.600015,41.200003]}},{"type":"Feature","properties":{"name":"Nusaybin","min_zoom":6,"labelrank":5,"pop_max":152668},"geometry":{"type":"Point","coordinates":[41.218352,37.074984]}},{"type":"Feature","properties":{"name":"Hakkâri","min_zoom":7,"labelrank":5,"pop_max":77699},"geometry":{"type":"Point","coordinates":[43.740834,37.574436]}},{"type":"Feature","properties":{"name":"Szombathely","min_zoom":7,"labelrank":6,"pop_max":109518},"geometry":{"type":"Point","coordinates":[16.628742,47.225346]}},{"type":"Feature","properties":{"name":"Kecskemét","min_zoom":6,"labelrank":6,"pop_max":113895},"geometry":{"type":"Point","coordinates":[19.700027,46.900043]}},{"type":"Feature","properties":{"name":"Székesfehérvár","min_zoom":6.1,"labelrank":6,"pop_max":144319},"geometry":{"type":"Point","coordinates":[18.408065,47.194676]}},{"type":"Feature","properties":{"name":"Nyíregyháza","min_zoom":7,"labelrank":6,"pop_max":176880},"geometry":{"type":"Point","coordinates":[21.718715,47.965327]}},{"type":"Feature","properties":{"name":"Biel","min_zoom":8,"labelrank":7,"pop_max":78708},"geometry":{"type":"Point","coordinates":[7.250038,47.16659]}},{"type":"Feature","properties":{"name":"Drobeta-Turnu Severin","min_zoom":7,"labelrank":6,"pop_max":106578},"geometry":{"type":"Point","coordinates":[22.665893,44.645891]}},{"type":"Feature","properties":{"name":"Tulcea","min_zoom":7,"labelrank":6,"pop_max":92475},"geometry":{"type":"Point","coordinates":[28.796681,45.199346]}},{"type":"Feature","properties":{"name":"Arad","min_zoom":7,"labelrank":6,"pop_max":169065},"geometry":{"type":"Point","coordinates":[21.31998,46.17001]}},{"type":"Feature","properties":{"name":"Oradea","min_zoom":6.1,"labelrank":6,"pop_max":213830},"geometry":{"type":"Point","coordinates":[21.919995,47.049982]}},{"type":"Feature","properties":{"name":"Sibiu","min_zoom":7,"labelrank":6,"pop_max":155565},"geometry":{"type":"Point","coordinates":[24.137121,45.797113]}},{"type":"Feature","properties":{"name":"Suceava","min_zoom":7,"labelrank":6,"pop_max":105796},"geometry":{"type":"Point","coordinates":[26.259317,47.637698]}},{"type":"Feature","properties":{"name":"Buzău","min_zoom":6,"labelrank":6,"pop_max":130954},"geometry":{"type":"Point","coordinates":[26.806518,45.156506]}},{"type":"Feature","properties":{"name":"Galați","min_zoom":6,"labelrank":6,"pop_max":311156},"geometry":{"type":"Point","coordinates":[28.045874,45.455893]}},{"type":"Feature","properties":{"name":"Focșani","min_zoom":7,"labelrank":6,"pop_max":105112},"geometry":{"type":"Point","coordinates":[27.186547,45.696551]}},{"type":"Feature","properties":{"name":"Braga","min_zoom":7,"labelrank":6,"pop_max":826833},"geometry":{"type":"Point","coordinates":[-8.421331,41.554994]}},{"type":"Feature","properties":{"name":"Covilhã","min_zoom":7,"labelrank":6,"pop_max":24828},"geometry":{"type":"Point","coordinates":[-7.499992,40.283341]}},{"type":"Feature","properties":{"name":"Finnsnes","min_zoom":7,"labelrank":7,"pop_max":3907},"geometry":{"type":"Point","coordinates":[18.008606,69.240617]}},{"type":"Feature","properties":{"name":"Eindhoven","min_zoom":7,"labelrank":8,"pop_max":398053},"geometry":{"type":"Point","coordinates":[5.500015,51.429973]}},{"type":"Feature","properties":{"name":"Gjøvik","min_zoom":7,"labelrank":7,"pop_max":22719},"geometry":{"type":"Point","coordinates":[10.700008,60.800021]}},{"type":"Feature","properties":{"name":"Rørvik","min_zoom":7,"labelrank":7,"pop_max":2615},"geometry":{"type":"Point","coordinates":[11.2053,64.868016]}},{"type":"Feature","properties":{"name":"Banská Bystrica","min_zoom":7,"labelrank":7,"pop_max":82336},"geometry":{"type":"Point","coordinates":[19.149983,48.73329]}},{"type":"Feature","properties":{"name":"Trnava","min_zoom":7,"labelrank":7,"pop_max":69785},"geometry":{"type":"Point","coordinates":[17.6,48.366594]}},{"type":"Feature","properties":{"name":"Rēzekne","min_zoom":7,"labelrank":8,"pop_max":38340},"geometry":{"type":"Point","coordinates":[27.316565,56.500025]}},{"type":"Feature","properties":{"name":"Panevežys","min_zoom":7,"labelrank":8,"pop_max":127405},"geometry":{"type":"Point","coordinates":[24.370026,55.74002]}},{"type":"Feature","properties":{"name":"Šiauliai","min_zoom":7,"labelrank":8,"pop_max":133528},"geometry":{"type":"Point","coordinates":[23.325026,55.938639]}},{"type":"Feature","properties":{"name":"Prizren","min_zoom":7,"labelrank":8,"pop_max":171464},"geometry":{"type":"Point","coordinates":[20.750092,42.22932]}},{"type":"Feature","properties":{"name":"Maykop","min_zoom":7,"labelrank":2,"pop_max":158451},"geometry":{"type":"Point","coordinates":[40.120021,44.609976]}},{"type":"Feature","properties":{"name":"Mozdok","min_zoom":6.1,"labelrank":2,"pop_max":45702},"geometry":{"type":"Point","coordinates":[44.65437,43.754318]}},{"type":"Feature","properties":{"name":"Georgievsk","min_zoom":6.1,"labelrank":2,"pop_max":72649},"geometry":{"type":"Point","coordinates":[43.469946,44.1599]}},{"type":"Feature","properties":{"name":"Pyatigorsk","min_zoom":6.1,"labelrank":2,"pop_max":142865},"geometry":{"type":"Point","coordinates":[43.090021,44.079957]}},{"type":"Feature","properties":{"name":"Kislovodsk","min_zoom":7,"labelrank":2,"pop_max":132771},"geometry":{"type":"Point","coordinates":[42.720017,43.909967]}},{"type":"Feature","properties":{"name":"Nevinnomyssk","min_zoom":7,"labelrank":2,"pop_max":134380},"geometry":{"type":"Point","coordinates":[41.950039,44.620053]}},{"type":"Feature","properties":{"name":"Chernyakhovsk","min_zoom":7,"labelrank":2,"pop_max":45187},"geometry":{"type":"Point","coordinates":[21.810855,54.631638]}},{"type":"Feature","properties":{"name":"Severomorsk","min_zoom":7,"labelrank":2,"pop_max":53921},"geometry":{"type":"Point","coordinates":[33.423066,69.073057]}},{"type":"Feature","properties":{"name":"Apatity","min_zoom":7,"labelrank":2,"pop_max":66907},"geometry":{"type":"Point","coordinates":[33.393042,67.573071]}},{"type":"Feature","properties":{"name":"Polyarnyy","min_zoom":7,"labelrank":2,"pop_max":19200},"geometry":{"type":"Point","coordinates":[33.450247,69.205219]}},{"type":"Feature","properties":{"name":"Slantsy","min_zoom":7,"labelrank":2,"pop_max":36209},"geometry":{"type":"Point","coordinates":[28.074658,59.111597]}},{"type":"Feature","properties":{"name":"Kolpino","min_zoom":7,"labelrank":2,"pop_max":225801},"geometry":{"type":"Point","coordinates":[30.650005,59.730009]}},{"type":"Feature","properties":{"name":"Novozybkov","min_zoom":7,"labelrank":2,"pop_max":43534},"geometry":{"type":"Point","coordinates":[31.944861,52.534815]}},{"type":"Feature","properties":{"name":"Dyatkovo","min_zoom":7,"labelrank":2,"pop_max":33527},"geometry":{"type":"Point","coordinates":[34.339185,53.589144]}},{"type":"Feature","properties":{"name":"Shuya","min_zoom":7,"labelrank":2,"pop_max":60705},"geometry":{"type":"Point","coordinates":[41.364286,56.854345]}},{"type":"Feature","properties":{"name":"Kineshma","min_zoom":7,"labelrank":2,"pop_max":92983},"geometry":{"type":"Point","coordinates":[42.129976,57.469966]}},{"type":"Feature","properties":{"name":"Balakhna","min_zoom":7,"labelrank":2,"pop_max":63083},"geometry":{"type":"Point","coordinates":[43.594383,56.494341]}},{"type":"Feature","properties":{"name":"Arzamas","min_zoom":7,"labelrank":2,"pop_max":142597},"geometry":{"type":"Point","coordinates":[43.800003,55.399989]}},{"type":"Feature","properties":{"name":"Rzhev","min_zoom":7,"labelrank":2,"pop_max":63414},"geometry":{"type":"Point","coordinates":[34.327455,56.257405]}},{"type":"Feature","properties":{"name":"Vyshnniy Volochek","min_zoom":7,"labelrank":2,"pop_max":53800},"geometry":{"type":"Point","coordinates":[34.563099,57.583034]}},{"type":"Feature","properties":{"name":"Uglich","min_zoom":7,"labelrank":2,"pop_max":37732},"geometry":{"type":"Point","coordinates":[38.330001,57.524356]}},{"type":"Feature","properties":{"name":"Yelets","min_zoom":6.1,"labelrank":2,"pop_max":115919},"geometry":{"type":"Point","coordinates":[38.500017,52.580006]}},{"type":"Feature","properties":{"name":"Orekhovo-Zuevo","min_zoom":7,"labelrank":2,"pop_max":140247},"geometry":{"type":"Point","coordinates":[38.979987,55.820015]}},{"type":"Feature","properties":{"name":"Klin","min_zoom":7,"labelrank":2,"pop_max":80778},"geometry":{"type":"Point","coordinates":[36.698731,56.343058]}},{"type":"Feature","properties":{"name":"Sergiyev Posad","min_zoom":7,"labelrank":2,"pop_max":109252},"geometry":{"type":"Point","coordinates":[38.170011,56.33001]}},{"type":"Feature","properties":{"name":"Kolomna","min_zoom":7,"labelrank":2,"pop_max":147690},"geometry":{"type":"Point","coordinates":[38.78496,55.079983]}},{"type":"Feature","properties":{"name":"Bataysk","min_zoom":7,"labelrank":2,"pop_max":109962},"geometry":{"type":"Point","coordinates":[39.74485,47.136824]}},{"type":"Feature","properties":{"name":"Taganrog","min_zoom":7,"labelrank":2,"pop_max":279056},"geometry":{"type":"Point","coordinates":[38.919991,47.229997]}},{"type":"Feature","properties":{"name":"Novocherkassk","min_zoom":6.1,"labelrank":2,"pop_max":166974},"geometry":{"type":"Point","coordinates":[40.080024,47.419959]}},{"type":"Feature","properties":{"name":"Kamensk Shakhtinskiy","min_zoom":7,"labelrank":2,"pop_max":75814},"geometry":{"type":"Point","coordinates":[40.251796,48.331764]}},{"type":"Feature","properties":{"name":"Novoshakhtinsk","min_zoom":6.1,"labelrank":2,"pop_max":99478},"geometry":{"type":"Point","coordinates":[39.919982,47.76999]}},{"type":"Feature","properties":{"name":"Aleksin","min_zoom":7,"labelrank":2,"pop_max":66885},"geometry":{"type":"Point","coordinates":[37.094366,54.514333]}},{"type":"Feature","properties":{"name":"Novomoskovsk","min_zoom":7,"labelrank":2,"pop_max":130982},"geometry":{"type":"Point","coordinates":[38.289305,54.010715]}},{"type":"Feature","properties":{"name":"Shchekino","min_zoom":7,"labelrank":2,"pop_max":86088},"geometry":{"type":"Point","coordinates":[37.514289,54.014337]}},{"type":"Feature","properties":{"name":"Shebekino","min_zoom":7,"labelrank":2,"pop_max":45194},"geometry":{"type":"Point","coordinates":[36.894378,50.41435]}},{"type":"Feature","properties":{"name":"Gubkin","min_zoom":6.1,"labelrank":2,"pop_max":272},"geometry":{"type":"Point","coordinates":[37.384323,51.27435]}},{"type":"Feature","properties":{"name":"Apsheronsk","min_zoom":7,"labelrank":2,"pop_max":45876},"geometry":{"type":"Point","coordinates":[39.728727,44.468719]}},{"type":"Feature","properties":{"name":"Kropotkin","min_zoom":7,"labelrank":2,"pop_max":79599},"geometry":{"type":"Point","coordinates":[40.582112,45.447083]}},{"type":"Feature","properties":{"name":"Ruzayevka","min_zoom":7,"labelrank":2,"pop_max":49311},"geometry":{"type":"Point","coordinates":[44.924379,54.064334]}},{"type":"Feature","properties":{"name":"Kirsanov","min_zoom":7,"labelrank":2,"pop_max":17975},"geometry":{"type":"Point","coordinates":[42.717434,52.657392]}},{"type":"Feature","properties":{"name":"Michurinsk","min_zoom":6.1,"labelrank":2,"pop_max":93499},"geometry":{"type":"Point","coordinates":[40.499998,52.899987]}},{"type":"Feature","properties":{"name":"Borisoglebsk","min_zoom":7,"labelrank":2,"pop_max":68597},"geometry":{"type":"Point","coordinates":[42.088738,51.368711]}},{"type":"Feature","properties":{"name":"Tetovo","min_zoom":7,"labelrank":8,"pop_max":119132},"geometry":{"type":"Point","coordinates":[20.970079,42.00923]}},{"type":"Feature","properties":{"name":"Olsztyn","min_zoom":7,"labelrank":5,"pop_max":186670},"geometry":{"type":"Point","coordinates":[20.485564,53.772584]}},{"type":"Feature","properties":{"name":"Elbląg","min_zoom":7,"labelrank":5,"pop_max":127558},"geometry":{"type":"Point","coordinates":[19.403193,54.153919]}},{"type":"Feature","properties":{"name":"Inowrocław","min_zoom":7,"labelrank":5,"pop_max":79007},"geometry":{"type":"Point","coordinates":[18.249986,52.779942]}},{"type":"Feature","properties":{"name":"Bytom","min_zoom":8,"labelrank":5,"pop_max":662247},"geometry":{"type":"Point","coordinates":[18.909998,50.350039]}},{"type":"Feature","properties":{"name":"Opole","min_zoom":7,"labelrank":5,"pop_max":131412},"geometry":{"type":"Point","coordinates":[17.93135,50.68498]}},{"type":"Feature","properties":{"name":"Shannon","min_zoom":7,"labelrank":8,"pop_max":8781},"geometry":{"type":"Point","coordinates":[-8.864147,52.703849]}},{"type":"Feature","properties":{"name":"Waterford","min_zoom":6.1,"labelrank":8,"pop_max":49275},"geometry":{"type":"Point","coordinates":[-7.111928,52.258295]}},{"type":"Feature","properties":{"name":"Tralee","min_zoom":7,"labelrank":8,"pop_max":26384},"geometry":{"type":"Point","coordinates":[-9.716653,52.266692]}},{"type":"Feature","properties":{"name":"Donegal","min_zoom":7,"labelrank":8,"pop_max":2513},"geometry":{"type":"Point","coordinates":[-8.116673,54.650009]}},{"type":"Feature","properties":{"name":"Modena","min_zoom":7,"labelrank":3,"pop_max":175502},"geometry":{"type":"Point","coordinates":[10.919995,44.650025]}},{"type":"Feature","properties":{"name":"Crotone","min_zoom":7,"labelrank":3,"pop_max":60010},"geometry":{"type":"Point","coordinates":[17.123337,39.083337]}},{"type":"Feature","properties":{"name":"Vibo Valentia","min_zoom":7,"labelrank":3,"pop_max":33957},"geometry":{"type":"Point","coordinates":[16.10004,38.666592]}},{"type":"Feature","properties":{"name":"Reggio di Calabria","min_zoom":7,"labelrank":3,"pop_max":180353},"geometry":{"type":"Point","coordinates":[15.64136,38.114998]}},{"type":"Feature","properties":{"name":"Caserta","min_zoom":7,"labelrank":3,"pop_max":250000},"geometry":{"type":"Point","coordinates":[14.337357,41.05996]}},{"type":"Feature","properties":{"name":"Barletta","min_zoom":6.1,"labelrank":3,"pop_max":107830},"geometry":{"type":"Point","coordinates":[16.270004,41.319996]}},{"type":"Feature","properties":{"name":"Ragusa","min_zoom":7,"labelrank":3,"pop_max":68956},"geometry":{"type":"Point","coordinates":[14.729995,36.930031]}},{"type":"Feature","properties":{"name":"Asti","min_zoom":7,"labelrank":3,"pop_max":71276},"geometry":{"type":"Point","coordinates":[8.209979,44.929982]}},{"type":"Feature","properties":{"name":"Novara","min_zoom":8,"labelrank":3,"pop_max":100910},"geometry":{"type":"Point","coordinates":[8.61998,45.450002]}},{"type":"Feature","properties":{"name":"Como","min_zoom":7,"labelrank":3,"pop_max":250000},"geometry":{"type":"Point","coordinates":[9.080004,45.810006]}},{"type":"Feature","properties":{"name":"Udine","min_zoom":6.1,"labelrank":3,"pop_max":119009},"geometry":{"type":"Point","coordinates":[13.240008,46.070016]}},{"type":"Feature","properties":{"name":"Treviso","min_zoom":7,"labelrank":3,"pop_max":177309},"geometry":{"type":"Point","coordinates":[12.240018,45.670015]}},{"type":"Feature","properties":{"name":"Annecy","min_zoom":7,"labelrank":3,"pop_max":105749},"geometry":{"type":"Point","coordinates":[6.11667,45.899975]}},{"type":"Feature","properties":{"name":"Roanne","min_zoom":7,"labelrank":3,"pop_max":73315},"geometry":{"type":"Point","coordinates":[4.066666,46.033326]}},{"type":"Feature","properties":{"name":"Bielefeld","min_zoom":7,"labelrank":3,"pop_max":331906},"geometry":{"type":"Point","coordinates":[8.530011,52.029988]}},{"type":"Feature","properties":{"name":"Dortmund","min_zoom":5,"labelrank":3,"pop_max":588462},"geometry":{"type":"Point","coordinates":[7.450026,51.529967]}},{"type":"Feature","properties":{"name":"Duisburg","min_zoom":7,"labelrank":3,"pop_max":1276757},"geometry":{"type":"Point","coordinates":[6.750017,51.429973]}},{"type":"Feature","properties":{"name":"Wuppertal","min_zoom":7,"labelrank":3,"pop_max":776525},"geometry":{"type":"Point","coordinates":[7.169991,51.25001]}},{"type":"Feature","properties":{"name":"Essen","min_zoom":6.1,"labelrank":3,"pop_max":1742135},"geometry":{"type":"Point","coordinates":[7.016615,51.449998]}},{"type":"Feature","properties":{"name":"Karlsruhe","min_zoom":7,"labelrank":3,"pop_max":377487},"geometry":{"type":"Point","coordinates":[8.399993,48.999992]}},{"type":"Feature","properties":{"name":"Heidelberg","min_zoom":7,"labelrank":3,"pop_max":426590},"geometry":{"type":"Point","coordinates":[8.699975,49.419992]}},{"type":"Feature","properties":{"name":"Kassel","min_zoom":7,"labelrank":3,"pop_max":289924},"geometry":{"type":"Point","coordinates":[9.50003,51.300007]}},{"type":"Feature","properties":{"name":"Oldenburg","min_zoom":7,"labelrank":3,"pop_max":167458},"geometry":{"type":"Point","coordinates":[8.220004,53.129999]}},{"type":"Feature","properties":{"name":"Emden","min_zoom":7,"labelrank":3,"pop_max":51526},"geometry":{"type":"Point","coordinates":[7.216655,53.366677]}},{"type":"Feature","properties":{"name":"Braunschweig","min_zoom":7,"labelrank":3,"pop_max":244715},"geometry":{"type":"Point","coordinates":[10.50002,52.249975]}},{"type":"Feature","properties":{"name":"Erfurt","min_zoom":7,"labelrank":3,"pop_max":203254},"geometry":{"type":"Point","coordinates":[11.029962,50.970053]}},{"type":"Feature","properties":{"name":"Karlovac","min_zoom":7,"labelrank":8,"pop_max":55063},"geometry":{"type":"Point","coordinates":[15.547774,45.487209]}},{"type":"Feature","properties":{"name":"Rijeka","min_zoom":6.1,"labelrank":8,"pop_max":170992},"geometry":{"type":"Point","coordinates":[14.450012,45.329984]}},{"type":"Feature","properties":{"name":"Coburg","min_zoom":7,"labelrank":3,"pop_max":61054},"geometry":{"type":"Point","coordinates":[10.966607,50.266607]}},{"type":"Feature","properties":{"name":"Augsburg","min_zoom":7,"labelrank":3,"pop_max":358989},"geometry":{"type":"Point","coordinates":[10.899996,48.350006]}},{"type":"Feature","properties":{"name":"Fürth","min_zoom":7,"labelrank":3,"pop_max":237844},"geometry":{"type":"Point","coordinates":[10.99999,49.470015]}},{"type":"Feature","properties":{"name":"České Budějovice","min_zoom":7,"labelrank":7,"pop_max":98851},"geometry":{"type":"Point","coordinates":[14.460037,48.980019]}},{"type":"Feature","properties":{"name":"Liberec","min_zoom":7,"labelrank":7,"pop_max":102175},"geometry":{"type":"Point","coordinates":[15.079999,50.79996]}},{"type":"Feature","properties":{"name":"Chemnitz","min_zoom":7,"labelrank":3,"pop_max":302643},"geometry":{"type":"Point","coordinates":[12.919976,50.829984]}},{"type":"Feature","properties":{"name":"Slavonski Brod","min_zoom":7,"labelrank":8,"pop_max":97718},"geometry":{"type":"Point","coordinates":[18.015582,45.160278]}},{"type":"Feature","properties":{"name":"Olomouc","min_zoom":7,"labelrank":7,"pop_max":101268},"geometry":{"type":"Point","coordinates":[17.256796,49.586661]}},{"type":"Feature","properties":{"name":"Kohtla-Järve","min_zoom":7,"labelrank":8,"pop_max":46060},"geometry":{"type":"Point","coordinates":[27.283337,59.399978]}},{"type":"Feature","properties":{"name":"St.-Brieuc","min_zoom":7,"labelrank":3,"pop_max":53223},"geometry":{"type":"Point","coordinates":[-2.783303,48.516663]}},{"type":"Feature","properties":{"name":"Poitier","min_zoom":6.7,"labelrank":3,"pop_max":85960},"geometry":{"type":"Point","coordinates":[0.333276,46.583292]}},{"type":"Feature","properties":{"name":"Angers","min_zoom":6.7,"labelrank":3,"pop_max":188380},"geometry":{"type":"Point","coordinates":[-0.53003,47.480007]}},{"type":"Feature","properties":{"name":"Biarritz","min_zoom":7,"labelrank":3,"pop_max":145348},"geometry":{"type":"Point","coordinates":[-1.561595,43.473275]}},{"type":"Feature","properties":{"name":"Aix-en-Provence","min_zoom":7,"labelrank":3,"pop_max":146821},"geometry":{"type":"Point","coordinates":[5.449993,43.519991]}},{"type":"Feature","properties":{"name":"Perpignan","min_zoom":6.1,"labelrank":3,"pop_max":146620},"geometry":{"type":"Point","coordinates":[2.899967,42.699989]}},{"type":"Feature","properties":{"name":"Tarbes","min_zoom":7,"labelrank":3,"pop_max":54854},"geometry":{"type":"Point","coordinates":[0.083344,43.23329]}},{"type":"Feature","properties":{"name":"Clermont-Ferrand","min_zoom":6,"labelrank":3,"pop_max":233050},"geometry":{"type":"Point","coordinates":[3.080008,45.779982]}},{"type":"Feature","properties":{"name":"Melun","min_zoom":6.7,"labelrank":3,"pop_max":249432},"geometry":{"type":"Point","coordinates":[2.666648,48.533302]}},{"type":"Feature","properties":{"name":"Arras","min_zoom":7,"labelrank":3,"pop_max":64165},"geometry":{"type":"Point","coordinates":[2.783334,50.283325]}},{"type":"Feature","properties":{"name":"Besançon","min_zoom":7,"labelrank":3,"pop_max":128426},"geometry":{"type":"Point","coordinates":[6.030009,47.229997]}},{"type":"Feature","properties":{"name":"Piraeus","min_zoom":7,"labelrank":6,"pop_max":466065},"geometry":{"type":"Point","coordinates":[23.69999,37.950021]}},{"type":"Feature","properties":{"name":"Volos","min_zoom":7,"labelrank":6,"pop_max":110632},"geometry":{"type":"Point","coordinates":[22.95001,39.36996]}},{"type":"Feature","properties":{"name":"Hania","min_zoom":7,"labelrank":6,"pop_max":78728},"geometry":{"type":"Point","coordinates":[24.015578,35.512211]}},{"type":"Feature","properties":{"name":"Kavala","min_zoom":7,"labelrank":6,"pop_max":59240},"geometry":{"type":"Point","coordinates":[24.40176,40.941211]}},{"type":"Feature","properties":{"name":"Alexandroupoli","min_zoom":7,"labelrank":6,"pop_max":52979},"geometry":{"type":"Point","coordinates":[25.87441,40.848619]}},{"type":"Feature","properties":{"name":"Kutaisi","min_zoom":7,"labelrank":8,"pop_max":183945},"geometry":{"type":"Point","coordinates":[42.729991,42.249991]}},{"type":"Feature","properties":{"name":"Tskhinvali","min_zoom":7,"labelrank":8,"pop_max":38502},"geometry":{"type":"Point","coordinates":[43.975031,42.232498]}},{"type":"Feature","properties":{"name":"Savonlinna","min_zoom":7,"labelrank":7,"pop_max":27353},"geometry":{"type":"Point","coordinates":[28.883343,61.866623]}},{"type":"Feature","properties":{"name":"Pori","min_zoom":6.1,"labelrank":7,"pop_max":76772},"geometry":{"type":"Point","coordinates":[21.774939,61.478895]}},{"type":"Feature","properties":{"name":"Urmia","min_zoom":6,"labelrank":5,"pop_max":577307},"geometry":{"type":"Point","coordinates":[44.999982,37.529995]}},{"type":"Feature","properties":{"name":"Viborg","min_zoom":6.7,"labelrank":8,"pop_max":34831},"geometry":{"type":"Point","coordinates":[9.399984,56.433337]}},{"type":"Feature","properties":{"name":"Roskilde","min_zoom":7,"labelrank":8,"pop_max":44285},"geometry":{"type":"Point","coordinates":[12.083334,55.649974]}},{"type":"Feature","properties":{"name":"Subotica","min_zoom":6.1,"labelrank":8,"pop_max":100000},"geometry":{"type":"Point","coordinates":[19.680028,46.070016]}},{"type":"Feature","properties":{"name":"Kragujevac","min_zoom":6,"labelrank":8,"pop_max":171197},"geometry":{"type":"Point","coordinates":[20.920004,44.01996]}},{"type":"Feature","properties":{"name":"Zrenjanin","min_zoom":7,"labelrank":8,"pop_max":64053},"geometry":{"type":"Point","coordinates":[20.399468,45.378637]}},{"type":"Feature","properties":{"name":"Vlorë","min_zoom":7,"labelrank":8,"pop_max":89546},"geometry":{"type":"Point","coordinates":[19.498231,40.47736]}},{"type":"Feature","properties":{"name":"Elbasan","min_zoom":7,"labelrank":8,"pop_max":165010},"geometry":{"type":"Point","coordinates":[20.083828,41.121507]}},{"type":"Feature","properties":{"name":"Gyumri","min_zoom":7,"labelrank":8,"pop_max":148381},"geometry":{"type":"Point","coordinates":[43.847494,40.789434]}},{"type":"Feature","properties":{"name":"Gent","min_zoom":7,"labelrank":8,"pop_max":444336},"geometry":{"type":"Point","coordinates":[3.700022,51.029998]}},{"type":"Feature","properties":{"name":"Vanadzor","min_zoom":7,"labelrank":8,"pop_max":101098},"geometry":{"type":"Point","coordinates":[44.488282,40.812766]}},{"type":"Feature","properties":{"name":"Sliven","min_zoom":7,"labelrank":7,"pop_max":96368},"geometry":{"type":"Point","coordinates":[26.33001,42.67937]}},{"type":"Feature","properties":{"name":"Plovdiv","min_zoom":7,"labelrank":7,"pop_max":340494},"geometry":{"type":"Point","coordinates":[24.753982,42.153976]}},{"type":"Feature","properties":{"name":"Pernik","min_zoom":7,"labelrank":7,"pop_max":82467},"geometry":{"type":"Point","coordinates":[23.022718,42.609995]}},{"type":"Feature","properties":{"name":"Vratsa","min_zoom":7,"labelrank":7,"pop_max":71633},"geometry":{"type":"Point","coordinates":[23.562531,43.209984]}},{"type":"Feature","properties":{"name":"Shumen","min_zoom":7,"labelrank":7,"pop_max":87283},"geometry":{"type":"Point","coordinates":[26.929353,43.270006]}},{"type":"Feature","properties":{"name":"Wiener Neustadt","min_zoom":6.1,"labelrank":7,"pop_max":82762},"geometry":{"type":"Point","coordinates":[16.249954,47.815982]}},{"type":"Feature","properties":{"name":"Baranavichy","min_zoom":7,"labelrank":6,"pop_max":168772},"geometry":{"type":"Point","coordinates":[26.01344,53.136846]}},{"type":"Feature","properties":{"name":"Polatsk","min_zoom":7,"labelrank":6,"pop_max":82258},"geometry":{"type":"Point","coordinates":[28.785984,55.48939]}},{"type":"Feature","properties":{"name":"Maladzyechna","min_zoom":7,"labelrank":6,"pop_max":101300},"geometry":{"type":"Point","coordinates":[26.865326,54.318789]}},{"type":"Feature","properties":{"name":"Zenica","min_zoom":6,"labelrank":8,"pop_max":164423},"geometry":{"type":"Point","coordinates":[17.919981,44.219974]}},{"type":"Feature","properties":{"name":"Liège","min_zoom":7,"labelrank":7,"pop_max":749110},"geometry":{"type":"Point","coordinates":[5.580011,50.629996]}},{"type":"Feature","properties":{"name":"Famagusta","min_zoom":7,"labelrank":0,"pop_max":42526},"geometry":{"type":"Point","coordinates":[33.95001,35.125025]}},{"type":"Feature","properties":{"name":"Fort William","min_zoom":7,"labelrank":5,"pop_max":9652},"geometry":{"type":"Point","coordinates":[-5.112076,56.816478]}},{"type":"Feature","properties":{"name":"Koszalin","min_zoom":6.1,"labelrank":0,"pop_max":107450},"geometry":{"type":"Point","coordinates":[16.183333,54.2]}},{"type":"Feature","properties":{"name":"Almería","min_zoom":6.1,"labelrank":3,"pop_max":179405},"geometry":{"type":"Point","coordinates":[-2.429991,36.830348]}},{"type":"Feature","properties":{"name":"Málaga","min_zoom":6.7,"labelrank":3,"pop_max":550058},"geometry":{"type":"Point","coordinates":[-4.419999,36.720406]}},{"type":"Feature","properties":{"name":"Jaén","min_zoom":6.7,"labelrank":3,"pop_max":116400},"geometry":{"type":"Point","coordinates":[-3.799985,37.770393]}},{"type":"Feature","properties":{"name":"Huelva","min_zoom":6.7,"labelrank":3,"pop_max":144174},"geometry":{"type":"Point","coordinates":[-6.929949,37.250374]}},{"type":"Feature","properties":{"name":"Albacete","min_zoom":6.7,"labelrank":3,"pop_max":158094},"geometry":{"type":"Point","coordinates":[-1.87,39.000344]}},{"type":"Feature","properties":{"name":"Toledo","min_zoom":6.1,"labelrank":3,"pop_max":74632},"geometry":{"type":"Point","coordinates":[-4.016716,39.867036]}},{"type":"Feature","properties":{"name":"Guadalajara","min_zoom":6.7,"labelrank":3,"pop_max":72850},"geometry":{"type":"Point","coordinates":[-3.166587,40.633707]}},{"type":"Feature","properties":{"name":"Santander","min_zoom":6.7,"labelrank":3,"pop_max":208763},"geometry":{"type":"Point","coordinates":[-3.799985,43.380465]}},{"type":"Feature","properties":{"name":"Salamanca","min_zoom":6.1,"labelrank":3,"pop_max":162353},"geometry":{"type":"Point","coordinates":[-5.67,40.970405]}},{"type":"Feature","properties":{"name":"Burgos","min_zoom":6.1,"labelrank":3,"pop_max":170183},"geometry":{"type":"Point","coordinates":[-3.679967,42.350398]}},{"type":"Feature","properties":{"name":"Tarragona","min_zoom":6.7,"labelrank":3,"pop_max":126291},"geometry":{"type":"Point","coordinates":[1.249991,41.12037]}},{"type":"Feature","properties":{"name":"Béja","min_zoom":6.7,"labelrank":7,"pop_max":59567},"geometry":{"type":"Point","coordinates":[9.190023,36.730405]}},{"type":"Feature","properties":{"name":"Bizerte","min_zoom":6.7,"labelrank":7,"pop_max":139843},"geometry":{"type":"Point","coordinates":[9.854995,37.290423]}},{"type":"Feature","properties":{"name":"Nabeul","min_zoom":6.1,"labelrank":7,"pop_max":115149},"geometry":{"type":"Point","coordinates":[10.730032,36.460344]}},{"type":"Feature","properties":{"name":"El Kef","min_zoom":6.7,"labelrank":7,"pop_max":47979},"geometry":{"type":"Point","coordinates":[8.714755,36.182635]}},{"type":"Feature","properties":{"name":"Qasserine","min_zoom":6.7,"labelrank":7,"pop_max":81987},"geometry":{"type":"Point","coordinates":[8.829993,35.180397]}},{"type":"Feature","properties":{"name":"Gafsa","min_zoom":6.7,"labelrank":7,"pop_max":126803},"geometry":{"type":"Point","coordinates":[8.780022,34.420443]}},{"type":"Feature","properties":{"name":"Qairouan","min_zoom":6.7,"labelrank":7,"pop_max":144522},"geometry":{"type":"Point","coordinates":[10.099993,35.680392]}},{"type":"Feature","properties":{"name":"Tartus","min_zoom":6.7,"labelrank":6,"pop_max":162980},"geometry":{"type":"Point","coordinates":[35.886584,34.884634]}},{"type":"Feature","properties":{"name":"Ar Raqqah","min_zoom":6.1,"labelrank":6,"pop_max":177636},"geometry":{"type":"Point","coordinates":[39.019985,35.930377]}},{"type":"Feature","properties":{"name":"Hamah","min_zoom":6.7,"labelrank":6,"pop_max":460602},"geometry":{"type":"Point","coordinates":[36.729996,35.150347]}},{"type":"Feature","properties":{"name":"Tadmur","min_zoom":6.7,"labelrank":6,"pop_max":55111},"geometry":{"type":"Point","coordinates":[38.283337,34.550409]}},{"type":"Feature","properties":{"name":"Abu Kamal","min_zoom":6.7,"labelrank":6,"pop_max":80808},"geometry":{"type":"Point","coordinates":[40.918629,34.450415]}},{"type":"Feature","properties":{"name":"Dayr az Zawr","min_zoom":6.7,"labelrank":6,"pop_max":309141},"geometry":{"type":"Point","coordinates":[40.129995,35.330387]}},{"type":"Feature","properties":{"name":"Ad Nabk","min_zoom":6.7,"labelrank":6,"pop_max":50178},"geometry":{"type":"Point","coordinates":[36.733303,34.017031]}},{"type":"Feature","properties":{"name":"Luzern","min_zoom":6.7,"labelrank":7,"pop_max":250000},"geometry":{"type":"Point","coordinates":[8.280001,47.050421]}},{"type":"Feature","properties":{"name":"Lugano","min_zoom":6.1,"labelrank":7,"pop_max":105388},"geometry":{"type":"Point","coordinates":[8.966677,46.000382]}},{"type":"Feature","properties":{"name":"Bollnäs","min_zoom":6.1,"labelrank":7,"pop_max":13398},"geometry":{"type":"Point","coordinates":[16.366587,61.352003]}},{"type":"Feature","properties":{"name":"Gävle","min_zoom":6.1,"labelrank":7,"pop_max":68635},"geometry":{"type":"Point","coordinates":[17.166642,60.66698]}},{"type":"Feature","properties":{"name":"Kalmar","min_zoom":6.1,"labelrank":7,"pop_max":35024},"geometry":{"type":"Point","coordinates":[16.366587,56.667018]}},{"type":"Feature","properties":{"name":"Växjö","min_zoom":6.1,"labelrank":7,"pop_max":59600},"geometry":{"type":"Point","coordinates":[14.816708,56.883697]}},{"type":"Feature","properties":{"name":"Örebro","min_zoom":6.1,"labelrank":7,"pop_max":98573},"geometry":{"type":"Point","coordinates":[15.219991,59.280347]}},{"type":"Feature","properties":{"name":"Norrköping","min_zoom":6.7,"labelrank":7,"pop_max":88639},"geometry":{"type":"Point","coordinates":[16.178692,58.595427]}},{"type":"Feature","properties":{"name":"Halmstad","min_zoom":5.1,"labelrank":7,"pop_max":55657},"geometry":{"type":"Point","coordinates":[12.855587,56.671772]}},{"type":"Feature","properties":{"name":"Karlstad","min_zoom":6.1,"labelrank":7,"pop_max":74141},"geometry":{"type":"Point","coordinates":[13.499941,59.367137]}},{"type":"Feature","properties":{"name":"Skellefteå","min_zoom":6.1,"labelrank":7,"pop_max":31311},"geometry":{"type":"Point","coordinates":[20.950028,64.772079]}},{"type":"Feature","properties":{"name":"Visby","min_zoom":6.1,"labelrank":7,"pop_max":22593},"geometry":{"type":"Point","coordinates":[18.300009,57.633651]}},{"type":"Feature","properties":{"name":"Dzhankoy","min_zoom":6.1,"labelrank":5,"pop_max":43879},"geometry":{"type":"Point","coordinates":[34.400008,45.71704]}},{"type":"Feature","properties":{"name":"Yevpatoriya","min_zoom":6.7,"labelrank":5,"pop_max":105223},"geometry":{"type":"Point","coordinates":[33.363069,45.196891]}},{"type":"Feature","properties":{"name":"Kerch","min_zoom":6.7,"labelrank":5,"pop_max":152195},"geometry":{"type":"Point","coordinates":[36.488098,45.368508]}},{"type":"Feature","properties":{"name":"Simferopol","min_zoom":6.1,"labelrank":5,"pop_max":358108},"geometry":{"type":"Point","coordinates":[34.098735,44.949154]}},{"type":"Feature","properties":{"name":"Kherson","min_zoom":6.1,"labelrank":5,"pop_max":320477},"geometry":{"type":"Point","coordinates":[32.600665,46.632537]}},{"type":"Feature","properties":{"name":"Voznesensk","min_zoom":6.1,"labelrank":5,"pop_max":43996},"geometry":{"type":"Point","coordinates":[31.333322,47.550365]}},{"type":"Feature","properties":{"name":"Nizhyn","min_zoom":6.7,"labelrank":5,"pop_max":116288},"geometry":{"type":"Point","coordinates":[31.890291,51.054079]}},{"type":"Feature","properties":{"name":"Rivne","min_zoom":6.7,"labelrank":5,"pop_max":255106},"geometry":{"type":"Point","coordinates":[26.252806,50.616586]}},{"type":"Feature","properties":{"name":"Chernivtsi","min_zoom":6.1,"labelrank":5,"pop_max":298251},"geometry":{"type":"Point","coordinates":[25.92156,48.305306]}},{"type":"Feature","properties":{"name":"Ivano-Frankivsk","min_zoom":6.7,"labelrank":5,"pop_max":241239},"geometry":{"type":"Point","coordinates":[24.709385,48.934751]}},{"type":"Feature","properties":{"name":"Ternopil","min_zoom":6.7,"labelrank":5,"pop_max":244768},"geometry":{"type":"Point","coordinates":[25.582149,49.53598]}},{"type":"Feature","properties":{"name":"Lutsk","min_zoom":6.1,"labelrank":5,"pop_max":213661},"geometry":{"type":"Point","coordinates":[25.333378,50.747198]}},{"type":"Feature","properties":{"name":"Kovel","min_zoom":6.7,"labelrank":5,"pop_max":71301},"geometry":{"type":"Point","coordinates":[24.71662,51.217066]}},{"type":"Feature","properties":{"name":"Cherkasy","min_zoom":6.7,"labelrank":5,"pop_max":297568},"geometry":{"type":"Point","coordinates":[32.0709,49.43472]}},{"type":"Feature","properties":{"name":"Kirovohrad","min_zoom":6.7,"labelrank":5,"pop_max":249454},"geometry":{"type":"Point","coordinates":[32.260294,48.504054]}},{"type":"Feature","properties":{"name":"Izmayil","min_zoom":6.7,"labelrank":5,"pop_max":83194},"geometry":{"type":"Point","coordinates":[28.837351,45.350344]}},{"type":"Feature","properties":{"name":"Vinnytsya","min_zoom":6.1,"labelrank":5,"pop_max":352115},"geometry":{"type":"Point","coordinates":[28.481558,49.225379]}},{"type":"Feature","properties":{"name":"Korosten","min_zoom":6.7,"labelrank":5,"pop_max":72984},"geometry":{"type":"Point","coordinates":[28.650024,50.950416]}},{"type":"Feature","properties":{"name":"Shostka","min_zoom":6.7,"labelrank":5,"pop_max":96825},"geometry":{"type":"Point","coordinates":[33.479651,51.873409]}},{"type":"Feature","properties":{"name":"Nikopol","min_zoom":6.1,"labelrank":5,"pop_max":130500},"geometry":{"type":"Point","coordinates":[34.40621,47.566591]}},{"type":"Feature","properties":{"name":"Kupyansk","min_zoom":6.1,"labelrank":5,"pop_max":78870},"geometry":{"type":"Point","coordinates":[37.598056,49.721783]}},{"type":"Feature","properties":{"name":"Lysychansk","min_zoom":6.1,"labelrank":5,"pop_max":124421},"geometry":{"type":"Point","coordinates":[38.42736,48.920411]}},{"type":"Feature","properties":{"name":"Luhansk","min_zoom":6.1,"labelrank":5,"pop_max":452000},"geometry":{"type":"Point","coordinates":[39.334384,48.56976]}},{"type":"Feature","properties":{"name":"Poltava","min_zoom":6.1,"labelrank":5,"pop_max":317847},"geometry":{"type":"Point","coordinates":[34.570282,49.57404]}},{"type":"Feature","properties":{"name":"Kremenchuk","min_zoom":6.1,"labelrank":5,"pop_max":232742},"geometry":{"type":"Point","coordinates":[33.429628,49.083527]}},{"type":"Feature","properties":{"name":"Melitopol","min_zoom":6.1,"labelrank":5,"pop_max":158000},"geometry":{"type":"Point","coordinates":[35.377468,46.837825]}},{"type":"Feature","properties":{"name":"Lorca","min_zoom":6.7,"labelrank":3,"pop_max":86119},"geometry":{"type":"Point","coordinates":[-1.698512,37.688564]}},{"type":"Feature","properties":{"name":"Cartagena","min_zoom":6.1,"labelrank":3,"pop_max":201274},"geometry":{"type":"Point","coordinates":[-0.980028,37.60043]}},{"type":"Feature","properties":{"name":"Oviedo","min_zoom":6.7,"labelrank":3,"pop_max":235651},"geometry":{"type":"Point","coordinates":[-5.829991,43.350492]}},{"type":"Feature","properties":{"name":"Santiago de Compostela","min_zoom":6.7,"labelrank":3,"pop_max":92430},"geometry":{"type":"Point","coordinates":[-8.541091,42.882898]}},{"type":"Feature","properties":{"name":"Badajoz","min_zoom":6.7,"labelrank":3,"pop_max":140133},"geometry":{"type":"Point","coordinates":[-6.969973,38.880429]}},{"type":"Feature","properties":{"name":"Logroño","min_zoom":6.7,"labelrank":3,"pop_max":143698},"geometry":{"type":"Point","coordinates":[-2.429991,42.470365]}},{"type":"Feature","properties":{"name":"San Sebastián","min_zoom":6.1,"labelrank":3,"pop_max":357468},"geometry":{"type":"Point","coordinates":[-1.979993,43.320391]}},{"type":"Feature","properties":{"name":"Ayr","min_zoom":6.7,"labelrank":5,"pop_max":69042},"geometry":{"type":"Point","coordinates":[-4.61668,55.4504]}},{"type":"Feature","properties":{"name":"Aberdeen","min_zoom":6.1,"labelrank":5,"pop_max":189364},"geometry":{"type":"Point","coordinates":[-2.10505,57.145133]}},{"type":"Feature","properties":{"name":"Perth","min_zoom":6.1,"labelrank":5,"pop_max":39654},"geometry":{"type":"Point","coordinates":[-3.436375,56.392609]}},{"type":"Feature","properties":{"name":"Dundee","min_zoom":6.7,"labelrank":5,"pop_max":151592},"geometry":{"type":"Point","coordinates":[-3.000008,56.470389]}},{"type":"Feature","properties":{"name":"Middlesbrough","min_zoom":6.1,"labelrank":5,"pop_max":416042},"geometry":{"type":"Point","coordinates":[-1.230013,54.580375]}},{"type":"Feature","properties":{"name":"Coventry","min_zoom":6.7,"labelrank":5,"pop_max":388271},"geometry":{"type":"Point","coordinates":[-1.502675,52.400741]}},{"type":"Feature","properties":{"name":"Bath","min_zoom":6.1,"labelrank":5,"pop_max":93238},"geometry":{"type":"Point","coordinates":[-2.350022,51.383749]}},{"type":"Feature","properties":{"name":"Exeter","min_zoom":5.1,"labelrank":5,"pop_max":113118},"geometry":{"type":"Point","coordinates":[-3.52995,50.700405]}},{"type":"Feature","properties":{"name":"Cambridge","min_zoom":6.1,"labelrank":5,"pop_max":128488},"geometry":{"type":"Point","coordinates":[0.116623,52.200391]}},{"type":"Feature","properties":{"name":"Kingston upon Hull","min_zoom":6.1,"labelrank":5,"pop_max":302296},"geometry":{"type":"Point","coordinates":[-0.329991,53.750426]}},{"type":"Feature","properties":{"name":"Londonderry/Derry","min_zoom":6.1,"labelrank":5,"pop_max":83652},"geometry":{"type":"Point","coordinates":[-7.333284,55.000375]}},{"type":"Feature","properties":{"name":"Lisburn","min_zoom":6.7,"labelrank":5,"pop_max":12899},"geometry":{"type":"Point","coordinates":[-6.047723,54.51034]}},{"type":"Feature","properties":{"name":"Penzance","min_zoom":6.1,"labelrank":5,"pop_max":20812},"geometry":{"type":"Point","coordinates":[-5.550034,50.133722]}},{"type":"Feature","properties":{"name":"York","min_zoom":6.7,"labelrank":5,"pop_max":158947},"geometry":{"type":"Point","coordinates":[-1.072104,53.951168]}},{"type":"Feature","properties":{"name":"Blackpool","min_zoom":6.7,"labelrank":5,"pop_max":272792},"geometry":{"type":"Point","coordinates":[-3.050005,53.830395]}},{"type":"Feature","properties":{"name":"Dumfries","min_zoom":6.1,"labelrank":5,"pop_max":31044},"geometry":{"type":"Point","coordinates":[-3.550001,55.06709]}},{"type":"Feature","properties":{"name":"Scarborough","min_zoom":6.7,"labelrank":5,"pop_max":70571},"geometry":{"type":"Point","coordinates":[-0.429984,54.280394]}},{"type":"Feature","properties":{"name":"Plymouth","min_zoom":6.7,"labelrank":5,"pop_max":247297},"geometry":{"type":"Point","coordinates":[-4.159989,50.385386]}},{"type":"Feature","properties":{"name":"Söke","min_zoom":6.7,"labelrank":5,"pop_max":77341},"geometry":{"type":"Point","coordinates":[27.410254,37.751221]}},{"type":"Feature","properties":{"name":"Balıkesir","min_zoom":6.7,"labelrank":5,"pop_max":261516},"geometry":{"type":"Point","coordinates":[27.890018,39.650382]}},{"type":"Feature","properties":{"name":"Çanakkale","min_zoom":6.1,"labelrank":5,"pop_max":87791},"geometry":{"type":"Point","coordinates":[26.406388,40.145933]}},{"type":"Feature","properties":{"name":"Edirne","min_zoom":6.1,"labelrank":5,"pop_max":126470},"geometry":{"type":"Point","coordinates":[26.569996,41.67044]}},{"type":"Feature","properties":{"name":"Tekirdağ","min_zoom":6.7,"labelrank":5,"pop_max":122287},"geometry":{"type":"Point","coordinates":[27.50999,40.990869]}},{"type":"Feature","properties":{"name":"İzmit","min_zoom":6.1,"labelrank":5,"pop_max":466504},"geometry":{"type":"Point","coordinates":[29.930617,40.776024]}},{"type":"Feature","properties":{"name":"Bolu","min_zoom":6.1,"labelrank":5,"pop_max":96629},"geometry":{"type":"Point","coordinates":[31.606122,40.736259]}},{"type":"Feature","properties":{"name":"Afyon","min_zoom":6.1,"labelrank":5,"pop_max":156992},"geometry":{"type":"Point","coordinates":[30.550011,38.750385]}},{"type":"Feature","properties":{"name":"Denizli","min_zoom":6.1,"labelrank":5,"pop_max":372344},"geometry":{"type":"Point","coordinates":[29.080023,37.770393]}},{"type":"Feature","properties":{"name":"Manisa","min_zoom":6.1,"labelrank":5,"pop_max":243971},"geometry":{"type":"Point","coordinates":[27.439968,38.630393]}},{"type":"Feature","properties":{"name":"Adıyaman","min_zoom":6.1,"labelrank":5,"pop_max":223744},"geometry":{"type":"Point","coordinates":[38.279927,37.770393]}},{"type":"Feature","properties":{"name":"Malatya","min_zoom":6.1,"labelrank":5,"pop_max":461574},"geometry":{"type":"Point","coordinates":[38.300029,38.370434]}},{"type":"Feature","properties":{"name":"Tarsus","min_zoom":6.7,"labelrank":5,"pop_max":894318},"geometry":{"type":"Point","coordinates":[34.879979,36.920394]}},{"type":"Feature","properties":{"name":"Samandagi","min_zoom":6.7,"labelrank":5,"pop_max":93638},"geometry":{"type":"Point","coordinates":[35.9333,36.117058]}},{"type":"Feature","properties":{"name":"İskenderun","min_zoom":6.7,"labelrank":5,"pop_max":297943},"geometry":{"type":"Point","coordinates":[36.17003,36.580414]}},{"type":"Feature","properties":{"name":"Amasya","min_zoom":6.7,"labelrank":5,"pop_max":82896},"geometry":{"type":"Point","coordinates":[35.833048,40.65368]}},{"type":"Feature","properties":{"name":"Ordu","min_zoom":6.7,"labelrank":5,"pop_max":155117},"geometry":{"type":"Point","coordinates":[37.869926,41.000429]}},{"type":"Feature","properties":{"name":"Sivas","min_zoom":6.1,"labelrank":5,"pop_max":264022},"geometry":{"type":"Point","coordinates":[37.03499,39.745415]}},{"type":"Feature","properties":{"name":"Bafra","min_zoom":6.7,"labelrank":5,"pop_max":97452},"geometry":{"type":"Point","coordinates":[35.906893,41.568172]}},{"type":"Feature","properties":{"name":"Erzurum","min_zoom":6.1,"labelrank":5,"pop_max":420691},"geometry":{"type":"Point","coordinates":[41.290027,39.920392]}},{"type":"Feature","properties":{"name":"Erzincan","min_zoom":6.1,"labelrank":5,"pop_max":129407},"geometry":{"type":"Point","coordinates":[39.492773,39.75265]}},{"type":"Feature","properties":{"name":"Ağrı","min_zoom":6.7,"labelrank":5,"pop_max":87854},"geometry":{"type":"Point","coordinates":[43.051315,39.719835]}},{"type":"Feature","properties":{"name":"Diyarbakır","min_zoom":6.1,"labelrank":5,"pop_max":644763},"geometry":{"type":"Point","coordinates":[40.23004,37.920436]}},{"type":"Feature","properties":{"name":"Muş","min_zoom":6.7,"labelrank":5,"pop_max":82536},"geometry":{"type":"Point","coordinates":[41.49694,38.749016]}},{"type":"Feature","properties":{"name":"Ipswich","min_zoom":6.7,"labelrank":5,"pop_max":143767},"geometry":{"type":"Point","coordinates":[1.169995,52.070347]}},{"type":"Feature","properties":{"name":"Norwich","min_zoom":6.1,"labelrank":5,"pop_max":190756},"geometry":{"type":"Point","coordinates":[1.300013,52.630365]}},{"type":"Feature","properties":{"name":"Brighton","min_zoom":6.1,"labelrank":5,"pop_max":503008},"geometry":{"type":"Point","coordinates":[-0.169974,50.830346]}},{"type":"Feature","properties":{"name":"Kirkwall","min_zoom":6.7,"labelrank":5,"pop_max":8500},"geometry":{"type":"Point","coordinates":[-2.950011,58.966981]}},{"type":"Feature","properties":{"name":"Inverness","min_zoom":6.1,"labelrank":5,"pop_max":45158},"geometry":{"type":"Point","coordinates":[-4.233266,57.467124]}},{"type":"Feature","properties":{"name":"Oxford","min_zoom":6.1,"labelrank":5,"pop_max":192796},"geometry":{"type":"Point","coordinates":[-1.248076,51.751828]}},{"type":"Feature","properties":{"name":"Luton","min_zoom":6.7,"labelrank":5,"pop_max":235958},"geometry":{"type":"Point","coordinates":[-0.420011,51.880359]}},{"type":"Feature","properties":{"name":"Portsmouth","min_zoom":6.1,"labelrank":5,"pop_max":442252},"geometry":{"type":"Point","coordinates":[-1.080022,50.800348]}},{"type":"Feature","properties":{"name":"Peterborough","min_zoom":6.7,"labelrank":5,"pop_max":140141},"geometry":{"type":"Point","coordinates":[-0.248404,52.567187]}},{"type":"Feature","properties":{"name":"Nottingham","min_zoom":5.1,"labelrank":5,"pop_max":825600},"geometry":{"type":"Point","coordinates":[-1.165706,52.941084]}},{"type":"Feature","properties":{"name":"Stoke","min_zoom":6.1,"labelrank":5,"pop_max":390801},"geometry":{"type":"Point","coordinates":[-2.180007,53.000368]}},{"type":"Feature","properties":{"name":"Zonguldak","min_zoom":6.1,"labelrank":5,"pop_max":156918},"geometry":{"type":"Point","coordinates":[31.780013,41.430377]}},{"type":"Feature","properties":{"name":"Ereğli","min_zoom":6.1,"labelrank":5,"pop_max":92117},"geometry":{"type":"Point","coordinates":[34.051658,37.506275]}},{"type":"Feature","properties":{"name":"Karaman","min_zoom":6.1,"labelrank":5,"pop_max":120399},"geometry":{"type":"Point","coordinates":[33.215016,37.18154]}},{"type":"Feature","properties":{"name":"Uşak","min_zoom":6.7,"labelrank":5,"pop_max":152862},"geometry":{"type":"Point","coordinates":[29.420002,38.680364]}},{"type":"Feature","properties":{"name":"Kilis","min_zoom":6.7,"labelrank":5,"pop_max":82301},"geometry":{"type":"Point","coordinates":[37.119997,36.720406]}},{"type":"Feature","properties":{"name":"Kırıkkale","min_zoom":6.1,"labelrank":5,"pop_max":211138},"geometry":{"type":"Point","coordinates":[33.529984,39.85037]}},{"type":"Feature","properties":{"name":"Kars","min_zoom":6.1,"labelrank":5,"pop_max":77486},"geometry":{"type":"Point","coordinates":[43.097462,40.608463]}},{"type":"Feature","properties":{"name":"Mardin","min_zoom":6.1,"labelrank":5,"pop_max":71373},"geometry":{"type":"Point","coordinates":[40.742722,37.311507]}},{"type":"Feature","properties":{"name":"Batman","min_zoom":6.7,"labelrank":5,"pop_max":302074},"geometry":{"type":"Point","coordinates":[41.140011,37.890412]}},{"type":"Feature","properties":{"name":"Van","min_zoom":6.1,"labelrank":5,"pop_max":371713},"geometry":{"type":"Point","coordinates":[43.399976,38.49544]}},{"type":"Feature","properties":{"name":"Pécs","min_zoom":6.1,"labelrank":6,"pop_max":186262},"geometry":{"type":"Point","coordinates":[18.220014,46.080429]}},{"type":"Feature","properties":{"name":"Győr","min_zoom":6.1,"labelrank":6,"pop_max":136081},"geometry":{"type":"Point","coordinates":[17.630024,47.700356]}},{"type":"Feature","properties":{"name":"Kaposvár","min_zoom":6.7,"labelrank":6,"pop_max":108528},"geometry":{"type":"Point","coordinates":[17.799988,46.367026]}},{"type":"Feature","properties":{"name":"Vác","min_zoom":6.7,"labelrank":6,"pop_max":35293},"geometry":{"type":"Point","coordinates":[19.13324,47.783658]}},{"type":"Feature","properties":{"name":"Miskolc","min_zoom":6.7,"labelrank":6,"pop_max":247757},"geometry":{"type":"Point","coordinates":[20.780013,48.100409]}},{"type":"Feature","properties":{"name":"Szeged","min_zoom":6.1,"labelrank":6,"pop_max":187765},"geometry":{"type":"Point","coordinates":[20.150026,46.250393]}},{"type":"Feature","properties":{"name":"Debrecen","min_zoom":6.1,"labelrank":6,"pop_max":231286},"geometry":{"type":"Point","coordinates":[21.630039,47.53047]}},{"type":"Feature","properties":{"name":"Szolnok","min_zoom":6.7,"labelrank":6,"pop_max":109261},"geometry":{"type":"Point","coordinates":[20.179378,47.186356]}},{"type":"Feature","properties":{"name":"Dover","min_zoom":6.1,"labelrank":5,"pop_max":36384},"geometry":{"type":"Point","coordinates":[1.300013,51.133712]}},{"type":"Feature","properties":{"name":"Lausanne","min_zoom":6.7,"labelrank":7,"pop_max":265702},"geometry":{"type":"Point","coordinates":[6.650023,46.530427]}},{"type":"Feature","properties":{"name":"Basel","min_zoom":6.7,"labelrank":7,"pop_max":830000},"geometry":{"type":"Point","coordinates":[7.590017,47.580389]}},{"type":"Feature","properties":{"name":"Trollhättan","min_zoom":6.1,"labelrank":7,"pop_max":44543},"geometry":{"type":"Point","coordinates":[12.299962,58.267101]}},{"type":"Feature","properties":{"name":"Borås","min_zoom":6.7,"labelrank":7,"pop_max":65008},"geometry":{"type":"Point","coordinates":[12.939247,57.717756]}},{"type":"Feature","properties":{"name":"Kristianstad","min_zoom":5.6,"labelrank":7,"pop_max":32188},"geometry":{"type":"Point","coordinates":[14.133287,56.033671]}},{"type":"Feature","properties":{"name":"Helsingborg","min_zoom":6.1,"labelrank":7,"pop_max":91304},"geometry":{"type":"Point","coordinates":[12.72327,56.041291]}},{"type":"Feature","properties":{"name":"Alicante","min_zoom":6.7,"labelrank":3,"pop_max":315863},"geometry":{"type":"Point","coordinates":[-0.483641,38.35122]}},{"type":"Feature","properties":{"name":"Castello","min_zoom":6.1,"labelrank":3,"pop_max":180610},"geometry":{"type":"Point","coordinates":[-0.050008,39.970414]}},{"type":"Feature","properties":{"name":"Craiova","min_zoom":6.1,"labelrank":6,"pop_max":304142},"geometry":{"type":"Point","coordinates":[23.825874,44.326272]}},{"type":"Feature","properties":{"name":"Călărași","min_zoom":6.7,"labelrank":6,"pop_max":73224},"geometry":{"type":"Point","coordinates":[27.325918,44.20628]}},{"type":"Feature","properties":{"name":"Maribor","min_zoom":6.7,"labelrank":8,"pop_max":114228},"geometry":{"type":"Point","coordinates":[15.650042,46.540478]}},{"type":"Feature","properties":{"name":"Reșița","min_zoom":6.7,"labelrank":6,"pop_max":83324},"geometry":{"type":"Point","coordinates":[21.886509,45.296962]}},{"type":"Feature","properties":{"name":"Timișoara","min_zoom":6.7,"labelrank":6,"pop_max":315053},"geometry":{"type":"Point","coordinates":[21.223448,45.758821]}},{"type":"Feature","properties":{"name":"Botoșani","min_zoom":6.7,"labelrank":6,"pop_max":114783},"geometry":{"type":"Point","coordinates":[26.659654,47.748415]}},{"type":"Feature","properties":{"name":"Baia Mare","min_zoom":6.7,"labelrank":6,"pop_max":136553},"geometry":{"type":"Point","coordinates":[23.579067,47.659454]}},{"type":"Feature","properties":{"name":"Tirgu Mures","min_zoom":6.1,"labelrank":6,"pop_max":149433},"geometry":{"type":"Point","coordinates":[24.557819,46.558203]}},{"type":"Feature","properties":{"name":"Pitești","min_zoom":6.1,"labelrank":6,"pop_max":171021},"geometry":{"type":"Point","coordinates":[24.875835,44.856318]}},{"type":"Feature","properties":{"name":"Brașov","min_zoom":6.1,"labelrank":6,"pop_max":311044},"geometry":{"type":"Point","coordinates":[25.60716,45.647535]}},{"type":"Feature","properties":{"name":"Ploiești","min_zoom":6.7,"labelrank":6,"pop_max":232542},"geometry":{"type":"Point","coordinates":[26.036488,44.946906]}},{"type":"Feature","properties":{"name":"Bacău","min_zoom":6.1,"labelrank":6,"pop_max":199668},"geometry":{"type":"Point","coordinates":[26.919638,46.578435]}},{"type":"Feature","properties":{"name":"Portimão","min_zoom":6.7,"labelrank":6,"pop_max":61226},"geometry":{"type":"Point","coordinates":[-8.533314,37.13374]}},{"type":"Feature","properties":{"name":"Faro","min_zoom":6.1,"labelrank":6,"pop_max":41355},"geometry":{"type":"Point","coordinates":[-7.933273,37.01708]}},{"type":"Feature","properties":{"name":"Coimbra","min_zoom":6.7,"labelrank":6,"pop_max":106582},"geometry":{"type":"Point","coordinates":[-8.41668,40.200374]}},{"type":"Feature","properties":{"name":"Pec","min_zoom":6.1,"labelrank":8,"pop_max":105163},"geometry":{"type":"Point","coordinates":[20.310739,42.660328]}},{"type":"Feature","properties":{"name":"Leeuwarden","min_zoom":7.7,"labelrank":8,"pop_max":125778},"geometry":{"type":"Point","coordinates":[5.783357,53.250379]}},{"type":"Feature","properties":{"name":"Groningen","min_zoom":6.1,"labelrank":8,"pop_max":216688},"geometry":{"type":"Point","coordinates":[6.580001,53.220407]}},{"type":"Feature","properties":{"name":"Harstad","min_zoom":6.1,"labelrank":7,"pop_max":19433},"geometry":{"type":"Point","coordinates":[16.51557,68.787906]}},{"type":"Feature","properties":{"name":"Utrecht","min_zoom":5.1,"labelrank":8,"pop_max":640000},"geometry":{"type":"Point","coordinates":[5.120039,52.100346]}},{"type":"Feature","properties":{"name":"Ålesund","min_zoom":6.7,"labelrank":7,"pop_max":47772},"geometry":{"type":"Point","coordinates":[6.26328,62.459799]}},{"type":"Feature","properties":{"name":"Sandnes","min_zoom":6.7,"labelrank":7,"pop_max":46911},"geometry":{"type":"Point","coordinates":[5.69003,58.845412]}},{"type":"Feature","properties":{"name":"Drammen","min_zoom":6.1,"labelrank":7,"pop_max":90722},"geometry":{"type":"Point","coordinates":[10.199232,59.738481]}},{"type":"Feature","properties":{"name":"Moss","min_zoom":6.7,"labelrank":7,"pop_max":36901},"geometry":{"type":"Point","coordinates":[10.669157,59.436978]}},{"type":"Feature","properties":{"name":"Steinkjer","min_zoom":6.1,"labelrank":7,"pop_max":11274},"geometry":{"type":"Point","coordinates":[11.500011,64.01706]}},{"type":"Feature","properties":{"name":"Ventspils","min_zoom":6.1,"labelrank":8,"pop_max":42884},"geometry":{"type":"Point","coordinates":[21.560585,57.389868]}},{"type":"Feature","properties":{"name":"Klaipėda","min_zoom":6.1,"labelrank":8,"pop_max":192307},"geometry":{"type":"Point","coordinates":[21.119941,55.720409]}},{"type":"Feature","properties":{"name":"Zvolen","min_zoom":6.7,"labelrank":7,"pop_max":44502},"geometry":{"type":"Point","coordinates":[19.13324,48.583739]}},{"type":"Feature","properties":{"name":"Žilina","min_zoom":6.7,"labelrank":7,"pop_max":87625},"geometry":{"type":"Point","coordinates":[18.749388,49.219824]}},{"type":"Feature","properties":{"name":"Košice","min_zoom":6.1,"labelrank":7,"pop_max":236563},"geometry":{"type":"Point","coordinates":[21.25001,48.730448]}},{"type":"Feature","properties":{"name":"Prešov","min_zoom":6.7,"labelrank":7,"pop_max":94718},"geometry":{"type":"Point","coordinates":[21.239365,48.999734]}},{"type":"Feature","properties":{"name":"Kaunas","min_zoom":6.1,"labelrank":8,"pop_max":374643},"geometry":{"type":"Point","coordinates":[23.880031,54.950404]}},{"type":"Feature","properties":{"name":"Jelgava","min_zoom":6.7,"labelrank":8,"pop_max":67207},"geometry":{"type":"Point","coordinates":[23.712806,56.652704]}},{"type":"Feature","properties":{"name":"Haarlem","min_zoom":7,"labelrank":8,"pop_max":349957},"geometry":{"type":"Point","coordinates":[4.629991,52.380432]}},{"type":"Feature","properties":{"name":"Ksar El Kebir","min_zoom":6.7,"labelrank":5,"pop_max":306600},"geometry":{"type":"Point","coordinates":[-5.909986,35.020381]}},{"type":"Feature","properties":{"name":"Larache","min_zoom":6.1,"labelrank":5,"pop_max":120082},"geometry":{"type":"Point","coordinates":[-6.160022,35.200421]}},{"type":"Feature","properties":{"name":"Taza","min_zoom":6.7,"labelrank":5,"pop_max":199633},"geometry":{"type":"Point","coordinates":[-4.019972,34.220378]}},{"type":"Feature","properties":{"name":"Ouezzane","min_zoom":6.7,"labelrank":5,"pop_max":69658},"geometry":{"type":"Point","coordinates":[-5.570007,34.810342]}},{"type":"Feature","properties":{"name":"Kenitra","min_zoom":6.7,"labelrank":5,"pop_max":551786},"geometry":{"type":"Point","coordinates":[-6.579997,34.2704]}},{"type":"Feature","properties":{"name":"Bălți","min_zoom":6.7,"labelrank":8,"pop_max":151355},"geometry":{"type":"Point","coordinates":[27.905314,47.759086]}},{"type":"Feature","properties":{"name":"Cahul","min_zoom":6.7,"labelrank":8,"pop_max":63407},"geometry":{"type":"Point","coordinates":[28.194444,45.907881]}},{"type":"Feature","properties":{"name":"Tiraspol","min_zoom":6.1,"labelrank":8,"pop_max":157000},"geometry":{"type":"Point","coordinates":[29.639989,46.853095]}},{"type":"Feature","properties":{"name":"Cherkessk","min_zoom":6.7,"labelrank":2,"pop_max":116224},"geometry":{"type":"Point","coordinates":[42.060006,44.290409]}},{"type":"Feature","properties":{"name":"Vladikavkaz","min_zoom":6.7,"labelrank":2,"pop_max":364630},"geometry":{"type":"Point","coordinates":[44.669976,43.050381]}},{"type":"Feature","properties":{"name":"Blagodarnyy","min_zoom":6.7,"labelrank":2,"pop_max":35995},"geometry":{"type":"Point","coordinates":[43.434393,45.104726]}},{"type":"Feature","properties":{"name":"Zelenokumsk","min_zoom":6.7,"labelrank":2,"pop_max":41306},"geometry":{"type":"Point","coordinates":[43.878706,44.40911]}},{"type":"Feature","properties":{"name":"Sovetsk","min_zoom":6.1,"labelrank":2,"pop_max":43309},"geometry":{"type":"Point","coordinates":[21.881961,55.071766]}},{"type":"Feature","properties":{"name":"Nikel","min_zoom":6.1,"labelrank":2,"pop_max":15866},"geometry":{"type":"Point","coordinates":[30.218817,69.412571]}},{"type":"Feature","properties":{"name":"Monchegorsk","min_zoom":6.1,"labelrank":2,"pop_max":49868},"geometry":{"type":"Point","coordinates":[32.828735,67.929121]}},{"type":"Feature","properties":{"name":"Kirovsk","min_zoom":6.1,"labelrank":2,"pop_max":29605},"geometry":{"type":"Point","coordinates":[33.668735,67.609089]}},{"type":"Feature","properties":{"name":"Borovichi","min_zoom":6.7,"labelrank":2,"pop_max":57887},"geometry":{"type":"Point","coordinates":[33.897404,58.397817]}},{"type":"Feature","properties":{"name":"Staraya Russa","min_zoom":6.1,"labelrank":2,"pop_max":34303},"geometry":{"type":"Point","coordinates":[31.354355,57.994766]}},{"type":"Feature","properties":{"name":"Volkhov","min_zoom":6.1,"labelrank":2,"pop_max":45673},"geometry":{"type":"Point","coordinates":[32.338739,59.929093]}},{"type":"Feature","properties":{"name":"Tikhvin","min_zoom":6.7,"labelrank":2,"pop_max":62075},"geometry":{"type":"Point","coordinates":[33.514378,59.644846]}},{"type":"Feature","properties":{"name":"Svetogorsk","min_zoom":6.1,"labelrank":2,"pop_max":30115},"geometry":{"type":"Point","coordinates":[28.917656,61.101321]}},{"type":"Feature","properties":{"name":"Gatchina","min_zoom":6.1,"labelrank":2,"pop_max":90486},"geometry":{"type":"Point","coordinates":[30.133344,59.570665]}},{"type":"Feature","properties":{"name":"Luga","min_zoom":6.1,"labelrank":2,"pop_max":40114},"geometry":{"type":"Point","coordinates":[29.838995,58.736349]}},{"type":"Feature","properties":{"name":"Klintsy","min_zoom":6.7,"labelrank":2,"pop_max":66336},"geometry":{"type":"Point","coordinates":[32.244843,52.76524]}},{"type":"Feature","properties":{"name":"Roslavl","min_zoom":6.1,"labelrank":2,"pop_max":56971},"geometry":{"type":"Point","coordinates":[32.860413,53.950905]}},{"type":"Feature","properties":{"name":"Safonovo","min_zoom":6.7,"labelrank":2,"pop_max":46637},"geometry":{"type":"Point","coordinates":[33.216101,55.14649]}},{"type":"Feature","properties":{"name":"Vyazma","min_zoom":6.1,"labelrank":2,"pop_max":55500},"geometry":{"type":"Point","coordinates":[34.291798,55.212197]}},{"type":"Feature","properties":{"name":"Segezha","min_zoom":6.1,"labelrank":2,"pop_max":33354},"geometry":{"type":"Point","coordinates":[34.324303,63.754776]}},{"type":"Feature","properties":{"name":"Vichuga","min_zoom":6.7,"labelrank":2,"pop_max":39071},"geometry":{"type":"Point","coordinates":[41.928748,57.219129]}},{"type":"Feature","properties":{"name":"Buy","min_zoom":6.7,"labelrank":2,"pop_max":26486},"geometry":{"type":"Point","coordinates":[41.52438,58.484685]}},{"type":"Feature","properties":{"name":"Dzerzhinsk","min_zoom":6.7,"labelrank":2,"pop_max":256537},"geometry":{"type":"Point","coordinates":[43.460024,56.250377]}},{"type":"Feature","properties":{"name":"Vyska","min_zoom":6.7,"labelrank":2,"pop_max":61664},"geometry":{"type":"Point","coordinates":[42.164392,55.324723]}},{"type":"Feature","properties":{"name":"Kimry","min_zoom":6.1,"labelrank":2,"pop_max":52070},"geometry":{"type":"Point","coordinates":[37.344377,56.869124]}},{"type":"Feature","properties":{"name":"Bezhetsk","min_zoom":6.1,"labelrank":2,"pop_max":34736},"geometry":{"type":"Point","coordinates":[36.689998,57.764729]}},{"type":"Feature","properties":{"name":"Nelidovo","min_zoom":6.1,"labelrank":2,"pop_max":25349},"geometry":{"type":"Point","coordinates":[32.773079,56.223505]}},{"type":"Feature","properties":{"name":"Bologoye","min_zoom":6.7,"labelrank":2,"pop_max":25142},"geometry":{"type":"Point","coordinates":[34.051761,57.872164]}},{"type":"Feature","properties":{"name":"Torzhok","min_zoom":6.7,"labelrank":2,"pop_max":48546},"geometry":{"type":"Point","coordinates":[34.978733,57.029063]}},{"type":"Feature","properties":{"name":"Sokol","min_zoom":6.7,"labelrank":2,"pop_max":42174},"geometry":{"type":"Point","coordinates":[40.114388,59.46478]}},{"type":"Feature","properties":{"name":"Cherepovets","min_zoom":6.1,"labelrank":2,"pop_max":311850},"geometry":{"type":"Point","coordinates":[37.909975,59.140433]}},{"type":"Feature","properties":{"name":"Rybinsk","min_zoom":6.7,"labelrank":2,"pop_max":216724},"geometry":{"type":"Point","coordinates":[38.819997,58.050344]}},{"type":"Feature","properties":{"name":"Rostov","min_zoom":6.1,"labelrank":2,"pop_max":33803},"geometry":{"type":"Point","coordinates":[39.404303,57.189157]}},{"type":"Feature","properties":{"name":"Kaluga","min_zoom":6.1,"labelrank":2,"pop_max":338978},"geometry":{"type":"Point","coordinates":[36.270024,54.520379]}},{"type":"Feature","properties":{"name":"Kirov","min_zoom":6.7,"labelrank":2,"pop_max":39319},"geometry":{"type":"Point","coordinates":[34.30482,54.085186]}},{"type":"Feature","properties":{"name":"Obninsk","min_zoom":6.7,"labelrank":2,"pop_max":107392},"geometry":{"type":"Point","coordinates":[36.620028,55.080448]}},{"type":"Feature","properties":{"name":"Lgov","min_zoom":6.7,"labelrank":2,"pop_max":23500},"geometry":{"type":"Point","coordinates":[35.274374,51.694763]}},{"type":"Feature","properties":{"name":"Zheleznogorsk","min_zoom":6.1,"labelrank":2,"pop_max":97900},"geometry":{"type":"Point","coordinates":[35.404392,52.354775]}},{"type":"Feature","properties":{"name":"Gryazi","min_zoom":6.7,"labelrank":2,"pop_max":47413},"geometry":{"type":"Point","coordinates":[39.934348,52.494766]}},{"type":"Feature","properties":{"name":"Yegoryevsk","min_zoom":6.7,"labelrank":2,"pop_max":89795},"geometry":{"type":"Point","coordinates":[39.02939,55.384796]}},{"type":"Feature","properties":{"name":"Podolsk","min_zoom":6.7,"labelrank":2,"pop_max":320635},"geometry":{"type":"Point","coordinates":[37.529947,55.38043]}},{"type":"Feature","properties":{"name":"Solnechnogorsk","min_zoom":6.7,"labelrank":2,"pop_max":58891},"geometry":{"type":"Point","coordinates":[36.980885,56.180691]}},{"type":"Feature","properties":{"name":"Noginsk","min_zoom":6.7,"labelrank":2,"pop_max":229731},"geometry":{"type":"Point","coordinates":[38.480018,55.870426]}},{"type":"Feature","properties":{"name":"Serpukhov","min_zoom":6.7,"labelrank":2,"pop_max":135584},"geometry":{"type":"Point","coordinates":[37.430004,54.93038]}},{"type":"Feature","properties":{"name":"Livny","min_zoom":6.7,"labelrank":2,"pop_max":52915},"geometry":{"type":"Point","coordinates":[37.604361,52.424796]}},{"type":"Feature","properties":{"name":"Mtsensk","min_zoom":6.7,"labelrank":2,"pop_max":47609},"geometry":{"type":"Point","coordinates":[36.547164,53.264745]}},{"type":"Feature","properties":{"name":"Salsk","min_zoom":6.7,"labelrank":2,"pop_max":61000},"geometry":{"type":"Point","coordinates":[41.542001,46.477511]}},{"type":"Feature","properties":{"name":"Belaya Kalitva","min_zoom":6.1,"labelrank":2,"pop_max":48098},"geometry":{"type":"Point","coordinates":[40.78613,48.186502]}},{"type":"Feature","properties":{"name":"Shakhty","min_zoom":6.1,"labelrank":2,"pop_max":221312},"geometry":{"type":"Point","coordinates":[40.270038,47.72038]}},{"type":"Feature","properties":{"name":"Millerovo","min_zoom":6.7,"labelrank":2,"pop_max":38527},"geometry":{"type":"Point","coordinates":[40.39742,48.937851]}},{"type":"Feature","properties":{"name":"Yefremov","min_zoom":6.1,"labelrank":2,"pop_max":45497},"geometry":{"type":"Point","coordinates":[38.121538,53.149119]}},{"type":"Feature","properties":{"name":"Bogoroditsk","min_zoom":6.7,"labelrank":2,"pop_max":39553},"geometry":{"type":"Point","coordinates":[38.114355,53.774688]}},{"type":"Feature","properties":{"name":"Frolovo","min_zoom":6.7,"labelrank":2,"pop_max":40882},"geometry":{"type":"Point","coordinates":[43.651795,49.772193]}},{"type":"Feature","properties":{"name":"Volzhskiy","min_zoom":6.7,"labelrank":2,"pop_max":323293},"geometry":{"type":"Point","coordinates":[44.774362,48.794811]}},{"type":"Feature","properties":{"name":"Mikhaylovka","min_zoom":6.1,"labelrank":2,"pop_max":58898},"geometry":{"type":"Point","coordinates":[43.217455,50.06786]}},{"type":"Feature","properties":{"name":"Uryupinsk","min_zoom":6.7,"labelrank":2,"pop_max":41644},"geometry":{"type":"Point","coordinates":[42.003059,50.77345]}},{"type":"Feature","properties":{"name":"Starsy Oskol","min_zoom":5.1,"labelrank":2,"pop_max":226977},"geometry":{"type":"Point","coordinates":[37.839954,51.30042]}},{"type":"Feature","properties":{"name":"Alekseyevka","min_zoom":6.7,"labelrank":2,"pop_max":39848},"geometry":{"type":"Point","coordinates":[38.69308,50.653483]}},{"type":"Feature","properties":{"name":"Valuyki","min_zoom":6.7,"labelrank":2,"pop_max":35887},"geometry":{"type":"Point","coordinates":[38.098698,50.209092]}},{"type":"Feature","properties":{"name":"Tuapse","min_zoom":6.7,"labelrank":2,"pop_max":99145},"geometry":{"type":"Point","coordinates":[39.064375,44.114761]}},{"type":"Feature","properties":{"name":"Gelendzhik","min_zoom":6.7,"labelrank":2,"pop_max":55508},"geometry":{"type":"Point","coordinates":[38.064384,44.574759]}},{"type":"Feature","properties":{"name":"Labinsk","min_zoom":6.1,"labelrank":2,"pop_max":61945},"geometry":{"type":"Point","coordinates":[40.744272,44.634781]}},{"type":"Feature","properties":{"name":"Armavir","min_zoom":6.1,"labelrank":2,"pop_max":199548},"geometry":{"type":"Point","coordinates":[41.130037,45.000391]}},{"type":"Feature","properties":{"name":"Timashevsk","min_zoom":6.7,"labelrank":2,"pop_max":44024},"geometry":{"type":"Point","coordinates":[38.944382,45.624746]}},{"type":"Feature","properties":{"name":"Tikhoretsk","min_zoom":6.1,"labelrank":2,"pop_max":64387},"geometry":{"type":"Point","coordinates":[40.137746,45.853104]}},{"type":"Feature","properties":{"name":"Yeysk","min_zoom":6.7,"labelrank":2,"pop_max":87814},"geometry":{"type":"Point","coordinates":[38.26339,46.698789]}},{"type":"Feature","properties":{"name":"Kamenka","min_zoom":6.7,"labelrank":2,"pop_max":16560},"geometry":{"type":"Point","coordinates":[44.044381,53.194723]}},{"type":"Feature","properties":{"name":"Serdobsk","min_zoom":6.7,"labelrank":2,"pop_max":36652},"geometry":{"type":"Point","coordinates":[44.221786,52.462184]}},{"type":"Feature","properties":{"name":"Kasimov","min_zoom":6.1,"labelrank":2,"pop_max":36663},"geometry":{"type":"Point","coordinates":[41.39307,54.943454]}},{"type":"Feature","properties":{"name":"Sasovo","min_zoom":6.1,"labelrank":2,"pop_max":31325},"geometry":{"type":"Point","coordinates":[41.908698,54.349149]}},{"type":"Feature","properties":{"name":"Kotovsk","min_zoom":6.1,"labelrank":2,"pop_max":33077},"geometry":{"type":"Point","coordinates":[41.504381,52.594734]}},{"type":"Feature","properties":{"name":"Morshansk","min_zoom":6.1,"labelrank":2,"pop_max":49350},"geometry":{"type":"Point","coordinates":[41.804363,53.454733]}},{"type":"Feature","properties":{"name":"Kovrov","min_zoom":6.7,"labelrank":2,"pop_max":154224},"geometry":{"type":"Point","coordinates":[41.330025,56.36037]}},{"type":"Feature","properties":{"name":"Murom","min_zoom":6.1,"labelrank":2,"pop_max":131287},"geometry":{"type":"Point","coordinates":[42.040007,55.570418]}},{"type":"Feature","properties":{"name":"Atkarsk","min_zoom":6.7,"labelrank":2,"pop_max":27554},"geometry":{"type":"Point","coordinates":[44.996106,51.876458]}},{"type":"Feature","properties":{"name":"Balashov","min_zoom":6.7,"labelrank":2,"pop_max":98107},"geometry":{"type":"Point","coordinates":[43.163091,51.553506]}},{"type":"Feature","properties":{"name":"Bitola","min_zoom":6.7,"labelrank":8,"pop_max":86528},"geometry":{"type":"Point","coordinates":[21.339514,41.039057]}},{"type":"Feature","properties":{"name":"Ełk","min_zoom":6.7,"labelrank":5,"pop_max":55769},"geometry":{"type":"Point","coordinates":[22.349995,53.833702]}},{"type":"Feature","properties":{"name":"Gdynia","min_zoom":6.7,"labelrank":5,"pop_max":314664},"geometry":{"type":"Point","coordinates":[18.530021,54.520379]}},{"type":"Feature","properties":{"name":"Wrocław","min_zoom":6.1,"labelrank":5,"pop_max":634893},"geometry":{"type":"Point","coordinates":[17.030009,51.110432]}},{"type":"Feature","properties":{"name":"Szczecin","min_zoom":6.1,"labelrank":5,"pop_max":407811},"geometry":{"type":"Point","coordinates":[14.530007,53.420394]}},{"type":"Feature","properties":{"name":"Zielona Góra","min_zoom":6.7,"labelrank":5,"pop_max":118433},"geometry":{"type":"Point","coordinates":[15.500025,51.950406]}},{"type":"Feature","properties":{"name":"Poznań","min_zoom":5.1,"labelrank":5,"pop_max":623997},"geometry":{"type":"Point","coordinates":[16.89994,52.405753]}},{"type":"Feature","properties":{"name":"Grudziądz","min_zoom":6.7,"labelrank":5,"pop_max":102443},"geometry":{"type":"Point","coordinates":[18.750008,53.480391]}},{"type":"Feature","properties":{"name":"Bydgoszcz","min_zoom":6.1,"labelrank":5,"pop_max":366452},"geometry":{"type":"Point","coordinates":[18.010001,53.120413]}},{"type":"Feature","properties":{"name":"Katowice","min_zoom":6.1,"labelrank":5,"pop_max":2746000},"geometry":{"type":"Point","coordinates":[19.020017,50.26038]}},{"type":"Feature","properties":{"name":"Gliwice","min_zoom":5.1,"labelrank":5,"pop_max":507670},"geometry":{"type":"Point","coordinates":[18.670013,50.330376]}},{"type":"Feature","properties":{"name":"Kielce","min_zoom":6.7,"labelrank":5,"pop_max":215733},"geometry":{"type":"Point","coordinates":[20.66002,50.890394]}},{"type":"Feature","properties":{"name":"Białystok","min_zoom":6.1,"labelrank":5,"pop_max":291855},"geometry":{"type":"Point","coordinates":[23.182319,53.131696]}},{"type":"Feature","properties":{"name":"Lublin","min_zoom":6.1,"labelrank":5,"pop_max":360044},"geometry":{"type":"Point","coordinates":[22.57272,51.250398]}},{"type":"Feature","properties":{"name":"Rzeszów","min_zoom":6.1,"labelrank":5,"pop_max":245686},"geometry":{"type":"Point","coordinates":[21.995992,50.028655]}},{"type":"Feature","properties":{"name":"Drogheda","min_zoom":6.7,"labelrank":8,"pop_max":36533},"geometry":{"type":"Point","coordinates":[-6.350462,53.708887]}},{"type":"Feature","properties":{"name":"Dundalk","min_zoom":6.1,"labelrank":8,"pop_max":38884},"geometry":{"type":"Point","coordinates":[-6.395592,53.999796]}},{"type":"Feature","properties":{"name":"Galway","min_zoom":6.1,"labelrank":8,"pop_max":75594},"geometry":{"type":"Point","coordinates":[-9.048812,53.272393]}},{"type":"Feature","properties":{"name":"Kilkenny","min_zoom":6.7,"labelrank":8,"pop_max":21589},"geometry":{"type":"Point","coordinates":[-7.252255,52.65455]}},{"type":"Feature","properties":{"name":"Killarney","min_zoom":6.7,"labelrank":8,"pop_max":11902},"geometry":{"type":"Point","coordinates":[-9.516665,52.0504]}},{"type":"Feature","properties":{"name":"Sligo","min_zoom":6.7,"labelrank":8,"pop_max":20228},"geometry":{"type":"Point","coordinates":[-8.483317,54.267061]}},{"type":"Feature","properties":{"name":"Parma","min_zoom":6.1,"labelrank":3,"pop_max":166011},"geometry":{"type":"Point","coordinates":[10.320031,44.810429]}},{"type":"Feature","properties":{"name":"Ravenna","min_zoom":6.7,"labelrank":3,"pop_max":134631},"geometry":{"type":"Point","coordinates":[12.220019,44.420375]}},{"type":"Feature","properties":{"name":"Ferrara","min_zoom":6.7,"labelrank":3,"pop_max":130992},"geometry":{"type":"Point","coordinates":[11.609927,44.850426]}},{"type":"Feature","properties":{"name":"Bologna","min_zoom":6.1,"labelrank":3,"pop_max":488172},"geometry":{"type":"Point","coordinates":[11.340021,44.500422]}},{"type":"Feature","properties":{"name":"Olbia","min_zoom":6.7,"labelrank":3,"pop_max":45366},"geometry":{"type":"Point","coordinates":[9.515072,40.914285]}},{"type":"Feature","properties":{"name":"Cagliari","min_zoom":6.1,"labelrank":3,"pop_max":291511},"geometry":{"type":"Point","coordinates":[9.103981,39.222398]}},{"type":"Feature","properties":{"name":"Pisa","min_zoom":6.1,"labelrank":3,"pop_max":203336},"geometry":{"type":"Point","coordinates":[10.400026,43.72047]}},{"type":"Feature","properties":{"name":"Livorno","min_zoom":6.7,"labelrank":3,"pop_max":156274},"geometry":{"type":"Point","coordinates":[10.302275,43.551134]}},{"type":"Feature","properties":{"name":"Siena","min_zoom":6.1,"labelrank":3,"pop_max":52625},"geometry":{"type":"Point","coordinates":[11.349994,43.317032]}},{"type":"Feature","properties":{"name":"Arezzo","min_zoom":6.7,"labelrank":3,"pop_max":91589},"geometry":{"type":"Point","coordinates":[11.874975,43.461726]}},{"type":"Feature","properties":{"name":"Catanzaro","min_zoom":6.7,"labelrank":3,"pop_max":95251},"geometry":{"type":"Point","coordinates":[16.60001,38.900376]}},{"type":"Feature","properties":{"name":"Salerno","min_zoom":6.7,"labelrank":3,"pop_max":954265},"geometry":{"type":"Point","coordinates":[14.769941,40.680397]}},{"type":"Feature","properties":{"name":"Benevento","min_zoom":6.7,"labelrank":3,"pop_max":61791},"geometry":{"type":"Point","coordinates":[14.749993,41.133702]}},{"type":"Feature","properties":{"name":"Bari","min_zoom":5.1,"labelrank":3,"pop_max":500577},"geometry":{"type":"Point","coordinates":[16.872758,41.11422]}},{"type":"Feature","properties":{"name":"Foggia","min_zoom":6.7,"labelrank":3,"pop_max":155203},"geometry":{"type":"Point","coordinates":[15.55997,41.460478]}},{"type":"Feature","properties":{"name":"Lecce","min_zoom":6.7,"labelrank":3,"pop_max":162582},"geometry":{"type":"Point","coordinates":[18.149993,40.36039]}},{"type":"Feature","properties":{"name":"Brindisi","min_zoom":6.1,"labelrank":3,"pop_max":104437},"geometry":{"type":"Point","coordinates":[17.930006,40.640347]}},{"type":"Feature","properties":{"name":"Taranto","min_zoom":6.1,"labelrank":3,"pop_max":202033},"geometry":{"type":"Point","coordinates":[17.229997,40.508392]}},{"type":"Feature","properties":{"name":"Messina","min_zoom":6.1,"labelrank":3,"pop_max":252026},"geometry":{"type":"Point","coordinates":[15.549996,38.200471]}},{"type":"Feature","properties":{"name":"Marsala","min_zoom":6.1,"labelrank":3,"pop_max":77784},"geometry":{"type":"Point","coordinates":[12.438662,37.805404]}},{"type":"Feature","properties":{"name":"Siracusa","min_zoom":6.1,"labelrank":3,"pop_max":123657},"geometry":{"type":"Point","coordinates":[15.28996,37.070359]}},{"type":"Feature","properties":{"name":"Pescara","min_zoom":6.1,"labelrank":3,"pop_max":314789},"geometry":{"type":"Point","coordinates":[14.218656,42.45543]}},{"type":"Feature","properties":{"name":"L'Aquila","min_zoom":6.7,"labelrank":3,"pop_max":68503},"geometry":{"type":"Point","coordinates":[13.390025,42.350398]}},{"type":"Feature","properties":{"name":"Civitavecchia","min_zoom":6.7,"labelrank":3,"pop_max":61316},"geometry":{"type":"Point","coordinates":[11.799993,42.100413]}},{"type":"Feature","properties":{"name":"Ancona","min_zoom":6.1,"labelrank":3,"pop_max":100507},"geometry":{"type":"Point","coordinates":[13.499941,43.600374]}},{"type":"Feature","properties":{"name":"Perugia","min_zoom":6.7,"labelrank":3,"pop_max":149125},"geometry":{"type":"Point","coordinates":[12.389983,43.110378]}},{"type":"Feature","properties":{"name":"Bergamo","min_zoom":6.7,"labelrank":3,"pop_max":200000},"geometry":{"type":"Point","coordinates":[9.669993,45.7004]}},{"type":"Feature","properties":{"name":"Trieste","min_zoom":6.7,"labelrank":3,"pop_max":216035},"geometry":{"type":"Point","coordinates":[13.800026,45.650378]}},{"type":"Feature","properties":{"name":"Bolzano","min_zoom":6.7,"labelrank":3,"pop_max":95895},"geometry":{"type":"Point","coordinates":[11.360019,46.500429]}},{"type":"Feature","properties":{"name":"Trento","min_zoom":6.1,"labelrank":3,"pop_max":107808},"geometry":{"type":"Point","coordinates":[11.119983,46.080429]}},{"type":"Feature","properties":{"name":"Verona","min_zoom":6.1,"labelrank":3,"pop_max":347459},"geometry":{"type":"Point","coordinates":[10.990016,45.44039]}},{"type":"Feature","properties":{"name":"Saint-Étienne","min_zoom":6.7,"labelrank":3,"pop_max":265684},"geometry":{"type":"Point","coordinates":[4.380032,45.430391]}},{"type":"Feature","properties":{"name":"Grenoble","min_zoom":6.1,"labelrank":3,"pop_max":388574},"geometry":{"type":"Point","coordinates":[5.720002,45.18038]}},{"type":"Feature","properties":{"name":"Dubrovnik","min_zoom":6.1,"labelrank":8,"pop_max":36994},"geometry":{"type":"Point","coordinates":[18.091392,42.660948]}},{"type":"Feature","properties":{"name":"Split","min_zoom":6.1,"labelrank":8,"pop_max":214741},"geometry":{"type":"Point","coordinates":[16.469992,43.520404]}},{"type":"Feature","properties":{"name":"Zadar","min_zoom":6.7,"labelrank":8,"pop_max":71258},"geometry":{"type":"Point","coordinates":[15.262262,44.120135]}},{"type":"Feature","properties":{"name":"Bonn","min_zoom":6.1,"labelrank":3,"pop_max":680543},"geometry":{"type":"Point","coordinates":[7.080022,50.720456]}},{"type":"Feature","properties":{"name":"Münster","min_zoom":6.1,"labelrank":3,"pop_max":270184},"geometry":{"type":"Point","coordinates":[7.620041,51.970405]}},{"type":"Feature","properties":{"name":"Düsseldorf","min_zoom":5.6,"labelrank":3,"pop_max":1220000},"geometry":{"type":"Point","coordinates":[6.779989,51.220374]}},{"type":"Feature","properties":{"name":"Ulm","min_zoom":6.7,"labelrank":3,"pop_max":172955},"geometry":{"type":"Point","coordinates":[9.999999,48.400391]}},{"type":"Feature","properties":{"name":"Mannheim","min_zoom":6.1,"labelrank":3,"pop_max":2362000},"geometry":{"type":"Point","coordinates":[8.470015,49.500375]}},{"type":"Feature","properties":{"name":"Freiburg","min_zoom":6.7,"labelrank":3,"pop_max":254889},"geometry":{"type":"Point","coordinates":[7.869948,48.000415]}},{"type":"Feature","properties":{"name":"Gießen","min_zoom":6.1,"labelrank":3,"pop_max":82358},"geometry":{"type":"Point","coordinates":[8.650004,50.58372]}},{"type":"Feature","properties":{"name":"Wiesbaden","min_zoom":6.7,"labelrank":3,"pop_max":617126},"geometry":{"type":"Point","coordinates":[8.250028,50.080391]}},{"type":"Feature","properties":{"name":"Bremerhaven","min_zoom":6.7,"labelrank":3,"pop_max":137751},"geometry":{"type":"Point","coordinates":[8.579982,53.550438]}},{"type":"Feature","properties":{"name":"Osnabrück","min_zoom":6.7,"labelrank":3,"pop_max":231268},"geometry":{"type":"Point","coordinates":[8.049989,52.280438]}},{"type":"Feature","properties":{"name":"Hanover","min_zoom":5.1,"labelrank":3,"pop_max":722490},"geometry":{"type":"Point","coordinates":[9.716657,52.36697]}},{"type":"Feature","properties":{"name":"Göttingen","min_zoom":6.1,"labelrank":3,"pop_max":139419},"geometry":{"type":"Point","coordinates":[9.920004,51.520433]}},{"type":"Feature","properties":{"name":"Gera","min_zoom":6.7,"labelrank":3,"pop_max":104659},"geometry":{"type":"Point","coordinates":[12.070002,50.870369]}},{"type":"Feature","properties":{"name":"Jena","min_zoom":6.7,"labelrank":3,"pop_max":104712},"geometry":{"type":"Point","coordinates":[11.580006,50.930443]}},{"type":"Feature","properties":{"name":"Flensburg","min_zoom":6.1,"labelrank":3,"pop_max":97930},"geometry":{"type":"Point","coordinates":[9.433315,54.783748]}},{"type":"Feature","properties":{"name":"Lübeck","min_zoom":6.1,"labelrank":3,"pop_max":235390},"geometry":{"type":"Point","coordinates":[10.669984,53.870393]}},{"type":"Feature","properties":{"name":"Kiel","min_zoom":6.7,"labelrank":3,"pop_max":269427},"geometry":{"type":"Point","coordinates":[10.130017,54.33039]}},{"type":"Feature","properties":{"name":"Koblenz","min_zoom":6.7,"labelrank":3,"pop_max":312633},"geometry":{"type":"Point","coordinates":[7.599991,50.350478]}},{"type":"Feature","properties":{"name":"Saarbrücken","min_zoom":6.1,"labelrank":3,"pop_max":770001},"geometry":{"type":"Point","coordinates":[6.970003,49.25039]}},{"type":"Feature","properties":{"name":"Pizen","min_zoom":6.1,"labelrank":7,"pop_max":164180},"geometry":{"type":"Point","coordinates":[13.360001,49.740438]}},{"type":"Feature","properties":{"name":"Regensburg","min_zoom":6.1,"labelrank":3,"pop_max":164359},"geometry":{"type":"Point","coordinates":[12.120025,49.020404]}},{"type":"Feature","properties":{"name":"Rosenheim","min_zoom":6.7,"labelrank":3,"pop_max":92809},"geometry":{"type":"Point","coordinates":[12.133306,47.850347]}},{"type":"Feature","properties":{"name":"Hof","min_zoom":6.1,"labelrank":3,"pop_max":56153},"geometry":{"type":"Point","coordinates":[11.916678,50.317044]}},{"type":"Feature","properties":{"name":"Würzburg","min_zoom":6.1,"labelrank":3,"pop_max":168561},"geometry":{"type":"Point","coordinates":[9.950028,49.800434]}},{"type":"Feature","properties":{"name":"Ingolstadt","min_zoom":6.7,"labelrank":3,"pop_max":163325},"geometry":{"type":"Point","coordinates":[11.449988,48.77042]}},{"type":"Feature","properties":{"name":"Pula","min_zoom":6.7,"labelrank":8,"pop_max":61599},"geometry":{"type":"Point","coordinates":[13.848085,44.86872]}},{"type":"Feature","properties":{"name":"Jihlava","min_zoom":6.7,"labelrank":7,"pop_max":53921},"geometry":{"type":"Point","coordinates":[15.583328,49.400381]}},{"type":"Feature","properties":{"name":"Zlín","min_zoom":6.7,"labelrank":7,"pop_max":124610},"geometry":{"type":"Point","coordinates":[17.650023,49.230418]}},{"type":"Feature","properties":{"name":"Brno","min_zoom":6.1,"labelrank":7,"pop_max":388277},"geometry":{"type":"Point","coordinates":[16.609983,49.200393]}},{"type":"Feature","properties":{"name":"Pardubice","min_zoom":6.7,"labelrank":7,"pop_max":107064},"geometry":{"type":"Point","coordinates":[15.760009,50.04042]}},{"type":"Feature","properties":{"name":"Cottbus","min_zoom":6.7,"labelrank":3,"pop_max":105067},"geometry":{"type":"Point","coordinates":[14.329967,51.770418]}},{"type":"Feature","properties":{"name":"Potsdam","min_zoom":6.7,"labelrank":3,"pop_max":218095},"geometry":{"type":"Point","coordinates":[13.069993,52.400405]}},{"type":"Feature","properties":{"name":"Magdeburg","min_zoom":6.1,"labelrank":3,"pop_max":229826},"geometry":{"type":"Point","coordinates":[11.620004,52.130421]}},{"type":"Feature","properties":{"name":"Leipzig","min_zoom":6.1,"labelrank":3,"pop_max":542529},"geometry":{"type":"Point","coordinates":[12.409981,51.335405]}},{"type":"Feature","properties":{"name":"Osijek","min_zoom":6.7,"labelrank":8,"pop_max":95077},"geometry":{"type":"Point","coordinates":[18.680038,45.550384]}},{"type":"Feature","properties":{"name":"Ostrava","min_zoom":5.1,"labelrank":7,"pop_max":478963},"geometry":{"type":"Point","coordinates":[18.249986,49.830355]}},{"type":"Feature","properties":{"name":"Narva","min_zoom":6.1,"labelrank":8,"pop_max":66980},"geometry":{"type":"Point","coordinates":[28.160286,59.377628]}},{"type":"Feature","properties":{"name":"Cherbourg","min_zoom":6.7,"labelrank":3,"pop_max":60991},"geometry":{"type":"Point","coordinates":[-1.649987,49.650392]}},{"type":"Feature","properties":{"name":"Caen","min_zoom":6.7,"labelrank":3,"pop_max":190099},"geometry":{"type":"Point","coordinates":[-0.349989,49.183754]}},{"type":"Feature","properties":{"name":"Lorient","min_zoom":6.7,"labelrank":3,"pop_max":84952},"geometry":{"type":"Point","coordinates":[-3.366575,47.750405]}},{"type":"Feature","properties":{"name":"Brest","min_zoom":6.1,"labelrank":3,"pop_max":144899},"geometry":{"type":"Point","coordinates":[-4.495008,48.390443]}},{"type":"Feature","properties":{"name":"Le Mans","min_zoom":6.7,"labelrank":3,"pop_max":144515},"geometry":{"type":"Point","coordinates":[0.202582,48.004391]}},{"type":"Feature","properties":{"name":"Nantes","min_zoom":5.1,"labelrank":3,"pop_max":438537},"geometry":{"type":"Point","coordinates":[-1.590017,47.210386]}},{"type":"Feature","properties":{"name":"Agen","min_zoom":6.7,"labelrank":3,"pop_max":58223},"geometry":{"type":"Point","coordinates":[0.633336,44.200414]}},{"type":"Feature","properties":{"name":"Ajaccio","min_zoom":6.1,"labelrank":3,"pop_max":54364},"geometry":{"type":"Point","coordinates":[8.728294,41.927065]}},{"type":"Feature","properties":{"name":"Bastia","min_zoom":6.1,"labelrank":3,"pop_max":41001},"geometry":{"type":"Point","coordinates":[9.450007,42.703167]}},{"type":"Feature","properties":{"name":"Toulon","min_zoom":6.1,"labelrank":3,"pop_max":357693},"geometry":{"type":"Point","coordinates":[5.918822,43.134186]}},{"type":"Feature","properties":{"name":"Béziers","min_zoom":6.7,"labelrank":3,"pop_max":81438},"geometry":{"type":"Point","coordinates":[3.209974,43.350492]}},{"type":"Feature","properties":{"name":"Montpellier","min_zoom":6.1,"labelrank":3,"pop_max":327254},"geometry":{"type":"Point","coordinates":[3.869986,43.610399]}},{"type":"Feature","properties":{"name":"Nîmes","min_zoom":6.1,"labelrank":3,"pop_max":169547},"geometry":{"type":"Point","coordinates":[4.350008,43.830385]}},{"type":"Feature","properties":{"name":"Vichy","min_zoom":6.7,"labelrank":3,"pop_max":43158},"geometry":{"type":"Point","coordinates":[3.41668,46.117145]}},{"type":"Feature","properties":{"name":"Nevers","min_zoom":6.7,"labelrank":3,"pop_max":45929},"geometry":{"type":"Point","coordinates":[3.166669,46.983733]}},{"type":"Feature","properties":{"name":"Auxerre","min_zoom":6.7,"labelrank":3,"pop_max":41516},"geometry":{"type":"Point","coordinates":[3.566593,47.800427]}},{"type":"Feature","properties":{"name":"Dijon","min_zoom":6,"labelrank":3,"pop_max":169946},"geometry":{"type":"Point","coordinates":[5.030018,47.330404]}},{"type":"Feature","properties":{"name":"Bourges","min_zoom":6.1,"labelrank":3,"pop_max":72340},"geometry":{"type":"Point","coordinates":[2.399998,47.083727]}},{"type":"Feature","properties":{"name":"Tours","min_zoom":6,"labelrank":3,"pop_max":236096},"geometry":{"type":"Point","coordinates":[0.699947,47.380375]}},{"type":"Feature","properties":{"name":"Orléans","min_zoom":6.1,"labelrank":3,"pop_max":217301},"geometry":{"type":"Point","coordinates":[1.900028,47.900421]}},{"type":"Feature","properties":{"name":"Dieppe","min_zoom":6.7,"labelrank":3,"pop_max":42461},"geometry":{"type":"Point","coordinates":[1.083334,49.933734]}},{"type":"Feature","properties":{"name":"Rouen","min_zoom":6,"labelrank":3,"pop_max":532559},"geometry":{"type":"Point","coordinates":[1.079975,49.430405]}},{"type":"Feature","properties":{"name":"Versailles","min_zoom":6.7,"labelrank":3,"pop_max":85416},"geometry":{"type":"Point","coordinates":[2.133348,48.80047]}},{"type":"Feature","properties":{"name":"Brive","min_zoom":6.1,"labelrank":3,"pop_max":55448},"geometry":{"type":"Point","coordinates":[1.533332,45.150408]}},{"type":"Feature","properties":{"name":"Troyes","min_zoom":6.1,"labelrank":3,"pop_max":61703},"geometry":{"type":"Point","coordinates":[4.083358,48.340394]}},{"type":"Feature","properties":{"name":"Reims","min_zoom":6.1,"labelrank":3,"pop_max":196565},"geometry":{"type":"Point","coordinates":[4.029976,49.25039]}},{"type":"Feature","properties":{"name":"Calais","min_zoom":6.7,"labelrank":3,"pop_max":92201},"geometry":{"type":"Point","coordinates":[1.833314,50.950416]}},{"type":"Feature","properties":{"name":"Amiens","min_zoom":6.7,"labelrank":3,"pop_max":143086},"geometry":{"type":"Point","coordinates":[2.300004,49.900377]}},{"type":"Feature","properties":{"name":"Mulhouse","min_zoom":6,"labelrank":3,"pop_max":215454},"geometry":{"type":"Point","coordinates":[7.34998,47.750405]}},{"type":"Feature","properties":{"name":"Nancy","min_zoom":5.1,"labelrank":3,"pop_max":268976},"geometry":{"type":"Point","coordinates":[6.200024,48.683681]}},{"type":"Feature","properties":{"name":"Metz","min_zoom":6,"labelrank":3,"pop_max":409186},"geometry":{"type":"Point","coordinates":[6.180026,49.120347]}},{"type":"Feature","properties":{"name":"Kerkira","min_zoom":6.1,"labelrank":6,"pop_max":38517},"geometry":{"type":"Point","coordinates":[19.914743,39.615423]}},{"type":"Feature","properties":{"name":"Tripoli","min_zoom":6.1,"labelrank":6,"pop_max":28970},"geometry":{"type":"Point","coordinates":[22.379399,37.509143]}},{"type":"Feature","properties":{"name":"Sparti","min_zoom":6.7,"labelrank":6,"pop_max":16187},"geometry":{"type":"Point","coordinates":[22.42968,37.073718]}},{"type":"Feature","properties":{"name":"Agrinio","min_zoom":6.7,"labelrank":6,"pop_max":75233},"geometry":{"type":"Point","coordinates":[21.407727,38.621763]}},{"type":"Feature","properties":{"name":"Pirgos","min_zoom":6.1,"labelrank":6,"pop_max":22399},"geometry":{"type":"Point","coordinates":[21.449998,37.683732]}},{"type":"Feature","properties":{"name":"Larissa","min_zoom":6.7,"labelrank":6,"pop_max":128758},"geometry":{"type":"Point","coordinates":[22.420016,39.630409]}},{"type":"Feature","properties":{"name":"Ioanina","min_zoom":6.1,"labelrank":6,"pop_max":86304},"geometry":{"type":"Point","coordinates":[20.850861,39.6679]}},{"type":"Feature","properties":{"name":"Mitilini","min_zoom":6.7,"labelrank":6,"pop_max":29328},"geometry":{"type":"Point","coordinates":[26.554648,39.110415]}},{"type":"Feature","properties":{"name":"Hios","min_zoom":6.7,"labelrank":6,"pop_max":26891},"geometry":{"type":"Point","coordinates":[26.13581,38.368109]}},{"type":"Feature","properties":{"name":"Chalkida","min_zoom":6.7,"labelrank":6,"pop_max":71842},"geometry":{"type":"Point","coordinates":[23.612398,38.463995]}},{"type":"Feature","properties":{"name":"Sitia","min_zoom":6.7,"labelrank":6,"pop_max":8833},"geometry":{"type":"Point","coordinates":[26.098551,35.200421]}},{"type":"Feature","properties":{"name":"Katerini","min_zoom":6.7,"labelrank":6,"pop_max":53293},"geometry":{"type":"Point","coordinates":[22.502492,40.272334]}},{"type":"Feature","properties":{"name":"Seres","min_zoom":6.7,"labelrank":6,"pop_max":55886},"geometry":{"type":"Point","coordinates":[23.549715,41.085979]}},{"type":"Feature","properties":{"name":"Xanthi","min_zoom":6.7,"labelrank":6,"pop_max":50570},"geometry":{"type":"Point","coordinates":[24.883587,41.14179]}},{"type":"Feature","properties":{"name":"Ermoupoli","min_zoom":6.7,"labelrank":6,"pop_max":12260},"geometry":{"type":"Point","coordinates":[24.9333,37.450413]}},{"type":"Feature","properties":{"name":"Kos","min_zoom":6.7,"labelrank":6,"pop_max":19244},"geometry":{"type":"Point","coordinates":[27.288815,36.893729]}},{"type":"Feature","properties":{"name":"Rodos","min_zoom":6.1,"labelrank":6,"pop_max":56969},"geometry":{"type":"Point","coordinates":[28.222504,36.441224]}},{"type":"Feature","properties":{"name":"Poti","min_zoom":6.7,"labelrank":8,"pop_max":47149},"geometry":{"type":"Point","coordinates":[41.671606,42.155656]}},{"type":"Feature","properties":{"name":"Zakho","min_zoom":6.7,"labelrank":5,"pop_max":134863},"geometry":{"type":"Point","coordinates":[42.687203,37.14454]}},{"type":"Feature","properties":{"name":"Tall Afar","min_zoom":6.1,"labelrank":5,"pop_max":144465},"geometry":{"type":"Point","coordinates":[42.44975,36.375982]}},{"type":"Feature","properties":{"name":"Tikrit","min_zoom":6.1,"labelrank":5,"pop_max":56591},"geometry":{"type":"Point","coordinates":[43.676962,34.597047]}},{"type":"Feature","properties":{"name":"Stralsund","min_zoom":6.7,"labelrank":3,"pop_max":61368},"geometry":{"type":"Point","coordinates":[13.100017,54.300418]}},{"type":"Feature","properties":{"name":"Rostock","min_zoom":6.1,"labelrank":3,"pop_max":203080},"geometry":{"type":"Point","coordinates":[12.149997,54.07038]}},{"type":"Feature","properties":{"name":"Sodankylä","min_zoom":6.1,"labelrank":7,"pop_max":8942},"geometry":{"type":"Point","coordinates":[26.600019,67.417059]}},{"type":"Feature","properties":{"name":"Jyväskylä","min_zoom":6.1,"labelrank":7,"pop_max":98136},"geometry":{"type":"Point","coordinates":[25.749994,62.260346]}},{"type":"Feature","properties":{"name":"Kuopio","min_zoom":6.1,"labelrank":7,"pop_max":91900},"geometry":{"type":"Point","coordinates":[27.69494,62.894286]}},{"type":"Feature","properties":{"name":"Lappeenranta","min_zoom":6.1,"labelrank":7,"pop_max":59276},"geometry":{"type":"Point","coordinates":[28.183334,61.067059]}},{"type":"Feature","properties":{"name":"Porvoo","min_zoom":6.1,"labelrank":7,"pop_max":12242},"geometry":{"type":"Point","coordinates":[25.66602,60.400356]}},{"type":"Feature","properties":{"name":"Khvoy","min_zoom":6.1,"labelrank":5,"pop_max":202728},"geometry":{"type":"Point","coordinates":[44.970009,38.530399]}},{"type":"Feature","properties":{"name":"Svendborg","min_zoom":6.7,"labelrank":8,"pop_max":29180},"geometry":{"type":"Point","coordinates":[10.616654,55.070423]}},{"type":"Feature","properties":{"name":"Odense","min_zoom":6.1,"labelrank":8,"pop_max":158222},"geometry":{"type":"Point","coordinates":[10.383335,55.400377]}},{"type":"Feature","properties":{"name":"Esbjerg","min_zoom":6.1,"labelrank":8,"pop_max":72205},"geometry":{"type":"Point","coordinates":[8.450016,55.467039]}},{"type":"Feature","properties":{"name":"Frederikshavn","min_zoom":6.7,"labelrank":8,"pop_max":24103},"geometry":{"type":"Point","coordinates":[10.5333,57.433689]}},{"type":"Feature","properties":{"name":"Aalborg","min_zoom":6.1,"labelrank":8,"pop_max":122219},"geometry":{"type":"Point","coordinates":[9.916593,57.033714]}},{"type":"Feature","properties":{"name":"Čačak","min_zoom":6.1,"labelrank":8,"pop_max":170000},"geometry":{"type":"Point","coordinates":[20.330118,43.889736]}},{"type":"Feature","properties":{"name":"Niš","min_zoom":6.1,"labelrank":8,"pop_max":250000},"geometry":{"type":"Point","coordinates":[21.899996,43.330416]}},{"type":"Feature","properties":{"name":"Novi Sad","min_zoom":6.1,"labelrank":8,"pop_max":225457},"geometry":{"type":"Point","coordinates":[19.849941,45.250376]}},{"type":"Feature","properties":{"name":"Durrës","min_zoom":6.7,"labelrank":8,"pop_max":142432},"geometry":{"type":"Point","coordinates":[19.448208,41.3178]}},{"type":"Feature","properties":{"name":"Shkodër","min_zoom":6.7,"labelrank":8,"pop_max":155767},"geometry":{"type":"Point","coordinates":[19.51885,42.068452]}},{"type":"Feature","properties":{"name":"Brugge","min_zoom":7,"labelrank":8,"pop_max":146469},"geometry":{"type":"Point","coordinates":[3.230025,51.220374]}},{"type":"Feature","properties":{"name":"Namur","min_zoom":8,"labelrank":8,"pop_max":106284},"geometry":{"type":"Point","coordinates":[4.870028,50.470394]}},{"type":"Feature","properties":{"name":"Charleroi","min_zoom":6.7,"labelrank":8,"pop_max":345367},"geometry":{"type":"Point","coordinates":[4.450002,50.420397]}},{"type":"Feature","properties":{"name":"Sidi bel Abbes","min_zoom":6.7,"labelrank":5,"pop_max":208604},"geometry":{"type":"Point","coordinates":[-0.639972,35.190344]}},{"type":"Feature","properties":{"name":"Tlimcen","min_zoom":6.7,"labelrank":5,"pop_max":229777},"geometry":{"type":"Point","coordinates":[-1.320008,34.890414]}},{"type":"Feature","properties":{"name":"Skikda","min_zoom":6.7,"labelrank":5,"pop_max":225181},"geometry":{"type":"Point","coordinates":[6.899982,36.880422]}},{"type":"Feature","properties":{"name":"Chlef","min_zoom":6.1,"labelrank":5,"pop_max":449167},"geometry":{"type":"Point","coordinates":[1.319961,36.170414]}},{"type":"Feature","properties":{"name":"Mascara","min_zoom":6.7,"labelrank":5,"pop_max":108230},"geometry":{"type":"Point","coordinates":[0.140033,35.400409]}},{"type":"Feature","properties":{"name":"Mostaganem","min_zoom":6.7,"labelrank":5,"pop_max":188354},"geometry":{"type":"Point","coordinates":[0.089984,35.940376]}},{"type":"Feature","properties":{"name":"Saïda","min_zoom":6.7,"labelrank":5,"pop_max":142213},"geometry":{"type":"Point","coordinates":[0.140033,34.840392]}},{"type":"Feature","properties":{"name":"Tiarat","min_zoom":6.7,"labelrank":5,"pop_max":184195},"geometry":{"type":"Point","coordinates":[1.319961,35.380436]}},{"type":"Feature","properties":{"name":"Béjaïa","min_zoom":6.7,"labelrank":5,"pop_max":384937},"geometry":{"type":"Point","coordinates":[5.070016,36.760378]}},{"type":"Feature","properties":{"name":"Blida","min_zoom":6.7,"labelrank":5,"pop_max":511348},"geometry":{"type":"Point","coordinates":[2.829998,36.420347]}},{"type":"Feature","properties":{"name":"Bouïra","min_zoom":6.7,"labelrank":5,"pop_max":110144},"geometry":{"type":"Point","coordinates":[3.90001,36.380478]}},{"type":"Feature","properties":{"name":"Médéa","min_zoom":6.1,"labelrank":5,"pop_max":147707},"geometry":{"type":"Point","coordinates":[2.770001,36.270407]}},{"type":"Feature","properties":{"name":"Souk Ahras","min_zoom":6.7,"labelrank":5,"pop_max":134947},"geometry":{"type":"Point","coordinates":[7.949995,36.29038]}},{"type":"Feature","properties":{"name":"Tébessa","min_zoom":6.7,"labelrank":5,"pop_max":171742},"geometry":{"type":"Point","coordinates":[8.12001,35.410434]}},{"type":"Feature","properties":{"name":"Mostar","min_zoom":6.7,"labelrank":8,"pop_max":163067},"geometry":{"type":"Point","coordinates":[17.820039,43.350492]}},{"type":"Feature","properties":{"name":"Khaskovo","min_zoom":6.7,"labelrank":7,"pop_max":79699},"geometry":{"type":"Point","coordinates":[25.563287,41.943782]}},{"type":"Feature","properties":{"name":"Stara Zagora","min_zoom":6.7,"labelrank":7,"pop_max":143431},"geometry":{"type":"Point","coordinates":[25.622715,42.423133]}},{"type":"Feature","properties":{"name":"Pleven","min_zoom":6.7,"labelrank":7,"pop_max":118675},"geometry":{"type":"Point","coordinates":[24.613371,43.423769]}},{"type":"Feature","properties":{"name":"Turnovo","min_zoom":6.1,"labelrank":7,"pop_max":53115},"geometry":{"type":"Point","coordinates":[25.655529,43.086245]}},{"type":"Feature","properties":{"name":"Kyustendil","min_zoom":6.7,"labelrank":7,"pop_max":51067},"geometry":{"type":"Point","coordinates":[22.691111,42.284278]}},{"type":"Feature","properties":{"name":"Dobrich","min_zoom":6.7,"labelrank":7,"pop_max":94831},"geometry":{"type":"Point","coordinates":[27.839996,43.585051]}},{"type":"Feature","properties":{"name":"Varna","min_zoom":6.1,"labelrank":7,"pop_max":312770},"geometry":{"type":"Point","coordinates":[27.895289,43.215643]}},{"type":"Feature","properties":{"name":"Ruse","min_zoom":6.1,"labelrank":7,"pop_max":184270},"geometry":{"type":"Point","coordinates":[25.973339,43.853691]}},{"type":"Feature","properties":{"name":"Graz","min_zoom":6.1,"labelrank":7,"pop_max":263234},"geometry":{"type":"Point","coordinates":[15.410005,47.077758]}},{"type":"Feature","properties":{"name":"Klagenfurt","min_zoom":6.1,"labelrank":7,"pop_max":90610},"geometry":{"type":"Point","coordinates":[14.31002,46.620344]}},{"type":"Feature","properties":{"name":"Linz","min_zoom":6.1,"labelrank":7,"pop_max":349161},"geometry":{"type":"Point","coordinates":[14.288781,48.319233]}},{"type":"Feature","properties":{"name":"Passau","min_zoom":6.7,"labelrank":7,"pop_max":50560},"geometry":{"type":"Point","coordinates":[13.441179,48.575462]}},{"type":"Feature","properties":{"name":"Salzburg","min_zoom":6.1,"labelrank":7,"pop_max":206279},"geometry":{"type":"Point","coordinates":[13.04002,47.810478]}},{"type":"Feature","properties":{"name":"Innsbruck","min_zoom":6.1,"labelrank":7,"pop_max":155214},"geometry":{"type":"Point","coordinates":[11.409991,47.280407]}},{"type":"Feature","properties":{"name":"Pinsk","min_zoom":6.1,"labelrank":6,"pop_max":130777},"geometry":{"type":"Point","coordinates":[26.094055,52.127863]}},{"type":"Feature","properties":{"name":"Mazyr","min_zoom":6.1,"labelrank":6,"pop_max":112137},"geometry":{"type":"Point","coordinates":[29.272156,52.045956]}},{"type":"Feature","properties":{"name":"Mahilyow","min_zoom":6.7,"labelrank":6,"pop_max":369200},"geometry":{"type":"Point","coordinates":[30.32465,53.898505]}},{"type":"Feature","properties":{"name":"Babruysk","min_zoom":6.1,"labelrank":6,"pop_max":220517},"geometry":{"type":"Point","coordinates":[29.192781,53.126562]}},{"type":"Feature","properties":{"name":"Orsha","min_zoom":6.1,"labelrank":6,"pop_max":135206},"geometry":{"type":"Point","coordinates":[30.421543,54.515315]}},{"type":"Feature","properties":{"name":"Lida","min_zoom":6.1,"labelrank":6,"pop_max":100216},"geometry":{"type":"Point","coordinates":[25.284648,53.888479]}},{"type":"Feature","properties":{"name":"Hrodna","min_zoom":6.1,"labelrank":6,"pop_max":317365},"geometry":{"type":"Point","coordinates":[23.83409,53.677872]}},{"type":"Feature","properties":{"name":"Barysaw","min_zoom":6.7,"labelrank":6,"pop_max":155389},"geometry":{"type":"Point","coordinates":[28.492152,54.226004]}},{"type":"Feature","properties":{"name":"Tuzla","min_zoom":6.7,"labelrank":8,"pop_max":144334},"geometry":{"type":"Point","coordinates":[18.680038,44.550471]}},{"type":"Feature","properties":{"name":"Prijedor","min_zoom":6.7,"labelrank":8,"pop_max":104858},"geometry":{"type":"Point","coordinates":[16.700004,44.980393]}},{"type":"Feature","properties":{"name":"Banja Luka","min_zoom":6.1,"labelrank":8,"pop_max":221738},"geometry":{"type":"Point","coordinates":[17.179974,44.780405]}},{"type":"Feature","properties":{"name":"Lemosos","min_zoom":6.1,"labelrank":8,"pop_max":154000},"geometry":{"type":"Point","coordinates":[33.033322,34.675414]}},{"type":"Feature","properties":{"name":"Douglas","min_zoom":6.7,"labelrank":0,"pop_max":35854},"geometry":{"type":"Point","coordinates":[-4.480269,54.149122]}},{"type":"Feature","properties":{"name":"San Marino","min_zoom":6.1,"labelrank":0,"pop_max":29579},"geometry":{"type":"Point","coordinates":[12.44177,43.936096]}},{"type":"Feature","properties":{"name":"Vaduz","min_zoom":6.7,"labelrank":0,"pop_max":36281},"geometry":{"type":"Point","coordinates":[9.51667,47.133724]}},{"type":"Feature","properties":{"name":"Cádiz","min_zoom":6,"labelrank":3,"pop_max":283157},"geometry":{"type":"Point","coordinates":[-6.286141,36.524829]}},{"type":"Feature","properties":{"name":"Granada‎","min_zoom":6,"labelrank":3,"pop_max":388290},"geometry":{"type":"Point","coordinates":[-3.585011,37.164978]}},{"type":"Feature","properties":{"name":"Gibraltar","min_zoom":5.1,"labelrank":8,"pop_max":187083},"geometry":{"type":"Point","coordinates":[-5.346014,36.128342]}},{"type":"Feature","properties":{"name":"Jönköping","min_zoom":5.1,"labelrank":7,"pop_max":89780},"geometry":{"type":"Point","coordinates":[14.165016,57.771343]}},{"type":"Feature","properties":{"name":"Örnsköldsvik","min_zoom":6,"labelrank":7,"pop_max":27749},"geometry":{"type":"Point","coordinates":[18.716676,63.318007]}},{"type":"Feature","properties":{"name":"Zaporizhzhya","min_zoom":6,"labelrank":5,"pop_max":788000},"geometry":{"type":"Point","coordinates":[35.174863,47.859243]}},{"type":"Feature","properties":{"name":"Murcia","min_zoom":6,"labelrank":3,"pop_max":406807},"geometry":{"type":"Point","coordinates":[-1.129968,37.979993]}},{"type":"Feature","properties":{"name":"Ceuta","min_zoom":6,"labelrank":3,"pop_max":78674},"geometry":{"type":"Point","coordinates":[-5.306999,35.888984]}},{"type":"Feature","properties":{"name":"La Coruña","min_zoom":6,"labelrank":3,"pop_max":370610},"geometry":{"type":"Point","coordinates":[-8.419988,43.329977]}},{"type":"Feature","properties":{"name":"Ourense","min_zoom":6.7,"labelrank":3,"pop_max":118107},"geometry":{"type":"Point","coordinates":[-7.869995,42.32996]}},{"type":"Feature","properties":{"name":"Edinburgh","min_zoom":5.1,"labelrank":5,"pop_max":504966},"geometry":{"type":"Point","coordinates":[-3.219091,55.948328]}},{"type":"Feature","properties":{"name":"Newcastle","min_zoom":5.1,"labelrank":5,"pop_max":882000},"geometry":{"type":"Point","coordinates":[-1.611625,54.989742]}},{"type":"Feature","properties":{"name":"Liverpool","min_zoom":6,"labelrank":5,"pop_max":811000},"geometry":{"type":"Point","coordinates":[-2.961934,53.405068]}},{"type":"Feature","properties":{"name":"Cardiff","min_zoom":5.1,"labelrank":5,"pop_max":861400},"geometry":{"type":"Point","coordinates":[-3.167598,51.482619]}},{"type":"Feature","properties":{"name":"Adapazarı","min_zoom":5.1,"labelrank":5,"pop_max":260109},"geometry":{"type":"Point","coordinates":[30.415032,40.799976]}},{"type":"Feature","properties":{"name":"Trabzon","min_zoom":6,"labelrank":5,"pop_max":764714},"geometry":{"type":"Point","coordinates":[39.719994,40.979991]}},{"type":"Feature","properties":{"name":"Wick","min_zoom":6,"labelrank":5,"pop_max":7147},"geometry":{"type":"Point","coordinates":[-3.083362,58.433293]}},{"type":"Feature","properties":{"name":"Leeds","min_zoom":5.6,"labelrank":5,"pop_max":1529000},"geometry":{"type":"Point","coordinates":[-1.551348,53.790017]}},{"type":"Feature","properties":{"name":"Şanlıurfa","min_zoom":6,"labelrank":5,"pop_max":449549},"geometry":{"type":"Point","coordinates":[38.794986,37.169991]}},{"type":"Feature","properties":{"name":"Pamplona","min_zoom":6.7,"labelrank":3,"pop_max":274545},"geometry":{"type":"Point","coordinates":[-1.649987,42.820008]}},{"type":"Feature","properties":{"name":"Svolvær","min_zoom":6,"labelrank":7,"pop_max":4197},"geometry":{"type":"Point","coordinates":[14.566697,68.233289]}},{"type":"Feature","properties":{"name":"Mo i Rana","min_zoom":6,"labelrank":7,"pop_max":20409},"geometry":{"type":"Point","coordinates":[14.16667,66.31661]}},{"type":"Feature","properties":{"name":"Narvik","min_zoom":6,"labelrank":7,"pop_max":20000},"geometry":{"type":"Point","coordinates":[17.289993,68.38315]}},{"type":"Feature","properties":{"name":"Bodø","min_zoom":6,"labelrank":7,"pop_max":34073},"geometry":{"type":"Point","coordinates":[14.429285,67.276435]}},{"type":"Feature","properties":{"name":"Setúbal","min_zoom":6.7,"labelrank":6,"pop_max":117974},"geometry":{"type":"Point","coordinates":[-8.90001,38.529959]}},{"type":"Feature","properties":{"name":"Porto","min_zoom":5.1,"labelrank":6,"pop_max":1337000},"geometry":{"type":"Point","coordinates":[-8.621947,41.151952]}},{"type":"Feature","properties":{"name":"Rotterdam","min_zoom":6,"labelrank":8,"pop_max":1005000},"geometry":{"type":"Point","coordinates":[4.478028,51.921915]}},{"type":"Feature","properties":{"name":"Luxembourg","min_zoom":6,"labelrank":8,"pop_max":107260},"geometry":{"type":"Point","coordinates":[6.130003,49.61166]}},{"type":"Feature","properties":{"name":"Haugesund","min_zoom":6,"labelrank":7,"pop_max":40321},"geometry":{"type":"Point","coordinates":[5.277497,59.411915]}},{"type":"Feature","properties":{"name":"Stavanger","min_zoom":6,"labelrank":7,"pop_max":173132},"geometry":{"type":"Point","coordinates":[5.680004,58.970004]}},{"type":"Feature","properties":{"name":"Skien","min_zoom":6,"labelrank":7,"pop_max":73330},"geometry":{"type":"Point","coordinates":[9.600024,59.19999]}},{"type":"Feature","properties":{"name":"Namsos","min_zoom":6,"labelrank":7,"pop_max":9035},"geometry":{"type":"Point","coordinates":[11.500011,64.483311]}},{"type":"Feature","properties":{"name":"Liepaga","min_zoom":6,"labelrank":8,"pop_max":85132},"geometry":{"type":"Point","coordinates":[21.010025,56.509973]}},{"type":"Feature","properties":{"name":"Alta","min_zoom":6,"labelrank":7,"pop_max":12077},"geometry":{"type":"Point","coordinates":[23.241671,69.966645]}},{"type":"Feature","properties":{"name":"Vadsø","min_zoom":6,"labelrank":7,"pop_max":5139},"geometry":{"type":"Point","coordinates":[29.765749,70.096597]}},{"type":"Feature","properties":{"name":"Umba","min_zoom":6,"labelrank":2,"pop_max":6128},"geometry":{"type":"Point","coordinates":[34.345542,66.681394]}},{"type":"Feature","properties":{"name":"Kovda","min_zoom":6,"labelrank":2,"pop_max":20},"geometry":{"type":"Point","coordinates":[32.870231,66.690282]}},{"type":"Feature","properties":{"name":"Velikiy Novgorod","min_zoom":6,"labelrank":2,"pop_max":218717},"geometry":{"type":"Point","coordinates":[31.330015,58.499981]}},{"type":"Feature","properties":{"name":"Velikiye Luki","min_zoom":6,"labelrank":2,"pop_max":103149},"geometry":{"type":"Point","coordinates":[30.520039,56.319959]}},{"type":"Feature","properties":{"name":"Belomorsk","min_zoom":6,"labelrank":2,"pop_max":12165},"geometry":{"type":"Point","coordinates":[34.765826,64.52522]}},{"type":"Feature","properties":{"name":"Kem","min_zoom":6,"labelrank":2,"pop_max":13829},"geometry":{"type":"Point","coordinates":[34.56837,64.953592]}},{"type":"Feature","properties":{"name":"Severodvinsk","min_zoom":6,"labelrank":2,"pop_max":194292},"geometry":{"type":"Point","coordinates":[39.830013,64.570024]}},{"type":"Feature","properties":{"name":"Kursk","min_zoom":6,"labelrank":2,"pop_max":409431},"geometry":{"type":"Point","coordinates":[36.190028,51.73998]}},{"type":"Feature","properties":{"name":"Tula","min_zoom":6,"labelrank":2,"pop_max":489486},"geometry":{"type":"Point","coordinates":[37.629941,54.199959]}},{"type":"Feature","properties":{"name":"Tambov","min_zoom":6,"labelrank":2,"pop_max":301482},"geometry":{"type":"Point","coordinates":[41.430019,52.730023]}},{"type":"Feature","properties":{"name":"Shoyna","min_zoom":6,"labelrank":2,"pop_max":300},"geometry":{"type":"Point","coordinates":[44.133368,67.866644]}},{"type":"Feature","properties":{"name":"Cork","min_zoom":6,"labelrank":8,"pop_max":188907},"geometry":{"type":"Point","coordinates":[-8.46511,51.892838]}},{"type":"Feature","properties":{"name":"Sassari","min_zoom":6,"labelrank":3,"pop_max":120729},"geometry":{"type":"Point","coordinates":[8.570009,40.730006]}},{"type":"Feature","properties":{"name":"Turin","min_zoom":6,"labelrank":3,"pop_max":1652000},"geometry":{"type":"Point","coordinates":[7.668015,45.072333]}},{"type":"Feature","properties":{"name":"Tórshavn","min_zoom":6,"labelrank":8,"pop_max":14398},"geometry":{"type":"Point","coordinates":[-6.820034,62.030024]}},{"type":"Feature","properties":{"name":"Stuttgart","min_zoom":6,"labelrank":3,"pop_max":2944700},"geometry":{"type":"Point","coordinates":[9.199996,48.77998]}},{"type":"Feature","properties":{"name":"Bremen","min_zoom":6,"labelrank":3,"pop_max":724909},"geometry":{"type":"Point","coordinates":[8.800021,53.080002]}},{"type":"Feature","properties":{"name":"Nürnberg","min_zoom":6,"labelrank":3,"pop_max":737304},"geometry":{"type":"Point","coordinates":[11.079985,49.449991]}},{"type":"Feature","properties":{"name":"Rennes","min_zoom":6,"labelrank":3,"pop_max":209375},"geometry":{"type":"Point","coordinates":[-1.670012,48.100021]}},{"type":"Feature","properties":{"name":"Nice","min_zoom":5.1,"labelrank":3,"pop_max":927000},"geometry":{"type":"Point","coordinates":[7.263078,43.716964]}},{"type":"Feature","properties":{"name":"Toulouse","min_zoom":6,"labelrank":3,"pop_max":847000},"geometry":{"type":"Point","coordinates":[1.447981,43.621905]}},{"type":"Feature","properties":{"name":"Limoges","min_zoom":6.7,"labelrank":3,"pop_max":152199},"geometry":{"type":"Point","coordinates":[1.249991,45.829979]}},{"type":"Feature","properties":{"name":"Lille","min_zoom":6,"labelrank":3,"pop_max":1044000},"geometry":{"type":"Point","coordinates":[3.078062,50.651915]}},{"type":"Feature","properties":{"name":"Strasbourg","min_zoom":6,"labelrank":3,"pop_max":439972},"geometry":{"type":"Point","coordinates":[7.750007,48.579966]}},{"type":"Feature","properties":{"name":"Patra","min_zoom":6,"labelrank":6,"pop_max":163360},"geometry":{"type":"Point","coordinates":[21.729981,38.230004]}},{"type":"Feature","properties":{"name":"Batumi","min_zoom":6,"labelrank":8,"pop_max":155542},"geometry":{"type":"Point","coordinates":[41.630007,41.600005]}},{"type":"Feature","properties":{"name":"Irbil","min_zoom":6,"labelrank":5,"pop_max":926000},"geometry":{"type":"Point","coordinates":[44.006675,36.18099]}},{"type":"Feature","properties":{"name":"Kemijärvi","min_zoom":6,"labelrank":7,"pop_max":8883},"geometry":{"type":"Point","coordinates":[27.416662,66.666666]}},{"type":"Feature","properties":{"name":"Kokkola","min_zoom":6,"labelrank":7,"pop_max":46714},"geometry":{"type":"Point","coordinates":[23.116666,63.833299]}},{"type":"Feature","properties":{"name":"Lahti","min_zoom":6,"labelrank":7,"pop_max":98826},"geometry":{"type":"Point","coordinates":[25.664934,60.99386]}},{"type":"Feature","properties":{"name":"Joensuu","min_zoom":6,"labelrank":7,"pop_max":53388},"geometry":{"type":"Point","coordinates":[29.766648,62.599989]}},{"type":"Feature","properties":{"name":"Turku","min_zoom":6,"labelrank":7,"pop_max":175945},"geometry":{"type":"Point","coordinates":[22.254962,60.453867]}},{"type":"Feature","properties":{"name":"Sfax","min_zoom":6,"labelrank":7,"pop_max":453050},"geometry":{"type":"Point","coordinates":[10.720007,34.750035]}},{"type":"Feature","properties":{"name":"Yalta","min_zoom":6,"labelrank":5,"pop_max":79509},"geometry":{"type":"Point","coordinates":[34.159403,44.499311]}},{"type":"Feature","properties":{"name":"Chernobyl","min_zoom":6,"labelrank":5,"pop_max":0},"geometry":{"type":"Point","coordinates":[30.098876,51.389407]}},{"type":"Feature","properties":{"name":"Sumy","min_zoom":6,"labelrank":5,"pop_max":294456},"geometry":{"type":"Point","coordinates":[34.780864,50.924293]}},{"type":"Feature","properties":{"name":"Mariupol","min_zoom":6,"labelrank":5,"pop_max":481626},"geometry":{"type":"Point","coordinates":[37.556198,47.096181]}},{"type":"Feature","properties":{"name":"Antwerpen","min_zoom":6,"labelrank":8,"pop_max":920000},"geometry":{"type":"Point","coordinates":[4.413071,51.222319]}},{"type":"Feature","properties":{"name":"Eskişehir","min_zoom":6,"labelrank":5,"pop_max":514869},"geometry":{"type":"Point","coordinates":[30.529961,39.794999]}},{"type":"Feature","properties":{"name":"Antalya","min_zoom":6,"labelrank":5,"pop_max":783000},"geometry":{"type":"Point","coordinates":[30.69803,36.891928]}},{"type":"Feature","properties":{"name":"Kayseri","min_zoom":6,"labelrank":5,"pop_max":592840},"geometry":{"type":"Point","coordinates":[35.49002,38.73496]}},{"type":"Feature","properties":{"name":"Homyel","min_zoom":6,"labelrank":6,"pop_max":480951},"geometry":{"type":"Point","coordinates":[31.000009,52.430016]}},{"type":"Feature","properties":{"name":"Lerwick","min_zoom":6,"labelrank":5,"pop_max":6594},"geometry":{"type":"Point","coordinates":[-1.149992,60.150035]}},{"type":"Feature","properties":{"name":"Gaziantep","min_zoom":6,"labelrank":5,"pop_max":1044000},"geometry":{"type":"Point","coordinates":[37.383048,37.07693]}},{"type":"Feature","properties":{"name":"Valladolid","min_zoom":6,"labelrank":3,"pop_max":322304},"geometry":{"type":"Point","coordinates":[-4.750031,41.650002]}},{"type":"Feature","properties":{"name":"Homs","min_zoom":6,"labelrank":6,"pop_max":1005000},"geometry":{"type":"Point","coordinates":[36.718076,34.731905]}},{"type":"Feature","properties":{"name":"Linköping","min_zoom":5.1,"labelrank":7,"pop_max":96732},"geometry":{"type":"Point","coordinates":[15.62994,58.410012]}},{"type":"Feature","properties":{"name":"Östersund","min_zoom":6,"labelrank":7,"pop_max":46178},"geometry":{"type":"Point","coordinates":[14.65,63.183313]}},{"type":"Feature","properties":{"name":"Kiruna","min_zoom":6,"labelrank":7,"pop_max":18154},"geometry":{"type":"Point","coordinates":[20.216636,67.850004]}},{"type":"Feature","properties":{"name":"Umeå","min_zoom":6,"labelrank":7,"pop_max":78197},"geometry":{"type":"Point","coordinates":[20.239994,63.829991]}},{"type":"Feature","properties":{"name":"Uppsala","min_zoom":5.1,"labelrank":7,"pop_max":133117},"geometry":{"type":"Point","coordinates":[17.639998,59.860053]}},{"type":"Feature","properties":{"name":"Cluj-Napoca","min_zoom":6,"labelrank":6,"pop_max":316748},"geometry":{"type":"Point","coordinates":[23.598446,46.788422]}},{"type":"Feature","properties":{"name":"Melilla","min_zoom":6,"labelrank":3,"pop_max":141308},"geometry":{"type":"Point","coordinates":[-2.950011,35.300002]}},{"type":"Feature","properties":{"name":"Palma","min_zoom":6,"labelrank":3,"pop_max":375773},"geometry":{"type":"Point","coordinates":[2.654246,39.574263]}},{"type":"Feature","properties":{"name":"Molde","min_zoom":6,"labelrank":7,"pop_max":18594},"geometry":{"type":"Point","coordinates":[7.183324,62.7483]}},{"type":"Feature","properties":{"name":"Lillehammer","min_zoom":5.1,"labelrank":7,"pop_max":19542},"geometry":{"type":"Point","coordinates":[10.50002,61.133283]}},{"type":"Feature","properties":{"name":"Kirkenes","min_zoom":6,"labelrank":7,"pop_max":3282},"geometry":{"type":"Point","coordinates":[30.051643,69.725006]}},{"type":"Feature","properties":{"name":"Tangier","min_zoom":6,"labelrank":5,"pop_max":750060},"geometry":{"type":"Point","coordinates":[-5.806198,35.775925]}},{"type":"Feature","properties":{"name":"Kandalaksha","min_zoom":6,"labelrank":2,"pop_max":38126},"geometry":{"type":"Point","coordinates":[32.414393,67.164336]}},{"type":"Feature","properties":{"name":"Vyborg","min_zoom":6,"labelrank":2,"pop_max":117201},"geometry":{"type":"Point","coordinates":[28.754927,60.703877]}},{"type":"Feature","properties":{"name":"Kondopoga","min_zoom":6,"labelrank":2,"pop_max":34360},"geometry":{"type":"Point","coordinates":[34.288697,62.208721]}},{"type":"Feature","properties":{"name":"Mezen","min_zoom":6,"labelrank":2,"pop_max":3672},"geometry":{"type":"Point","coordinates":[44.240028,65.85222]}},{"type":"Feature","properties":{"name":"Velsk","min_zoom":6,"labelrank":2,"pop_max":26300},"geometry":{"type":"Point","coordinates":[42.09742,61.067395]}},{"type":"Feature","properties":{"name":"Onega","min_zoom":6,"labelrank":2,"pop_max":22693},"geometry":{"type":"Point","coordinates":[38.077148,63.927143]}},{"type":"Feature","properties":{"name":"Ivanovo","min_zoom":6,"labelrank":2,"pop_max":420839},"geometry":{"type":"Point","coordinates":[41.009993,57.01002]}},{"type":"Feature","properties":{"name":"Kostroma","min_zoom":6,"labelrank":2,"pop_max":277656},"geometry":{"type":"Point","coordinates":[40.940023,57.770026]}},{"type":"Feature","properties":{"name":"Lipetsk","min_zoom":5.1,"labelrank":2,"pop_max":515655},"geometry":{"type":"Point","coordinates":[39.639999,52.620004]}},{"type":"Feature","properties":{"name":"Orel","min_zoom":6,"labelrank":2,"pop_max":334552},"geometry":{"type":"Point","coordinates":[36.069984,52.969957]}},{"type":"Feature","properties":{"name":"Volgodonsk","min_zoom":6,"labelrank":2,"pop_max":167731},"geometry":{"type":"Point","coordinates":[42.159948,47.50998]}},{"type":"Feature","properties":{"name":"Belgorod","min_zoom":6,"labelrank":2,"pop_max":345289},"geometry":{"type":"Point","coordinates":[36.599926,50.629996]}},{"type":"Feature","properties":{"name":"Novorossiysk","min_zoom":6,"labelrank":2,"pop_max":241856},"geometry":{"type":"Point","coordinates":[37.769932,44.729969]}},{"type":"Feature","properties":{"name":"Vladimir","min_zoom":6,"labelrank":2,"pop_max":318648},"geometry":{"type":"Point","coordinates":[40.409926,56.12997]}},{"type":"Feature","properties":{"name":"Elista","min_zoom":6,"labelrank":2,"pop_max":106971},"geometry":{"type":"Point","coordinates":[44.208712,46.328657]}},{"type":"Feature","properties":{"name":"Łódź","min_zoom":6,"labelrank":5,"pop_max":758000},"geometry":{"type":"Point","coordinates":[19.458229,51.767797]}},{"type":"Feature","properties":{"name":"Zaragoza","min_zoom":6,"labelrank":3,"pop_max":649404},"geometry":{"type":"Point","coordinates":[-0.889982,41.650002]}},{"type":"Feature","properties":{"name":"Göteborg","min_zoom":5.1,"labelrank":7,"pop_max":537797},"geometry":{"type":"Point","coordinates":[11.97863,57.709147]}},{"type":"Feature","properties":{"name":"Limerick","min_zoom":6,"labelrank":8,"pop_max":90054},"geometry":{"type":"Point","coordinates":[-8.62305,52.664704]}},{"type":"Feature","properties":{"name":"Genoa","min_zoom":5.1,"labelrank":3,"pop_max":647497},"geometry":{"type":"Point","coordinates":[8.930039,44.409988]}},{"type":"Feature","properties":{"name":"Daugavpils","min_zoom":6,"labelrank":8,"pop_max":111564},"geometry":{"type":"Point","coordinates":[26.509999,55.87996]}},{"type":"Feature","properties":{"name":"Cologne","min_zoom":5,"labelrank":3,"pop_max":1004000},"geometry":{"type":"Point","coordinates":[6.948059,50.93195]}},{"type":"Feature","properties":{"name":"Tartu","min_zoom":6,"labelrank":8,"pop_max":101092},"geometry":{"type":"Point","coordinates":[26.709884,58.383941]}},{"type":"Feature","properties":{"name":"Pärnu","min_zoom":6,"labelrank":8,"pop_max":44192},"geometry":{"type":"Point","coordinates":[24.513583,58.374743]}},{"type":"Feature","properties":{"name":"La Rochelle","min_zoom":6,"labelrank":3,"pop_max":76997},"geometry":{"type":"Point","coordinates":[-1.149992,46.166651]}},{"type":"Feature","properties":{"name":"Kalamata","min_zoom":6,"labelrank":6,"pop_max":71823},"geometry":{"type":"Point","coordinates":[22.114195,37.038914]}},{"type":"Feature","properties":{"name":"Iraklio","min_zoom":6,"labelrank":6,"pop_max":137154},"geometry":{"type":"Point","coordinates":[25.130497,35.325013]}},{"type":"Feature","properties":{"name":"Sukhumi","min_zoom":6,"labelrank":8,"pop_max":81546},"geometry":{"type":"Point","coordinates":[41.020018,43.020021]}},{"type":"Feature","properties":{"name":"Ṭarābulus","min_zoom":6,"labelrank":8,"pop_max":530000},"geometry":{"type":"Point","coordinates":[35.831661,34.438267]}},{"type":"Feature","properties":{"name":"Kemi","min_zoom":6,"labelrank":7,"pop_max":22641},"geometry":{"type":"Point","coordinates":[24.581693,65.733312]}},{"type":"Feature","properties":{"name":"Oulu","min_zoom":6,"labelrank":7,"pop_max":136752},"geometry":{"type":"Point","coordinates":[25.470011,64.999998]}},{"type":"Feature","properties":{"name":"Århus","min_zoom":6,"labelrank":8,"pop_max":237551},"geometry":{"type":"Point","coordinates":[10.210684,56.157204]}},{"type":"Feature","properties":{"name":"Biskra","min_zoom":6,"labelrank":5,"pop_max":202103},"geometry":{"type":"Point","coordinates":[5.730027,34.859977]}},{"type":"Feature","properties":{"name":"Djelfa","min_zoom":6,"labelrank":5,"pop_max":170901},"geometry":{"type":"Point","coordinates":[3.250024,34.679988]}},{"type":"Feature","properties":{"name":"Sétif","min_zoom":6,"labelrank":5,"pop_max":274744},"geometry":{"type":"Point","coordinates":[5.39997,36.180025]}},{"type":"Feature","properties":{"name":"Batna","min_zoom":6,"labelrank":5,"pop_max":280798},"geometry":{"type":"Point","coordinates":[6.17,35.569959]}},{"type":"Feature","properties":{"name":"Burgas","min_zoom":6,"labelrank":7,"pop_max":195966},"geometry":{"type":"Point","coordinates":[27.474643,42.5146]}},{"type":"Feature","properties":{"name":"Vitsyebsk","min_zoom":6,"labelrank":6,"pop_max":342700},"geometry":{"type":"Point","coordinates":[30.18533,55.18871]}},{"type":"Feature","properties":{"name":"Monaco","min_zoom":5.1,"labelrank":0,"pop_max":36371},"geometry":{"type":"Point","coordinates":[7.406913,43.739646]}},{"type":"Feature","properties":{"name":"Andorra","min_zoom":6,"labelrank":0,"pop_max":53998},"geometry":{"type":"Point","coordinates":[1.526594,42.510753]}},{"type":"Feature","properties":{"name":"Manchester","min_zoom":5,"labelrank":5,"pop_max":2230000},"geometry":{"type":"Point","coordinates":[-2.248685,53.47532]}},{"type":"Feature","properties":{"name":"Sousse","min_zoom":5.6,"labelrank":7,"pop_max":327004},"geometry":{"type":"Point","coordinates":[10.625026,35.829995]}},{"type":"Feature","properties":{"name":"Lviv","min_zoom":5.1,"labelrank":5,"pop_max":803880},"geometry":{"type":"Point","coordinates":[24.029995,49.83498]}},{"type":"Feature","properties":{"name":"Odessa","min_zoom":5.1,"labelrank":5,"pop_max":991000},"geometry":{"type":"Point","coordinates":[30.708055,46.491962]}},{"type":"Feature","properties":{"name":"Zhytomyr","min_zoom":5.6,"labelrank":5,"pop_max":282192},"geometry":{"type":"Point","coordinates":[28.662167,50.245575]}},{"type":"Feature","properties":{"name":"Dnipro","min_zoom":5.1,"labelrank":5,"pop_max":1050000},"geometry":{"type":"Point","coordinates":[34.998078,48.481918]}},{"type":"Feature","properties":{"name":"Donetsk","min_zoom":5,"labelrank":5,"pop_max":988000},"geometry":{"type":"Point","coordinates":[37.828034,48.001947]}},{"type":"Feature","properties":{"name":"Kharkiv","min_zoom":5.1,"labelrank":5,"pop_max":1461000},"geometry":{"type":"Point","coordinates":[36.248079,50.001929]}},{"type":"Feature","properties":{"name":"Birmingham","min_zoom":5,"labelrank":5,"pop_max":2285000},"geometry":{"type":"Point","coordinates":[-1.921943,52.47692]}},{"type":"Feature","properties":{"name":"Belfast","min_zoom":5,"labelrank":5,"pop_max":450406},"geometry":{"type":"Point","coordinates":[-5.928178,54.594245]}},{"type":"Feature","properties":{"name":"İzmir","min_zoom":5.1,"labelrank":5,"pop_max":2587000},"geometry":{"type":"Point","coordinates":[27.149848,38.438096]}},{"type":"Feature","properties":{"name":"Bursa","min_zoom":5.1,"labelrank":5,"pop_max":1492000},"geometry":{"type":"Point","coordinates":[29.068052,40.201933]}},{"type":"Feature","properties":{"name":"Samsun","min_zoom":5.6,"labelrank":5,"pop_max":609339},"geometry":{"type":"Point","coordinates":[36.343663,41.279998]}},{"type":"Feature","properties":{"name":"Konya","min_zoom":5.6,"labelrank":5,"pop_max":919000},"geometry":{"type":"Point","coordinates":[32.473064,37.876958]}},{"type":"Feature","properties":{"name":"Adana","min_zoom":5.1,"labelrank":5,"pop_max":1293000},"geometry":{"type":"Point","coordinates":[35.318058,36.996935]}},{"type":"Feature","properties":{"name":"Córdoba","min_zoom":5.6,"labelrank":3,"pop_max":321376},"geometry":{"type":"Point","coordinates":[-4.770004,37.879999]}},{"type":"Feature","properties":{"name":"Constanța","min_zoom":5.6,"labelrank":6,"pop_max":303399},"geometry":{"type":"Point","coordinates":[28.609974,44.202662]}},{"type":"Feature","properties":{"name":"Luleå","min_zoom":5.1,"labelrank":7,"pop_max":48638},"geometry":{"type":"Point","coordinates":[22.158378,65.596635]}},{"type":"Feature","properties":{"name":"Sundsvall","min_zoom":5.1,"labelrank":7,"pop_max":73389},"geometry":{"type":"Point","coordinates":[17.316658,62.400053]}},{"type":"Feature","properties":{"name":"Iași","min_zoom":5.6,"labelrank":6,"pop_max":325914},"geometry":{"type":"Point","coordinates":[27.574947,47.168347]}},{"type":"Feature","properties":{"name":"Vigo","min_zoom":5.6,"labelrank":3,"pop_max":378952},"geometry":{"type":"Point","coordinates":[-8.729995,42.220019]}},{"type":"Feature","properties":{"name":"Bilbao","min_zoom":5,"labelrank":3,"pop_max":875552},"geometry":{"type":"Point","coordinates":[-2.929987,43.249981]}},{"type":"Feature","properties":{"name":"The Hague","min_zoom":5.6,"labelrank":8,"pop_max":1406000},"geometry":{"type":"Point","coordinates":[4.269961,52.080037]}},{"type":"Feature","properties":{"name":"Kristiansand","min_zoom":5.6,"labelrank":7,"pop_max":63814},"geometry":{"type":"Point","coordinates":[7.974984,58.14562]}},{"type":"Feature","properties":{"name":"Ljubljana","min_zoom":5.6,"labelrank":8,"pop_max":314807},"geometry":{"type":"Point","coordinates":[14.514969,46.055288]}},{"type":"Feature","properties":{"name":"Bratislava","min_zoom":5.1,"labelrank":7,"pop_max":423737},"geometry":{"type":"Point","coordinates":[17.116981,48.150018]}},{"type":"Feature","properties":{"name":"Hammerfest","min_zoom":5.1,"labelrank":7,"pop_max":10000},"geometry":{"type":"Point","coordinates":[23.688001,70.66128]}},{"type":"Feature","properties":{"name":"Oujda","min_zoom":5.6,"labelrank":5,"pop_max":409391},"geometry":{"type":"Point","coordinates":[-1.909972,34.690013]}},{"type":"Feature","properties":{"name":"Podgorica","min_zoom":5.6,"labelrank":8,"pop_max":145850},"geometry":{"type":"Point","coordinates":[19.266307,42.465972]}},{"type":"Feature","properties":{"name":"Nalchik","min_zoom":5.6,"labelrank":2,"pop_max":307866},"geometry":{"type":"Point","coordinates":[43.617947,43.498106]}},{"type":"Feature","properties":{"name":"Stavropol","min_zoom":5.6,"labelrank":2,"pop_max":363064},"geometry":{"type":"Point","coordinates":[41.980011,45.050001]}},{"type":"Feature","properties":{"name":"Kaliningrad","min_zoom":5,"labelrank":2,"pop_max":434954},"geometry":{"type":"Point","coordinates":[20.497343,54.700006]}},{"type":"Feature","properties":{"name":"Pskov","min_zoom":5.1,"labelrank":2,"pop_max":201990},"geometry":{"type":"Point","coordinates":[28.32994,57.829996]}},{"type":"Feature","properties":{"name":"Bryansk","min_zoom":5.1,"labelrank":2,"pop_max":427236},"geometry":{"type":"Point","coordinates":[34.429981,53.259991]}},{"type":"Feature","properties":{"name":"Smolensk","min_zoom":5.1,"labelrank":2,"pop_max":320991},"geometry":{"type":"Point","coordinates":[32.047336,54.782688]}},{"type":"Feature","properties":{"name":"Petrozavodsk","min_zoom":5.1,"labelrank":2,"pop_max":265025},"geometry":{"type":"Point","coordinates":[34.361223,61.781318]}},{"type":"Feature","properties":{"name":"Tver","min_zoom":5.6,"labelrank":2,"pop_max":400212},"geometry":{"type":"Point","coordinates":[35.889995,56.859978]}},{"type":"Feature","properties":{"name":"Vologda","min_zoom":5.1,"labelrank":2,"pop_max":294889},"geometry":{"type":"Point","coordinates":[39.919982,59.209989]}},{"type":"Feature","properties":{"name":"Yaroslavl","min_zoom":5.1,"labelrank":2,"pop_max":606730},"geometry":{"type":"Point","coordinates":[39.87001,57.619983]}},{"type":"Feature","properties":{"name":"Rostov","min_zoom":5.1,"labelrank":2,"pop_max":1052000},"geometry":{"type":"Point","coordinates":[39.71071,47.236594]}},{"type":"Feature","properties":{"name":"Sochi","min_zoom":5.1,"labelrank":2,"pop_max":327608},"geometry":{"type":"Point","coordinates":[39.729967,43.590012]}},{"type":"Feature","properties":{"name":"Krasnodar","min_zoom":5.1,"labelrank":2,"pop_max":649851},"geometry":{"type":"Point","coordinates":[39.000038,45.019977]}},{"type":"Feature","properties":{"name":"Penza","min_zoom":5.1,"labelrank":2,"pop_max":512602},"geometry":{"type":"Point","coordinates":[44.999982,53.180021]}},{"type":"Feature","properties":{"name":"Ryazan","min_zoom":5.6,"labelrank":2,"pop_max":520173},"geometry":{"type":"Point","coordinates":[39.719994,54.619959]}},{"type":"Feature","properties":{"name":"Voronezh","min_zoom":5.1,"labelrank":2,"pop_max":844000},"geometry":{"type":"Point","coordinates":[39.186843,51.66539]}},{"type":"Feature","properties":{"name":"Gdańsk","min_zoom":5,"labelrank":5,"pop_max":740000},"geometry":{"type":"Point","coordinates":[18.64004,54.359975]}},{"type":"Feature","properties":{"name":"Kraków","min_zoom":5.1,"labelrank":5,"pop_max":756000},"geometry":{"type":"Point","coordinates":[19.958066,50.061925]}},{"type":"Feature","properties":{"name":"Bern","min_zoom":5.6,"labelrank":7,"pop_max":275329},"geometry":{"type":"Point","coordinates":[7.466976,46.916683]}},{"type":"Feature","properties":{"name":"Malmö","min_zoom":5.1,"labelrank":7,"pop_max":269349},"geometry":{"type":"Point","coordinates":[13.02306,55.599424]}},{"type":"Feature","properties":{"name":"Florence","min_zoom":5.6,"labelrank":3,"pop_max":1500000},"geometry":{"type":"Point","coordinates":[11.25,43.780001]}},{"type":"Feature","properties":{"name":"Catania","min_zoom":5.6,"labelrank":3,"pop_max":674542},"geometry":{"type":"Point","coordinates":[15.079999,37.499971]}},{"type":"Feature","properties":{"name":"Pristina","min_zoom":5.6,"labelrank":8,"pop_max":465186},"geometry":{"type":"Point","coordinates":[21.165984,42.66671]}},{"type":"Feature","properties":{"name":"Dresden","min_zoom":5,"labelrank":3,"pop_max":617515},"geometry":{"type":"Point","coordinates":[13.750003,51.049971]}},{"type":"Feature","properties":{"name":"Bordeaux","min_zoom":5,"labelrank":3,"pop_max":803000},"geometry":{"type":"Point","coordinates":[-0.596959,44.851959]}},{"type":"Feature","properties":{"name":"Marseille","min_zoom":5,"labelrank":3,"pop_max":1400000},"geometry":{"type":"Point","coordinates":[5.373064,43.291925]}},{"type":"Feature","properties":{"name":"Le Havre","min_zoom":5,"labelrank":3,"pop_max":242124},"geometry":{"type":"Point","coordinates":[0.10497,49.504974]}},{"type":"Feature","properties":{"name":"Skopje","min_zoom":5.6,"labelrank":8,"pop_max":494087},"geometry":{"type":"Point","coordinates":[21.433461,42.000006]}},{"type":"Feature","properties":{"name":"Kirkuk","min_zoom":5.1,"labelrank":5,"pop_max":601433},"geometry":{"type":"Point","coordinates":[44.392267,35.472239]}},{"type":"Feature","properties":{"name":"Mosul","min_zoom":5.6,"labelrank":5,"pop_max":1316000},"geometry":{"type":"Point","coordinates":[43.143059,36.346948]}},{"type":"Feature","properties":{"name":"Rovaniemi","min_zoom":5.1,"labelrank":7,"pop_max":34781},"geometry":{"type":"Point","coordinates":[25.715939,66.500035]}},{"type":"Feature","properties":{"name":"Vaasa","min_zoom":5.1,"labelrank":7,"pop_max":57014},"geometry":{"type":"Point","coordinates":[21.600015,63.099984]}},{"type":"Feature","properties":{"name":"Tampere","min_zoom":5.1,"labelrank":7,"pop_max":259279},"geometry":{"type":"Point","coordinates":[23.750013,61.500005]}},{"type":"Feature","properties":{"name":"Venice","min_zoom":5.1,"labelrank":3,"pop_max":270816},"geometry":{"type":"Point","coordinates":[12.334999,45.438659]}},{"type":"Feature","properties":{"name":"Annaba","min_zoom":5.6,"labelrank":5,"pop_max":503524},"geometry":{"type":"Point","coordinates":[7.759981,36.920006]}},{"type":"Feature","properties":{"name":"Constantine","min_zoom":5.6,"labelrank":5,"pop_max":605179},"geometry":{"type":"Point","coordinates":[6.599948,36.359989]}},{"type":"Feature","properties":{"name":"Brest","min_zoom":5.1,"labelrank":6,"pop_max":300715},"geometry":{"type":"Point","coordinates":[23.69999,52.099984]}},{"type":"Feature","properties":{"name":"Tunis","min_zoom":5,"labelrank":7,"pop_max":2412500},"geometry":{"type":"Point","coordinates":[10.179678,36.802778]}},{"type":"Feature","properties":{"name":"Sevastopol","min_zoom":4,"labelrank":5,"pop_max":379200},"geometry":{"type":"Point","coordinates":[33.524395,44.603925]}},{"type":"Feature","properties":{"name":"Glasgow","min_zoom":4,"labelrank":5,"pop_max":1160000},"geometry":{"type":"Point","coordinates":[-4.239101,55.86227]}},{"type":"Feature","properties":{"name":"Seville","min_zoom":5,"labelrank":3,"pop_max":1212045},"geometry":{"type":"Point","coordinates":[-5.980007,37.405015]}},{"type":"Feature","properties":{"name":"Tromsø","min_zoom":3.7,"labelrank":7,"pop_max":52436},"geometry":{"type":"Point","coordinates":[18.992025,69.635076]}},{"type":"Feature","properties":{"name":"Trondheim","min_zoom":4,"labelrank":7,"pop_max":147139},"geometry":{"type":"Point","coordinates":[10.416666,63.416657]}},{"type":"Feature","properties":{"name":"Bergen","min_zoom":5,"labelrank":7,"pop_max":213585},"geometry":{"type":"Point","coordinates":[5.324522,60.391002]}},{"type":"Feature","properties":{"name":"Fez","min_zoom":5,"labelrank":5,"pop_max":1002000},"geometry":{"type":"Point","coordinates":[-5.002323,34.056545]}},{"type":"Feature","properties":{"name":"Rabat","min_zoom":5,"labelrank":5,"pop_max":1705000},"geometry":{"type":"Point","coordinates":[-6.836408,34.025307]}},{"type":"Feature","properties":{"name":"Chișinău","min_zoom":5,"labelrank":8,"pop_max":688134},"geometry":{"type":"Point","coordinates":[28.857711,47.005024]}},{"type":"Feature","properties":{"name":"Murmansk","min_zoom":3.7,"labelrank":2,"pop_max":319263},"geometry":{"type":"Point","coordinates":[33.100036,68.969988]}},{"type":"Feature","properties":{"name":"Archangel","min_zoom":4,"labelrank":2,"pop_max":356051},"geometry":{"type":"Point","coordinates":[40.545008,64.574959]}},{"type":"Feature","properties":{"name":"Nizhny Novgorod","min_zoom":5,"labelrank":2,"pop_max":1278000},"geometry":{"type":"Point","coordinates":[43.998148,56.334953]}},{"type":"Feature","properties":{"name":"Volgograd","min_zoom":4,"labelrank":2,"pop_max":984000},"geometry":{"type":"Point","coordinates":[44.498015,48.711956]}},{"type":"Feature","properties":{"name":"Valencia","min_zoom":4.7,"labelrank":3,"pop_max":808000},"geometry":{"type":"Point","coordinates":[-0.401958,39.486963]}},{"type":"Feature","properties":{"name":"Palermo","min_zoom":5,"labelrank":3,"pop_max":863000},"geometry":{"type":"Point","coordinates":[13.348081,38.126969]}},{"type":"Feature","properties":{"name":"Vilnius","min_zoom":5,"labelrank":8,"pop_max":542366},"geometry":{"type":"Point","coordinates":[25.316635,54.683366]}},{"type":"Feature","properties":{"name":"Riga","min_zoom":4,"labelrank":8,"pop_max":742572},"geometry":{"type":"Point","coordinates":[24.099965,56.950024]}},{"type":"Feature","properties":{"name":"Lyon","min_zoom":4.7,"labelrank":3,"pop_max":1423000},"geometry":{"type":"Point","coordinates":[4.828085,45.771954]}},{"type":"Feature","properties":{"name":"Zagreb","min_zoom":5,"labelrank":8,"pop_max":722526},"geometry":{"type":"Point","coordinates":[15.999995,45.800007]}},{"type":"Feature","properties":{"name":"Tallinn","min_zoom":5,"labelrank":8,"pop_max":394024},"geometry":{"type":"Point","coordinates":[24.728041,59.433877]}},{"type":"Feature","properties":{"name":"Thessaloniki","min_zoom":5,"labelrank":6,"pop_max":828000},"geometry":{"type":"Point","coordinates":[22.883055,40.698052]}},{"type":"Feature","properties":{"name":"Tbilisi","min_zoom":5,"labelrank":8,"pop_max":1100000},"geometry":{"type":"Point","coordinates":[44.78885,41.726956]}},{"type":"Feature","properties":{"name":"Belgrade","min_zoom":5,"labelrank":8,"pop_max":1099000},"geometry":{"type":"Point","coordinates":[20.466045,44.820591]}},{"type":"Feature","properties":{"name":"Tirana","min_zoom":5,"labelrank":8,"pop_max":895350},"geometry":{"type":"Point","coordinates":[19.818883,41.327541]}},{"type":"Feature","properties":{"name":"Yerevan","min_zoom":5,"labelrank":8,"pop_max":1102000},"geometry":{"type":"Point","coordinates":[44.511606,40.183097]}},{"type":"Feature","properties":{"name":"Oran","min_zoom":5,"labelrank":5,"pop_max":798000},"geometry":{"type":"Point","coordinates":[-0.621919,35.711948]}},{"type":"Feature","properties":{"name":"Sofia","min_zoom":5,"labelrank":7,"pop_max":1185000},"geometry":{"type":"Point","coordinates":[23.314708,42.685295]}},{"type":"Feature","properties":{"name":"Minsk","min_zoom":5,"labelrank":6,"pop_max":1805000},"geometry":{"type":"Point","coordinates":[27.564681,53.901923]}},{"type":"Feature","properties":{"name":"Sarajevo","min_zoom":5,"labelrank":8,"pop_max":696731},"geometry":{"type":"Point","coordinates":[18.383002,43.850022]}},{"type":"Feature","properties":{"name":"Valletta","min_zoom":5,"labelrank":0,"pop_max":368250},"geometry":{"type":"Point","coordinates":[14.514711,35.899732]}},{"type":"Feature","properties":{"name":"Nicosia","min_zoom":5,"labelrank":0,"pop_max":224300},"geometry":{"type":"Point","coordinates":[33.366635,35.166677]}},{"type":"Feature","properties":{"name":"Ankara","min_zoom":4,"labelrank":5,"pop_max":3716000},"geometry":{"type":"Point","coordinates":[32.862446,39.929184]}},{"type":"Feature","properties":{"name":"Budapest","min_zoom":4.7,"labelrank":6,"pop_max":1679000},"geometry":{"type":"Point","coordinates":[19.081375,47.501952]}},{"type":"Feature","properties":{"name":"Barcelona","min_zoom":4,"labelrank":3,"pop_max":4920000},"geometry":{"type":"Point","coordinates":[2.181424,41.385245]}},{"type":"Feature","properties":{"name":"Bucharest","min_zoom":4,"labelrank":6,"pop_max":1942000},"geometry":{"type":"Point","coordinates":[26.098001,44.435318]}},{"type":"Feature","properties":{"name":"Aleppo","min_zoom":4.7,"labelrank":6,"pop_max":2738000},"geometry":{"type":"Point","coordinates":[37.168074,36.231917]}},{"type":"Feature","properties":{"name":"Zürich","min_zoom":4.7,"labelrank":7,"pop_max":1108000},"geometry":{"type":"Point","coordinates":[8.548064,47.381934]}},{"type":"Feature","properties":{"name":"Lisbon","min_zoom":4,"labelrank":6,"pop_max":2812000},"geometry":{"type":"Point","coordinates":[-9.146812,38.724669]}},{"type":"Feature","properties":{"name":"Oslo","min_zoom":4,"labelrank":7,"pop_max":835000},"geometry":{"type":"Point","coordinates":[10.748033,59.918636]}},{"type":"Feature","properties":{"name":"St.  Petersburg","min_zoom":3.7,"labelrank":2,"pop_max":4553000},"geometry":{"type":"Point","coordinates":[30.314074,59.94096]}},{"type":"Feature","properties":{"name":"Warsaw","min_zoom":4,"labelrank":5,"pop_max":1707000},"geometry":{"type":"Point","coordinates":[21.005347,52.230872]}},{"type":"Feature","properties":{"name":"Dublin","min_zoom":4,"labelrank":8,"pop_max":1059000},"geometry":{"type":"Point","coordinates":[-6.25698,53.346731]}},{"type":"Feature","properties":{"name":"Naples","min_zoom":4.7,"labelrank":3,"pop_max":2250000},"geometry":{"type":"Point","coordinates":[14.243066,40.841971]}},{"type":"Feature","properties":{"name":"Milan","min_zoom":4.7,"labelrank":3,"pop_max":2945000},"geometry":{"type":"Point","coordinates":[9.203063,45.471921]}},{"type":"Feature","properties":{"name":"Frankfurt","min_zoom":4,"labelrank":3,"pop_max":2895000},"geometry":{"type":"Point","coordinates":[8.675015,50.099977]}},{"type":"Feature","properties":{"name":"Hamburg","min_zoom":5,"labelrank":3,"pop_max":1757000},"geometry":{"type":"Point","coordinates":[9.998053,53.551971]}},{"type":"Feature","properties":{"name":"Munich","min_zoom":4.7,"labelrank":3,"pop_max":1275000},"geometry":{"type":"Point","coordinates":[11.573048,48.131888]}},{"type":"Feature","properties":{"name":"Prague","min_zoom":4.7,"labelrank":7,"pop_max":1162000},"geometry":{"type":"Point","coordinates":[14.422939,50.086967]}},{"type":"Feature","properties":{"name":"Helsinki","min_zoom":4,"labelrank":7,"pop_max":1115000},"geometry":{"type":"Point","coordinates":[24.932457,60.163804]}},{"type":"Feature","properties":{"name":"København","min_zoom":4,"labelrank":8,"pop_max":1085000},"geometry":{"type":"Point","coordinates":[12.56154,55.68051]}},{"type":"Feature","properties":{"name":"Brussels","min_zoom":4.7,"labelrank":8,"pop_max":1743000},"geometry":{"type":"Point","coordinates":[4.331371,50.835263]}},{"type":"Feature","properties":{"name":"Algiers","min_zoom":4,"labelrank":5,"pop_max":3354000},"geometry":{"type":"Point","coordinates":[3.048607,36.765011]}},{"type":"Feature","properties":{"name":"Kyiv","min_zoom":3.7,"labelrank":5,"pop_max":2709000},"geometry":{"type":"Point","coordinates":[30.514682,50.435313]}},{"type":"Feature","properties":{"name":"Madrid","min_zoom":3,"labelrank":3,"pop_max":5567000},"geometry":{"type":"Point","coordinates":[-3.685297,40.401972]}},{"type":"Feature","properties":{"name":"Geneva","min_zoom":3.7,"labelrank":7,"pop_max":1240000},"geometry":{"type":"Point","coordinates":[6.140028,46.210008]}},{"type":"Feature","properties":{"name":"Stockholm","min_zoom":3,"labelrank":7,"pop_max":1264000},"geometry":{"type":"Point","coordinates":[18.0663,59.324127]}},{"type":"Feature","properties":{"name":"Amsterdam","min_zoom":3.7,"labelrank":8,"pop_max":1031000},"geometry":{"type":"Point","coordinates":[4.914694,52.351914]}},{"type":"Feature","properties":{"name":"Berlin","min_zoom":2.7,"labelrank":3,"pop_max":3406000},"geometry":{"type":"Point","coordinates":[13.399603,52.523764]}},{"type":"Feature","properties":{"name":"Athens","min_zoom":3.7,"labelrank":6,"pop_max":3242000},"geometry":{"type":"Point","coordinates":[23.731375,37.985272]}},{"type":"Feature","properties":{"name":"Vienna","min_zoom":3.7,"labelrank":7,"pop_max":2400000},"geometry":{"type":"Point","coordinates":[16.364693,48.201961]}},{"type":"Feature","properties":{"name":"London","min_zoom":1.7,"labelrank":5,"pop_max":8567000},"geometry":{"type":"Point","coordinates":[-0.118668,51.501941]}},{"type":"Feature","properties":{"name":"Istanbul","min_zoom":3,"labelrank":5,"pop_max":10061000},"geometry":{"type":"Point","coordinates":[28.974277,41.017602]}},{"type":"Feature","properties":{"name":"Moscow","min_zoom":1.7,"labelrank":2,"pop_max":10452000},"geometry":{"type":"Point","coordinates":[37.613577,55.75411]}},{"type":"Feature","properties":{"name":"Rome","min_zoom":2.7,"labelrank":3,"pop_max":3339000},"geometry":{"type":"Point","coordinates":[12.481313,41.897902]}},{"type":"Feature","properties":{"name":"Paris","min_zoom":1.7,"labelrank":3,"pop_max":9904000},"geometry":{"type":"Point","coordinates":[2.352992,48.858092]}}]}