{"type":"FeatureCollection","features":[{"type":"Feature","properties":{"min_zoom":7},"geometry":{"type":"MultiPolygon","coordinates":[[[[30.809773,38.270688],[30.860109,38.280991],[30.893078,38.274809],[30.882775,38.240369],[30.86894,38.208283],[30.855105,38.175903],[30.856282,38.150293],[30.8919,38.143523],[30.92428,38.122034],[30.93841,38.092304],[30.944003,38.067871],[30.947535,38.050798],[30.958132,38.022834],[30.966669,37.990159],[30.948124,37.963667],[30.918099,37.928048],[30.905147,37.894785],[30.898376,37.868293],[30.876593,37.852397],[30.855693,37.861522],[30.84804,37.877123],[30.834499,37.88566],[30.811833,37.910387],[30.79476,37.931875],[30.77857,37.940117],[30.7718,37.959251],[30.777098,37.980151],[30.796821,37.996341],[30.812716,38.016652],[30.831556,38.049915],[30.852161,38.076997],[30.843624,38.111143],[30.813894,38.138224],[30.774155,38.148527],[30.755021,38.171193],[30.751194,38.195331],[30.752077,38.223001],[30.773271,38.25126],[30.809773,38.270688]]]]}},{"type":"Feature","properties":{"min_zoom":5.7},"geometry":{"type":"MultiPolygon","coordinates":[[[[31.485633,37.61043],[31.465027,37.60778],[31.456491,37.628091],[31.459434,37.669891],[31.451781,37.687553],[31.452664,37.699328],[31.45914,37.717872],[31.436474,37.757317],[31.41263,37.800883],[31.388787,37.832969],[31.353757,37.869176],[31.339334,37.894785],[31.324027,37.91804],[31.318728,37.95042],[31.357879,37.962195],[31.394674,37.966316],[31.418518,37.977207],[31.447954,37.957191],[31.474152,37.932464],[31.498879,37.910387],[31.527727,37.886837],[31.561579,37.86947],[31.575708,37.847687],[31.580712,37.834146],[31.593076,37.817662],[31.594842,37.794407],[31.602201,37.781161],[31.613092,37.784693],[31.626633,37.79529],[31.646355,37.795879],[31.654892,37.77233],[31.673143,37.743777],[31.686095,37.727586],[31.702285,37.70492],[31.706406,37.676367],[31.674909,37.66577],[31.644295,37.658117],[31.582478,37.641338],[31.526255,37.635745],[31.515658,37.628386],[31.520073,37.6172],[31.5239,37.604837],[31.508299,37.60101],[31.485633,37.61043]]]]}},{"type":"Feature","properties":{"min_zoom":4.7},"geometry":{"type":"MultiPolygon","coordinates":[[[[33.448453,65.652734],[33.420782,65.650968],[33.392229,65.653911],[33.37545,65.666863],[33.382809,65.685114],[33.416956,65.687174],[33.441093,65.690707],[33.427847,65.701304],[33.399883,65.706308],[33.37074,65.697183],[33.3572,65.682465],[33.348663,65.673339],[33.321582,65.668924],[33.301859,65.675105],[33.291851,65.67069],[33.275955,65.66598],[33.247402,65.672456],[33.223264,65.668629],[33.205897,65.666275],[33.187646,65.67746],[33.170867,65.687174],[33.149967,65.69365],[33.140253,65.711901],[33.149084,65.734273],[33.209429,65.742515],[33.26683,65.733978],[33.283609,65.739571],[33.309513,65.748991],[33.340715,65.757233],[33.373978,65.76577],[33.400177,65.775484],[33.42667,65.791379],[33.444626,65.804331],[33.424903,65.81434],[33.414306,65.834062],[33.444037,65.859966],[33.505265,65.860555],[33.549125,65.857906],[33.572674,65.867031],[33.60005,65.877039],[33.635668,65.881455],[33.671875,65.884987],[33.709554,65.886459],[33.759595,65.88381],[33.77814,65.876451],[33.735163,65.870858],[33.686888,65.862615],[33.641261,65.854962],[33.599167,65.853784],[33.573852,65.849075],[33.538234,65.839949],[33.514096,65.832885],[33.506737,65.824348],[33.516745,65.807275],[33.538234,65.805214],[33.556779,65.803743],[33.582683,65.796383],[33.615651,65.806981],[33.639789,65.8164],[33.653036,65.820521],[33.675702,65.823465],[33.700428,65.815223],[33.726921,65.809041],[33.756063,65.812868],[33.790504,65.815812],[33.823178,65.819344],[33.848788,65.824054],[33.874692,65.833473],[33.893826,65.841127],[33.914725,65.832296],[33.941513,65.815223],[33.947694,65.799916],[33.927383,65.786964],[33.906483,65.783137],[33.870865,65.786081],[33.842017,65.780782],[33.816996,65.778722],[33.795802,65.774601],[33.777552,65.763709],[33.736046,65.762826],[33.705727,65.759294],[33.681295,65.74958],[33.658334,65.739571],[33.644205,65.73074],[33.630664,65.722204],[33.618301,65.715433],[33.603288,65.699538],[33.609175,65.67746],[33.612708,65.662448],[33.652447,65.649496],[33.706316,65.632717],[33.693952,65.625947],[33.66952,65.621531],[33.633902,65.614466],[33.601228,65.612995],[33.571202,65.609462],[33.532641,65.621531],[33.507031,65.628596],[33.487897,65.617999],[33.451985,65.615938],[33.425198,65.627418],[33.449336,65.630951],[33.473474,65.63831],[33.496728,65.648318],[33.520866,65.652734],[33.515273,65.661859],[33.50291,65.66127],[33.48201,65.657149],[33.448453,65.652734]]]]}},{"type":"Feature","properties":{"min_zoom":4},"geometry":{"type":"MultiPolygon","coordinates":[[[[31.278989,66.028931],[31.239544,66.024516],[31.232774,66.00391],[31.233068,65.96947],[31.240427,65.953574],[31.280461,65.950042],[31.313724,65.939739],[31.331386,65.926787],[31.340511,65.919133],[31.350225,65.912657],[31.356407,65.899117],[31.344338,65.8791],[31.319317,65.870269],[31.287231,65.875862],[31.258089,65.879689],[31.239544,65.865559],[31.253379,65.857611],[31.276045,65.852901],[31.303127,65.832002],[31.286348,65.816106],[31.215995,65.816695],[31.172429,65.823465],[31.147114,65.840244],[31.134162,65.859377],[31.153295,65.858494],[31.197156,65.86026],[31.224532,65.875273],[31.216289,65.882043],[31.205692,65.887636],[31.189208,65.894995],[31.170663,65.897939],[31.081176,65.920016],[31.049679,65.925021],[31.001109,65.930319],[30.97756,65.935029],[30.94312,65.945037],[30.915155,65.950925],[30.88513,65.954751],[30.823902,65.973591],[30.787695,65.995374],[30.757964,66.005971],[30.714104,66.018334],[30.671127,66.026282],[30.641691,66.035407],[30.624912,66.051303],[30.62138,66.06396],[30.627856,66.07809],[30.648461,66.086038],[30.671421,66.095752],[30.702918,66.10576],[30.736182,66.120773],[30.723524,66.135197],[30.699975,66.142556],[30.660824,66.157568],[30.629622,66.164927],[30.609605,66.171698],[30.593709,66.18465],[30.617553,66.196424],[30.640219,66.198485],[30.682313,66.194658],[30.722052,66.189654],[30.736476,66.186122],[30.749428,66.194658],[30.767678,66.20084],[30.791816,66.209965],[30.828023,66.218796],[30.866879,66.225272],[30.839503,66.233809],[30.791816,66.240579],[30.783574,66.254708],[30.814188,66.262656],[30.845979,66.275314],[30.830672,66.288855],[30.807123,66.295625],[30.767384,66.309755],[30.741774,66.328005],[30.728822,66.338897],[30.74148,66.345667],[30.784752,66.336247],[30.797115,66.323001],[30.818898,66.33507],[30.854516,66.34655],[30.879537,66.338602],[30.895433,66.332715],[30.902203,66.319763],[30.888957,66.304162],[30.883952,66.295331],[30.913683,66.289443],[30.946652,66.282967],[30.963136,66.28179],[30.987274,66.2865],[31.003464,66.291504],[31.022598,66.293859],[31.045853,66.29798],[31.062926,66.304456],[31.074112,66.299452],[31.102959,66.292093],[31.141227,66.320352],[31.140932,66.357442],[31.117972,66.365095],[31.106786,66.37216],[31.12121,66.371277],[31.145642,66.36951],[31.158594,66.382168],[31.178611,66.387467],[31.209519,66.392176],[31.225709,66.408072],[31.250436,66.416609],[31.270747,66.419552],[31.233657,66.424557],[31.193035,66.43221],[31.20893,66.440452],[31.233657,66.451638],[31.256912,66.465179],[31.290175,66.4693],[31.306365,66.474304],[31.324321,66.477836],[31.348165,66.481074],[31.375246,66.491672],[31.409392,66.496676],[31.424699,66.500797],[31.452664,66.505801],[31.503294,66.502857],[31.533908,66.5111],[31.565405,66.51993],[31.587777,66.507567],[31.572764,66.497264],[31.55628,66.489611],[31.558635,66.478425],[31.570998,66.482252],[31.601023,66.486667],[31.63517,66.489022],[31.656658,66.493438],[31.672848,66.487845],[31.739374,66.47872],[31.797659,66.467239],[31.752032,66.462529],[31.703756,66.460763],[31.681973,66.456348],[31.663134,66.452815],[31.620746,66.448694],[31.568055,66.455759],[31.54951,66.451049],[31.521251,66.442807],[31.495347,66.451049],[31.480334,66.456642],[31.462083,66.451638],[31.443833,66.447811],[31.397618,66.449283],[31.357879,66.451344],[31.34787,66.446928],[31.325793,66.441335],[31.301361,66.437214],[31.300772,66.423085],[31.321672,66.413076],[31.34316,66.406895],[31.377307,66.398947],[31.402328,66.384817],[31.387315,66.373926],[31.375835,66.367156],[31.365532,66.362151],[31.335801,66.348316],[31.283404,66.33507],[31.251613,66.325061],[31.219233,66.315053],[31.188619,66.313287],[31.174195,66.295919],[31.149469,66.285028],[31.1374,66.270898],[31.14417,66.247644],[31.141521,66.230276],[31.116794,66.221445],[31.102665,66.214086],[31.086475,66.208788],[31.071757,66.204078],[31.09089,66.18936],[31.126214,66.177585],[31.155945,66.175819],[31.189208,66.171109],[31.205104,66.15698],[31.183615,66.142556],[31.160949,66.131075],[31.174195,66.119007],[31.190974,66.096046],[31.174195,66.071025],[31.190974,66.061606],[31.24602,66.058368],[31.286054,66.04571],[31.278989,66.028931]]],[[[30.897493,66.046004],[30.929873,66.051892],[30.952834,66.058368],[30.928401,66.080445],[30.898082,66.091042],[30.871883,66.079267],[30.843036,66.061606],[30.861286,66.045416],[30.897493,66.046004]]],[[[31.022598,66.179057],[31.020832,66.19613],[31.000521,66.209376],[30.968729,66.214675],[30.936643,66.211143],[30.914272,66.199074],[30.923986,66.186122],[30.94989,66.169932],[30.963725,66.162572],[30.989629,66.160218],[31.015533,66.162572],[31.022598,66.179057]]]]}},{"type":"Feature","properties":{"min_zoom":1},"geometry":{"type":"MultiPolygon","coordinates":[[[[30.077983,61.242865],[30.088286,61.25199],[30.110658,61.259349],[30.082399,61.274362],[30.077395,61.292318],[30.092407,61.307625],[30.124199,61.314101],[30.19779,61.300855],[30.237529,61.301149],[30.261372,61.320871],[30.244005,61.324698],[30.208387,61.32823],[30.19308,61.334412],[30.226048,61.333235],[30.239884,61.336767],[30.24842,61.348247],[30.223105,61.355312],[30.144804,61.355018],[30.163643,61.369736],[30.196906,61.383571],[30.219572,61.40035],[30.206915,61.423899],[30.221927,61.432435],[30.247243,61.453924],[30.264905,61.458045],[30.311414,61.445976],[30.338496,61.442444],[30.350859,61.451275],[30.264905,61.479239],[30.237234,61.4813],[30.226637,61.488659],[30.22546,61.503377],[30.227226,61.526926],[30.253719,61.517212],[30.268731,61.514563],[30.29699,61.519861],[30.316124,61.519861],[30.334669,61.516329],[30.373819,61.496312],[30.415913,61.487776],[30.458891,61.485715],[30.488033,61.491602],[30.472431,61.513385],[30.452415,61.533697],[30.474492,61.531047],[30.498041,61.524571],[30.520118,61.521922],[30.561329,61.540467],[30.619908,61.540761],[30.645812,61.546943],[30.583407,61.57844],[30.575753,61.5805],[30.566628,61.581972],[30.559269,61.584916],[30.556031,61.591981],[30.557503,61.601989],[30.561624,61.60611],[30.5681,61.606404],[30.587528,61.601106],[30.59577,61.601989],[30.601951,61.606699],[30.604012,61.61553],[30.607544,61.624949],[30.616375,61.629659],[30.638158,61.636135],[30.650522,61.644672],[30.703507,61.699718],[30.82037,61.775958],[30.83391,61.780079],[30.84127,61.778608],[30.849512,61.770365],[30.858048,61.766539],[30.893666,61.759179],[30.906324,61.759768],[30.896316,61.752703],[30.864819,61.738574],[30.88513,61.738574],[30.925752,61.732981],[30.926046,61.732392],[30.990512,61.729449],[31.023775,61.723267],[31.049679,61.711198],[31.062631,61.695008],[31.066164,61.677052],[31.06322,61.639373],[31.078233,61.622889],[31.111201,61.613469],[31.143876,61.610231],[31.158888,61.612292],[31.165953,61.638196],[31.184204,61.637607],[31.208636,61.630542],[31.23454,61.636135],[31.228653,61.647027],[31.228947,61.656152],[31.236012,61.662039],[31.248964,61.663511],[31.260444,61.660567],[31.261033,61.654975],[31.258972,61.647027],[31.261916,61.636135],[31.271924,61.621417],[31.283404,61.608465],[31.298123,61.59934],[31.317256,61.595219],[31.316373,61.606404],[31.319317,61.614352],[31.326382,61.619945],[31.337567,61.622595],[31.333152,61.627304],[31.323438,61.642317],[31.337862,61.635252],[31.378484,61.622595],[31.411158,61.593747],[31.434413,61.58521],[31.483866,61.54812],[31.510065,61.534874],[31.522134,61.526926],[31.534497,61.514269],[31.537735,61.505732],[31.538029,61.497195],[31.542445,61.485421],[31.55157,61.474529],[31.56305,61.464521],[31.57247,61.453924],[31.576591,61.440677],[31.592192,61.424487],[31.625161,61.405943],[31.652243,61.398878],[31.652243,61.416245],[31.641351,61.428314],[31.616036,61.440972],[31.604556,61.451275],[31.596608,61.464815],[31.59337,61.478356],[31.598963,61.48601],[31.617802,61.482183],[31.639879,61.468348],[31.700813,61.410358],[31.730838,61.391813],[31.766456,61.376506],[31.804429,61.365909],[31.856826,61.359139],[31.865951,61.352074],[31.882435,61.331468],[31.897448,61.319694],[31.912461,61.312335],[32.210504,61.224467],[32.508548,61.136599],[32.533569,61.118349],[32.569481,61.081259],[32.58155,61.060359],[32.585083,61.032689],[32.582433,61.016793],[32.578901,61.005902],[32.580373,60.998248],[32.591559,60.991772],[32.608632,60.991772],[32.621584,60.997071],[32.629532,60.995599],[32.632475,60.974699],[32.64425,60.960275],[32.721079,60.90258],[32.77848,60.878442],[32.805856,60.861369],[32.817336,60.83782],[32.80615,60.777181],[32.803501,60.745978],[32.814098,60.721546],[32.847361,60.70565],[32.89181,60.696819],[32.932727,60.684162],[32.95451,60.656786],[32.948328,60.628821],[32.925662,60.600857],[32.862079,60.544339],[32.821163,60.515491],[32.809388,60.500773],[32.794081,60.471042],[32.78319,60.457501],[32.772887,60.470453],[32.775242,60.482228],[32.779657,60.493708],[32.776419,60.505777],[32.76229,60.51343],[32.720784,60.520201],[32.677219,60.544044],[32.637774,60.551109],[32.601567,60.544633],[32.585083,60.519023],[32.594797,60.49989],[32.617463,60.474869],[32.642778,60.453086],[32.659557,60.443666],[32.67192,60.439545],[32.680457,60.429242],[32.685461,60.415702],[32.686933,60.40275],[32.682223,60.393919],[32.670743,60.381555],[32.645427,60.361244],[32.629532,60.355357],[32.618346,60.356534],[32.60716,60.360067],[32.591559,60.361244],[32.582433,60.358595],[32.578018,60.352413],[32.57949,60.342994],[32.622467,60.289419],[32.626588,60.278528],[32.626588,60.263515],[32.62335,60.248797],[32.619523,60.2382],[32.569776,60.190807],[32.497951,60.165492],[32.29219,60.133995],[32.263931,60.138116],[32.238616,60.152834],[32.1768,60.207586],[32.164142,60.215828],[32.152073,60.214945],[32.13971,60.211119],[32.125286,60.211119],[32.112628,60.215534],[32.095555,60.22672],[32.083781,60.232313],[32.050223,60.239966],[31.778231,60.246442],[31.762924,60.249386],[31.7485,60.254979],[31.736431,60.258511],[31.731427,60.252918],[31.729072,60.243499],[31.724362,60.235256],[31.588954,60.166964],[31.570409,60.135173],[31.580123,60.140471],[31.593664,60.14577],[31.605733,60.146653],[31.610737,60.138705],[31.606616,60.129285],[31.596902,60.123104],[31.576591,60.114861],[31.545977,60.091018],[31.540973,60.081893],[31.539796,60.072179],[31.537146,60.06217],[31.528904,60.052751],[31.549215,60.036561],[31.56776,60.010068],[31.57718,59.979748],[31.570409,59.950901],[31.537146,59.927057],[31.483572,59.908807],[31.427348,59.900564],[31.385843,59.905863],[31.371125,59.917343],[31.362,59.930001],[31.349342,59.939715],[31.323438,59.943542],[31.271336,59.941187],[31.243665,59.936182],[31.224237,59.926468],[31.186853,59.91646],[31.127391,59.919992],[31.071168,59.93265],[31.042615,59.950901],[31.085592,59.958554],[31.097366,59.964147],[31.102371,59.969446],[31.104137,59.982103],[31.107375,59.987991],[31.113556,59.991817],[31.128275,59.996527],[31.146231,60.008596],[31.155945,60.013011],[31.161243,60.019487],[31.158888,60.032145],[31.150646,60.040976],[31.135634,60.050101],[31.118561,60.057166],[31.104137,60.06011],[31.087652,60.068646],[31.094717,60.088074],[31.110024,60.111035],[31.117972,60.128991],[31.105903,60.152246],[31.081176,60.164609],[31.028485,60.179916],[30.989923,60.206409],[30.961959,60.236728],[30.882186,60.396862],[30.85746,60.43513],[30.823608,60.46486],[30.809773,60.450731],[30.796526,60.440428],[30.78328,60.438956],[30.76915,60.450731],[30.76238,60.464272],[30.762086,60.47899],[30.766795,60.493119],[30.775921,60.505777],[30.759142,60.52079],[30.727939,60.537274],[30.714399,60.55317],[30.713515,60.557879],[30.713515,60.56465],[30.712044,60.572303],[30.706156,60.580251],[30.695854,60.586727],[30.533953,60.629999],[30.5263,60.639713],[30.52836,60.67327],[30.523062,60.686222],[30.499513,60.713304],[30.494214,60.728022],[30.497747,60.737442],[30.507166,60.740091],[30.531893,60.738619],[30.536014,60.742446],[30.529832,60.761579],[30.536603,60.783362],[30.536308,60.80544],[30.532187,60.825751],[30.525122,60.834876],[30.516586,60.83782],[30.499513,60.851655],[30.490976,60.854599],[30.477435,60.855776],[30.445644,60.862841],[30.432692,60.868434],[30.448882,60.881091],[30.457713,60.885801],[30.466838,60.889333],[30.448588,60.897281],[30.379412,60.952622],[30.363222,60.962336],[30.300817,60.989712],[30.254602,61.032689],[30.234585,61.04358],[29.895772,61.165447],[29.816588,61.209602],[29.795688,61.218433],[29.80864,61.223437],[29.825419,61.22432],[29.842198,61.221376],[29.871045,61.205186],[29.912551,61.206952],[29.929035,61.200771],[29.936983,61.191645],[29.941987,61.184286],[29.948169,61.17781],[29.959649,61.169862],[29.976722,61.16162],[29.993795,61.155733],[30.011163,61.153378],[30.02853,61.155733],[30.012635,61.188113],[30.001449,61.201654],[29.987025,61.211073],[29.95906,61.217255],[29.902542,61.221671],[29.877227,61.231973],[29.886352,61.235506],[29.893711,61.236978],[29.901659,61.236094],[29.911373,61.231973],[29.898716,61.243748],[29.878699,61.250813],[29.836899,61.259349],[29.86192,61.264942],[29.872517,61.278483],[29.878699,61.294673],[29.890768,61.307331],[29.909607,61.306742],[30.030002,61.245808],[30.049136,61.239038],[30.068858,61.236978],[30.077983,61.242865]]],[[[30.796821,61.704133],[30.800942,61.71738],[30.802708,61.732392],[30.780336,61.724445],[30.762674,61.715025],[30.746779,61.702956],[30.730883,61.68706],[30.714987,61.661156],[30.725584,61.651148],[30.775921,61.64997],[30.792111,61.645849],[30.801825,61.639079],[30.810361,61.630837],[30.823608,61.622595],[30.828906,61.620828],[30.836265,61.62024],[30.839798,61.623183],[30.810361,61.667338],[30.795937,61.680584],[30.775921,61.683234],[30.810067,61.683234],[30.804768,61.687943],[30.796821,61.704133]]],[[[30.85746,61.711787],[30.850984,61.697657],[30.85746,61.68029],[30.874238,61.666455],[30.912506,61.64997],[30.904852,61.667043],[30.907501,61.685],[30.907501,61.700601],[30.8919,61.711198],[30.899554,61.705016],[30.887485,61.712964],[30.871589,61.715908],[30.85746,61.711787]]],[[[30.631682,61.575791],[30.650522,61.564899],[30.670538,61.558718],[30.686434,61.561072],[30.679369,61.567548],[30.65582,61.582561],[30.617553,61.589037],[30.631682,61.575791]]],[[[30.565156,61.518978],[30.54926,61.519567],[30.563979,61.505732],[30.582229,61.499845],[30.601363,61.503966],[30.617553,61.519567],[30.610782,61.526926],[30.565156,61.518978]]],[[[30.337024,61.485421],[30.351742,61.475707],[30.368815,61.468348],[30.387066,61.464227],[30.404728,61.464815],[30.395308,61.472763],[30.384416,61.479239],[30.35969,61.486598],[30.348504,61.487776],[30.337024,61.485421]]],[[[30.960193,61.412419],[30.885719,61.389164],[30.911328,61.366203],[30.955188,61.357078],[30.988157,61.365615],[30.980798,61.395934],[30.987863,61.395345],[30.992573,61.397406],[30.996399,61.40035],[31.001109,61.402705],[31.008174,61.402705],[31.012589,61.406826],[31.018182,61.409769],[31.025247,61.411241],[30.99846,61.419189],[30.960193,61.412419]]],[[[31.537441,61.394462],[31.528904,61.375623],[31.53332,61.361199],[31.545977,61.348247],[31.576591,61.32823],[31.619568,61.306447],[31.644884,61.301738],[31.659307,61.314101],[31.651065,61.327642],[31.633403,61.338239],[31.625161,61.348542],[31.646061,61.361788],[31.596902,61.389164],[31.578357,61.395345],[31.55628,61.399172],[31.537441,61.394462]]],[[[31.67903,61.382099],[31.666078,61.375623],[31.69522,61.371208],[31.7067,61.365909],[31.714354,61.355018],[31.700813,61.355018],[31.713765,61.349425],[31.741729,61.342949],[31.75527,61.337944],[31.819736,61.302915],[31.83887,61.299971],[31.885673,61.300855],[31.873899,61.308214],[31.849172,61.310569],[31.837986,61.314101],[31.832688,61.320283],[31.827684,61.336178],[31.824151,61.341182],[31.801191,61.351485],[31.750855,61.362377],[31.728189,61.375623],[31.720535,61.375623],[31.707289,61.380922],[31.693159,61.383276],[31.67903,61.382099]]],[[[30.260783,61.375329],[30.321717,61.387103],[30.350859,61.389164],[30.335846,61.395345],[30.304644,61.393579],[30.288748,61.395934],[30.296107,61.395934],[30.26255,61.397995],[30.251069,61.394168],[30.234585,61.382982],[30.260783,61.375329]]],[[[29.95906,61.239038],[29.980254,61.239038],[29.970835,61.246692],[29.932567,61.261998],[29.918732,61.264942],[29.911373,61.265531],[29.923442,61.249341],[29.939632,61.241687],[29.95906,61.239038]]],[[[30.621968,60.896693],[30.608722,60.898459],[30.591943,60.892277],[30.575164,60.881091],[30.562212,60.868434],[30.59106,60.856953],[30.605778,60.860191],[30.613726,60.874615],[30.621968,60.896693]]],[[[30.796821,61.704133],[30.796526,61.704722],[30.796526,61.705016],[30.796821,61.704133]]]]}},{"type":"Feature","properties":{"min_zoom":1.7},"geometry":{"type":"MultiPolygon","coordinates":[[[[14.116677,59.066631],[14.098132,59.042493],[14.071051,59.023065],[14.040437,59.009819],[14.010412,59.005109],[13.989512,59.004814],[13.978326,59.003343],[13.973616,58.998338],[13.972733,58.987741],[13.977149,58.977438],[13.987746,58.967136],[14.001287,58.959482],[14.014239,58.956539],[14.014239,58.950357],[14.004819,58.937994],[13.993633,58.899138],[13.986274,58.881476],[13.973911,58.86352],[13.965668,58.856455],[13.95566,58.853511],[13.953894,58.850568],[13.964785,58.834672],[13.965963,58.82643],[13.958604,58.821425],[13.936232,58.816127],[13.931522,58.809651],[13.928579,58.808768],[13.912094,58.817599],[13.904441,58.819954],[13.879714,58.813183],[13.868528,58.799054],[13.871766,58.783453],[13.890017,58.771678],[13.849983,58.739592],[13.711927,58.689845],[13.702507,58.682191],[13.695737,58.674832],[13.686906,58.669828],[13.67101,58.669239],[13.653054,58.67336],[13.648638,58.679542],[13.647755,58.688373],[13.640396,58.699559],[13.624206,58.69897],[13.547377,58.669239],[13.530304,58.65717],[13.522356,58.65511],[13.507049,58.655698],[13.488504,58.663352],[13.475552,58.665118],[13.462306,58.658642],[13.439345,58.644218],[13.363105,58.628323],[13.325427,58.60389],[13.279506,58.536187],[13.245948,58.510871],[13.213568,58.503512],[13.172652,58.502923],[13.137622,58.512343],[13.122904,58.535598],[13.128203,58.542368],[13.160288,58.56945],[13.166764,58.579458],[13.176184,58.602419],[13.184426,58.613899],[13.17118,58.614193],[13.136445,58.620964],[13.123787,58.620375],[13.006041,58.600358],[13.001332,58.602713],[12.996622,58.606834],[12.990146,58.609483],[12.979549,58.607128],[12.983964,58.605951],[12.979254,58.596826],[12.965714,58.579753],[12.946874,58.569155],[12.924797,58.567095],[12.900659,58.571216],[12.875932,58.579753],[12.894772,58.57151],[12.923031,58.552377],[12.938632,58.546489],[12.927152,58.540896],[12.920676,58.539425],[12.911256,58.538836],[12.917732,58.529122],[12.921559,58.527061],[12.931273,58.524706],[12.915083,58.515876],[12.892417,58.499097],[12.875932,58.491149],[12.824124,58.479963],[12.807346,58.473781],[12.796749,58.472015],[12.778498,58.477019],[12.770256,58.473781],[12.762014,58.46289],[12.757009,58.45818],[12.670466,58.442579],[12.679003,58.428155],[12.684301,58.42109],[12.691661,58.414909],[12.651038,58.389005],[12.601879,58.366044],[12.552721,58.356919],[12.512687,58.373698],[12.531526,58.384589],[12.569205,58.400485],[12.584806,58.411671],[12.619247,58.464362],[12.63632,58.477608],[12.603646,58.468777],[12.590399,58.462301],[12.578036,58.452882],[12.541829,58.414909],[12.537414,58.408433],[12.533587,58.406372],[12.528877,58.401662],[12.522401,58.396952],[12.478247,58.389005],[12.465,58.388121],[12.40495,58.391065],[12.383167,58.388121],[12.343428,58.376641],[12.32606,58.376053],[12.310753,58.384589],[12.303689,58.399013],[12.307221,58.413437],[12.317524,58.424623],[12.331653,58.429038],[12.376102,58.469955],[12.395236,58.477903],[12.414958,58.482024],[12.45823,58.483495],[12.465589,58.495564],[12.487666,58.513521],[12.513865,58.530888],[12.533881,58.538836],[12.530643,58.542663],[12.529172,58.546195],[12.526522,58.549139],[12.520341,58.552082],[12.530055,58.560619],[12.560668,58.579753],[12.598347,58.617431],[12.621308,58.630972],[12.631022,58.639508],[12.629255,58.648045],[12.617481,58.651283],[12.563907,58.648045],[12.540357,58.653344],[12.518574,58.666884],[12.501796,58.684252],[12.492965,58.702797],[12.491493,58.730173],[12.498263,58.751367],[12.520341,58.792283],[12.500618,58.790517],[12.472065,58.774033],[12.45823,58.771678],[12.450282,58.774033],[12.4441,58.778743],[12.439979,58.785807],[12.438213,58.795816],[12.434681,58.796699],[12.42585,58.800526],[12.416136,58.806119],[12.410248,58.812595],[12.436447,58.828196],[12.451459,58.830845],[12.464411,58.804352],[12.479718,58.801114],[12.497969,58.803175],[12.512687,58.806413],[12.493848,58.812595],[12.483545,58.822897],[12.479424,58.837027],[12.478541,58.853511],[12.479718,58.863225],[12.485017,58.880004],[12.486194,58.888246],[12.483839,58.892367],[12.47913,58.897666],[12.476186,58.905025],[12.478541,58.915622],[12.453814,58.921804],[12.434681,58.939465],[12.43056,58.955361],[12.451459,58.956539],[12.504445,58.920332],[12.524167,58.901787],[12.533881,58.895311],[12.50886,58.850568],[12.510921,58.8332],[12.540357,58.82643],[12.566261,58.815833],[12.581274,58.815538],[12.59246,58.842031],[12.603646,58.84939],[12.629255,58.861165],[12.623368,58.871173],[12.624251,58.878238],[12.627489,58.883831],[12.629255,58.888246],[12.632788,58.92563],[12.642796,58.940349],[12.644268,58.951829],[12.651333,58.961543],[12.677237,58.970962],[12.667228,58.987741],[12.681063,59.000693],[12.701375,59.014528],[12.711972,59.032485],[12.708145,59.039844],[12.699903,59.048086],[12.694604,59.057211],[12.697842,59.066631],[12.707556,59.070458],[12.71727,59.065748],[12.725807,59.056328],[12.731694,59.046025],[12.772905,59.077228],[12.783502,59.079877],[12.80764,59.08076],[12.811761,59.084881],[12.823536,59.092829],[12.836193,59.095184],[12.841786,59.083704],[12.846496,59.078994],[12.857388,59.080466],[12.868868,59.086353],[12.875932,59.093712],[12.885646,59.083704],[12.890062,59.072518],[12.887413,59.061627],[12.875932,59.052796],[12.890651,59.049852],[12.935394,59.052207],[12.944814,59.049558],[12.948052,59.039549],[12.955705,59.039844],[12.96483,59.044259],[12.971895,59.046025],[12.982492,59.044848],[12.98838,59.045437],[12.993678,59.04367],[13.003098,59.035428],[13.019877,59.026892],[13.061971,59.018944],[13.074923,59.01129],[13.076983,58.997161],[13.067858,58.985092],[13.054023,58.975672],[13.040482,58.970962],[13.05314,58.96743],[13.073156,58.958305],[13.085814,58.956539],[13.090524,58.952418],[13.105831,58.92563],[13.124965,58.915328],[13.169119,58.910029],[13.184426,58.902081],[13.186781,58.896783],[13.197967,58.881476],[13.245065,58.904142],[13.259489,58.915622],[13.251541,58.92828],[13.244476,58.942998],[13.234762,58.95595],[13.219161,58.963309],[13.225343,58.980088],[13.225931,58.997455],[13.221516,59.013351],[13.211802,59.025714],[13.215629,59.035723],[13.214451,59.046614],[13.210036,59.057211],[13.204737,59.066631],[13.201794,59.068103],[13.188842,59.078405],[13.187664,59.08076],[13.184132,59.083115],[13.184132,59.089002],[13.185015,59.095773],[13.184426,59.101366],[13.159699,59.139633],[13.142038,59.157884],[13.122904,59.168775],[13.13615,59.181433],[13.133501,59.193207],[13.109069,59.216757],[13.112601,59.222938],[13.114073,59.227354],[13.112601,59.231475],[13.109069,59.237951],[13.110246,59.251197],[13.100238,59.257673],[13.086403,59.262972],[13.074923,59.271214],[13.071979,59.282988],[13.08287,59.281811],[13.096706,59.275335],[13.102593,59.271214],[13.126731,59.278279],[13.134973,59.294763],[13.130557,59.315368],[13.115545,59.333913],[13.129969,59.341273],[13.155578,59.361878],[13.170591,59.36806],[13.177361,59.328615],[13.197378,59.310659],[13.229758,59.306243],[13.27303,59.306832],[13.264787,59.315074],[13.238589,59.331264],[13.232702,59.337151],[13.238,59.347749],[13.251541,59.357168],[13.267142,59.364233],[13.280389,59.36806],[13.3007,59.369237],[13.359278,59.361289],[13.363399,59.36335],[13.376646,59.372769],[13.383122,59.37483],[13.393425,59.373358],[13.417857,59.361289],[13.450826,59.356874],[13.483206,59.360995],[13.595358,59.394258],[13.628327,59.39779],[13.655114,59.40721],[13.67101,59.408388],[13.661885,59.393669],[13.656586,59.388665],[13.669538,59.377479],[13.682785,59.376007],[13.711927,59.381306],[13.719286,59.383367],[13.723407,59.388371],[13.726056,59.393375],[13.729294,59.395436],[13.766384,59.395436],[13.766384,59.388665],[13.76344,59.37483],[13.754609,59.367177],[13.72635,59.35393],[13.734004,59.346277],[13.736064,59.341567],[13.732532,59.333913],[13.743424,59.325377],[13.763735,59.323611],[13.808184,59.326554],[13.79376,59.338918],[13.784635,59.351281],[13.786989,59.360112],[13.808184,59.361289],[13.815543,59.350692],[13.822608,59.343333],[13.831733,59.340095],[13.842919,59.342156],[13.851161,59.345394],[13.859403,59.345982],[13.87,59.340095],[13.856459,59.328615],[13.858226,59.322728],[13.867351,59.320667],[13.876182,59.319784],[13.887956,59.322139],[13.901497,59.32626],[13.913272,59.325083],[13.917981,59.309776],[13.922103,59.305949],[13.931522,59.306243],[13.940353,59.311542],[13.944769,59.323022],[13.942414,59.331559],[13.939176,59.339212],[13.940648,59.346865],[13.952128,59.35393],[13.975088,59.353341],[13.985685,59.336563],[13.994811,59.316252],[14.01365,59.306832],[14.026013,59.310953],[14.032489,59.320373],[14.035433,59.329792],[14.037493,59.333913],[14.050445,59.33303],[14.061337,59.329792],[14.070168,59.323022],[14.075761,59.313014],[14.065164,59.313602],[14.055744,59.311836],[14.047502,59.306832],[14.040437,59.299178],[14.048679,59.285343],[14.05545,59.267387],[14.060454,59.249137],[14.061926,59.234124],[14.054566,59.212047],[14.021598,59.183788],[14.00894,59.154057],[13.996871,59.148464],[13.972733,59.142282],[13.962136,59.135512],[13.953011,59.127564],[13.932111,59.099894],[13.92799,59.095478],[13.927401,59.090769],[13.931522,59.08076],[13.939764,59.071635],[13.948595,59.067514],[13.955954,59.062804],[13.958898,59.052796],[14.001581,59.065453],[14.023658,59.067808],[14.048385,59.066631],[14.04603,59.071046],[14.042498,59.082526],[14.040437,59.086942],[14.059865,59.092535],[14.058393,59.101366],[14.051328,59.111374],[14.054566,59.120499],[14.06899,59.121677],[14.081648,59.112552],[14.091362,59.098716],[14.096661,59.086942],[14.091951,59.081643],[14.086652,59.071929],[14.082531,59.066631],[14.089301,59.062804],[14.096955,59.061627],[14.10608,59.063098],[14.116677,59.066631]]],[[[13.19885,58.63421],[13.204737,58.655698],[13.204737,58.671594],[13.199144,58.680425],[13.170591,58.696615],[13.157639,58.690433],[13.144098,58.690433],[13.115545,58.696615],[13.101121,58.692788],[13.084048,58.683074],[13.069035,58.671594],[13.061382,58.66188],[13.061971,58.644807],[13.075806,58.640686],[13.094056,58.638625],[13.109069,58.628323],[13.138211,58.639214],[13.149985,58.64569],[13.163821,58.655698],[13.170591,58.648045],[13.165292,58.64569],[13.156461,58.638331],[13.149691,58.634504],[13.170885,58.627145],[13.18737,58.625968],[13.19885,58.63421]]],[[[13.568571,59.306832],[13.568571,59.313014],[13.562684,59.315957],[13.561507,59.320078],[13.56239,59.32626],[13.561801,59.333913],[13.533836,59.342744],[13.497335,59.343627],[13.460245,59.334797],[13.431398,59.313014],[13.450826,59.316252],[13.472903,59.313897],[13.486149,59.303888],[13.479379,59.285638],[13.48821,59.275629],[13.499984,59.271214],[13.508227,59.274158],[13.507049,59.285638],[13.547377,59.278867],[13.533836,59.299767],[13.527655,59.306832],[13.568571,59.306832]]],[[[13.83085,58.800526],[13.84233,58.819954],[13.821724,58.83997],[13.794054,58.831728],[13.779925,58.825547],[13.774037,58.816421],[13.771977,58.803469],[13.76609,58.799643],[13.757259,58.803175],[13.746073,58.812595],[13.743424,58.82172],[13.74519,58.830551],[13.739597,58.837321],[13.715459,58.83997],[13.704273,58.836438],[13.698386,58.828196],[13.691027,58.806413],[13.711044,58.78463],[13.712221,58.776976],[13.711927,58.761081],[13.71752,58.752544],[13.730766,58.754605],[13.75667,58.764908],[13.769033,58.76373],[13.791111,58.758726],[13.801413,58.757254],[13.811127,58.759609],[13.813188,58.765202],[13.812599,58.772267],[13.814954,58.779037],[13.83085,58.800526]]]]}},{"type":"Feature","properties":{"min_zoom":1.7},"geometry":{"type":"MultiPolygon","coordinates":[[[[35.859884,60.854599],[35.843988,60.859603],[35.81985,60.881974],[35.805426,60.889333],[35.789236,60.88845],[35.762155,60.875498],[35.743315,60.875793],[35.756267,60.89316],[35.774518,60.906112],[35.778933,60.91406],[35.75038,60.916709],[35.717411,60.913471],[35.652062,60.899047],[35.617033,60.895809],[35.589657,60.899047],[35.560221,60.907878],[35.532845,60.921125],[35.494578,60.950856],[35.489573,60.959392],[35.489573,60.971461],[35.497816,60.981469],[35.508118,60.981764],[35.512828,60.983824],[35.503703,60.999426],[35.488102,61.012672],[35.465141,61.024741],[35.387429,61.055355],[35.368295,61.058593],[35.353283,61.057121],[35.317665,61.035927],[35.299709,61.028568],[35.279986,61.009728],[35.267623,61.005607],[35.253199,61.009728],[35.239364,61.018265],[35.224646,61.024741],[35.209044,61.023269],[35.151643,61.000309],[35.123384,60.996482],[35.092182,60.999426],[35.137808,61.020031],[35.143696,61.034455],[35.120146,61.053883],[35.108078,61.058887],[35.101307,61.05771],[35.093948,61.054766],[35.078347,61.053883],[35.067455,61.056532],[35.029188,61.072134],[35.015353,61.073311],[34.962073,61.067718],[34.951476,61.071839],[34.93558,61.09009],[34.920862,61.094211],[34.879357,61.093033],[34.874647,61.087735],[34.920862,61.053883],[34.902317,61.039754],[34.876413,61.028273],[34.849037,61.021209],[34.825488,61.019737],[34.833436,61.041225],[34.823133,61.055355],[34.806943,61.066246],[34.798701,61.077432],[34.800173,61.085969],[34.803116,61.093033],[34.803999,61.099215],[34.798406,61.104808],[34.77574,61.113933],[34.771619,61.120998],[34.777507,61.136599],[34.785749,61.143958],[34.796052,61.145725],[34.80606,61.146313],[34.812242,61.149551],[34.814302,61.158677],[34.811359,61.168096],[34.806943,61.17781],[34.804882,61.18723],[34.809298,61.205775],[34.821367,61.219904],[34.838734,61.22903],[34.85934,61.231973],[34.885244,61.226675],[34.931753,61.202831],[34.955303,61.197238],[35.056564,61.199299],[35.072165,61.207541],[35.080407,61.225203],[35.098364,61.221671],[35.133687,61.197238],[35.162535,61.184286],[35.193443,61.176927],[35.25732,61.169862],[35.240836,61.17104],[35.226412,61.167802],[35.216992,61.158677],[35.216404,61.142781],[35.179902,61.154261],[35.145462,61.169568],[35.110138,61.180165],[35.072165,61.177516],[35.057741,61.171923],[35.048616,61.165153],[35.042434,61.155733],[35.037725,61.142781],[35.031543,61.134244],[35.026539,61.133067],[35.027127,61.131595],[35.037725,61.122175],[35.045084,61.118937],[35.07923,61.111578],[35.156059,61.058298],[35.181374,61.046524],[35.219347,61.050351],[35.290289,61.087441],[35.325907,61.084791],[35.345629,61.076255],[35.366529,61.070956],[35.428346,61.065069],[35.44277,61.058887],[35.500465,61.020914],[35.52843,61.009434],[35.556983,61.010611],[35.628219,61.058004],[35.634106,61.063891],[35.635578,61.080081],[35.639699,61.090384],[35.648236,61.098332],[35.661188,61.108635],[35.685914,61.120998],[35.691802,61.128063],[35.688858,61.142781],[35.679438,61.152495],[35.624392,61.17781],[35.615856,61.180165],[35.607908,61.183698],[35.599371,61.191057],[35.610263,61.206952],[35.612323,61.223731],[35.607025,61.24051],[35.596133,61.256111],[35.58848,61.260821],[35.566991,61.26818],[35.559043,61.273184],[35.554039,61.282604],[35.552567,61.302326],[35.548152,61.310569],[35.532551,61.327936],[35.524308,61.334412],[35.489573,61.355018],[35.473678,61.369147],[35.464258,61.373562],[35.391845,61.377389],[35.374183,61.382982],[35.355932,61.394462],[35.351517,61.405648],[35.348867,61.418011],[35.33621,61.433907],[35.323552,61.440972],[35.297942,61.44627],[35.284402,61.451275],[35.279103,61.45569],[35.260853,61.475707],[35.239953,61.48336],[35.147522,61.491602],[35.124268,61.501316],[35.112787,61.504555],[35.095714,61.505732],[35.081585,61.503083],[35.070399,61.498078],[35.058919,61.495135],[35.044495,61.498962],[35.054503,61.507793],[35.056564,61.516035],[35.053031,61.524571],[35.044495,61.533697],[35.028305,61.540761],[34.910265,61.531047],[34.893486,61.533697],[34.881123,61.539878],[34.874058,61.546943],[34.868465,61.554302],[34.85934,61.561072],[34.826077,61.57167],[34.723049,61.582267],[34.701561,61.593747],[34.693907,61.609054],[34.688903,61.625538],[34.674479,61.642317],[34.663882,61.646438],[34.632974,61.65262],[34.620316,61.656741],[34.578811,61.683234],[34.510518,61.738574],[34.427508,61.78685],[34.340965,61.812165],[34.318299,61.828061],[34.341848,61.827472],[34.330368,61.843662],[34.284152,61.883107],[34.307996,61.893704],[34.335077,61.881341],[34.353622,61.859558],[34.35215,61.841601],[34.38247,61.831299],[34.418971,61.824823],[34.489619,61.820996],[34.509047,61.811282],[34.531713,61.79156],[34.554673,61.77743],[34.575867,61.783612],[34.580871,61.802157],[34.578516,61.8469],[34.589408,61.855731],[34.61384,61.85367],[34.62326,61.858086],[34.626792,61.873098],[34.625909,61.896059],[34.624143,61.906362],[34.620316,61.916664],[34.610013,61.931677],[34.564681,61.978775],[34.538483,62.014688],[34.52141,62.032644],[34.503454,62.040297],[34.493151,62.043241],[34.455178,62.064729],[34.307407,62.110356],[34.284152,62.12949],[34.30358,62.137143],[34.28739,62.15451],[34.236465,62.184241],[34.277088,62.206024],[34.284152,62.211617],[34.281209,62.216033],[34.260603,62.228985],[34.257071,62.234578],[34.258543,62.239287],[34.261781,62.243703],[34.263547,62.249001],[34.264136,62.262836],[34.263841,62.270196],[34.257954,62.276083],[34.207912,62.310818],[34.154043,62.337605],[34.116365,62.384998],[34.075743,62.422676],[34.023346,62.417672],[34.037475,62.403837],[34.020402,62.380582],[34.005095,62.374695],[33.989788,62.382643],[33.942984,62.432979],[33.932093,62.452407],[33.927677,62.475367],[33.928855,62.486259],[33.932976,62.505687],[33.935036,62.524526],[33.938275,62.525409],[33.942984,62.524526],[33.948283,62.52747],[33.950343,62.52747],[33.960646,62.534829],[33.969771,62.54366],[33.968888,62.547192],[33.981546,62.54572],[34.052488,62.522466],[34.068383,62.513929],[34.070738,62.513929],[34.07015,62.511869],[34.071916,62.499505],[34.071033,62.475662],[34.0675,62.453584],[34.073682,62.437689],[34.10253,62.431213],[34.139914,62.403837],[34.164052,62.392062],[34.172,62.384115],[34.174943,62.369396],[34.201142,62.338488],[34.372756,62.259893],[34.32242,62.245175],[34.300342,62.232223],[34.304463,62.211617],[34.299754,62.196016],[34.310939,62.183653],[34.329484,62.174233],[34.418677,62.139498],[34.45871,62.130667],[34.50051,62.107412],[34.524059,62.102408],[34.549669,62.100053],[34.57469,62.093871],[34.707448,62.037942],[34.745421,62.033232],[34.74336,62.061491],[34.684193,62.10594],[34.65564,62.133022],[34.655346,62.157454],[34.5585,62.231928],[34.583226,62.227513],[34.594707,62.227513],[34.606187,62.231928],[34.600005,62.239582],[34.61384,62.246941],[34.623849,62.244292],[34.640333,62.225747],[34.709803,62.166874],[34.723344,62.16187],[34.728937,62.170995],[34.724521,62.178943],[34.702444,62.201314],[34.69479,62.211617],[34.690964,62.224275],[34.690375,62.2334],[34.688903,62.241937],[34.681838,62.252534],[34.670064,62.262542],[34.642982,62.279615],[34.544076,62.362332],[34.512285,62.403837],[34.495211,62.419438],[34.456944,62.441221],[34.44517,62.451818],[34.439577,62.463887],[34.444875,62.475367],[34.455472,62.472424],[34.510518,62.444754],[34.553496,62.40472],[34.579694,62.384998],[34.630913,62.368513],[34.655346,62.349085],[34.69479,62.30758],[34.72717,62.281087],[34.76691,62.255183],[34.794874,62.250473],[34.791636,62.28668],[34.770442,62.341137],[34.761022,62.34938],[34.73659,62.353501],[34.711863,62.363803],[34.689197,62.378227],[34.671241,62.39324],[34.606187,62.437394],[34.570274,62.454468],[34.556439,62.466242],[34.543782,62.505098],[34.527003,62.51599],[34.506692,62.523643],[34.489619,62.533651],[34.47755,62.547781],[34.470485,62.562205],[34.461654,62.595762],[34.478727,62.59223],[34.487558,62.581044],[34.494034,62.566915],[34.503159,62.554257],[34.5167,62.544837],[34.59765,62.504509],[34.67183,62.478017],[34.702444,62.459177],[34.711275,62.448286],[34.727759,62.421204],[34.73659,62.410607],[34.791636,62.376755],[34.803411,62.365275],[34.812242,62.353795],[34.825488,62.328185],[34.832258,62.30287],[34.837263,62.290212],[34.846388,62.280498],[34.845505,62.291684],[34.845799,62.301987],[34.848154,62.31229],[34.852569,62.321415],[34.868171,62.295805],[34.874352,62.267546],[34.86611,62.251062],[34.839029,62.259893],[34.856396,62.236049],[34.862872,62.228985],[34.866993,62.220448],[34.869348,62.194544],[34.872292,62.184241],[34.888482,62.166579],[35.050971,62.06002],[35.101896,62.039414],[35.161652,62.034116],[35.153704,62.049717],[35.162535,62.061786],[35.177547,62.0715],[35.188439,62.081214],[35.19256,62.100936],[35.186378,62.118304],[35.17166,62.130961],[35.15076,62.135671],[35.132215,62.142442],[35.096597,62.171289],[35.07923,62.17806],[35.060979,62.182769],[35.041846,62.194544],[35.024184,62.210145],[35.010349,62.225747],[35.051854,62.225747],[35.040374,62.232223],[35.030071,62.240465],[35.010349,62.259893],[35.03743,62.255477],[35.078935,62.241642],[35.116908,62.22398],[35.133687,62.208085],[35.154587,62.182475],[35.202568,62.175116],[35.291466,62.170701],[35.335621,62.132139],[35.357698,62.122719],[35.372711,62.160398],[35.385957,62.172761],[35.401559,62.181003],[35.414511,62.181003],[35.434233,62.173055],[35.448951,62.170112],[35.464258,62.172172],[35.483097,62.17806],[35.577883,62.232811],[35.59319,62.249001],[35.588185,62.278732],[35.576117,62.295805],[35.560221,62.311112],[35.54462,62.334956],[35.54197,62.347025],[35.542559,62.369691],[35.537849,62.382937],[35.52843,62.390885],[35.514594,62.397655],[35.502231,62.406486],[35.496933,62.420616],[35.48663,62.437394],[35.421281,62.492735],[35.36388,62.530708],[35.353872,62.544249],[35.338859,62.573685],[35.326201,62.582222],[35.304124,62.582516],[35.296765,62.570447],[35.299709,62.55308],[35.308834,62.537478],[35.310306,62.523937],[35.286757,62.526587],[35.243485,62.541011],[35.216404,62.543954],[35.161063,62.557201],[35.107489,62.562205],[35.094537,62.565443],[35.084528,62.573979],[35.068927,62.591936],[35.056269,62.601355],[35.01918,62.6199],[34.983856,62.642861],[34.966488,62.651397],[34.94706,62.655813],[34.920862,62.657284],[34.928221,62.645804],[34.938818,62.636973],[34.962367,62.623138],[34.935875,62.623138],[34.902611,62.638151],[34.870526,62.645804],[34.846388,62.623138],[34.848743,62.60165],[34.869348,62.589286],[34.897018,62.580161],[34.920862,62.568386],[34.929104,62.559261],[34.937935,62.540128],[34.945,62.530708],[34.956774,62.521583],[34.97944,62.508925],[34.989743,62.499505],[34.994747,62.490086],[34.99563,62.481255],[34.99828,62.472129],[35.014764,62.453879],[35.020946,62.444165],[35.03066,62.423854],[35.023889,62.423854],[35.017708,62.435628],[34.989743,62.46477],[34.983267,62.475367],[34.974436,62.496562],[34.968549,62.505687],[34.959129,62.515107],[34.937641,62.531591],[34.927632,62.541011],[34.915269,62.563382],[34.905849,62.569858],[34.886716,62.568386],[34.896135,62.550725],[34.90791,62.533651],[34.895547,62.536006],[34.887893,62.542188],[34.876119,62.557495],[34.866993,62.562794],[34.84315,62.569564],[34.832847,62.574568],[34.816951,62.589875],[34.79458,62.620195],[34.739239,62.664055],[34.713924,62.675535],[34.702444,62.660522],[34.711275,62.646393],[34.770736,62.595762],[34.739828,62.612247],[34.718634,62.63403],[34.700089,62.658168],[34.678306,62.681422],[34.625026,62.720573],[34.564681,62.753247],[34.575867,62.775913],[34.574101,62.796519],[34.562326,62.815947],[34.544076,62.835375],[34.529946,62.856275],[34.519349,62.863928],[34.506986,62.859513],[34.493445,62.85127],[34.484026,62.854803],[34.454884,62.896308],[34.451351,62.906611],[34.458416,62.911026],[34.522587,62.92074],[34.544076,62.917797],[34.556439,62.910438],[34.56527,62.901312],[34.575573,62.893364],[34.605009,62.887477],[34.640333,62.869521],[34.640333,62.863339],[34.657112,62.844206],[34.687726,62.823895],[34.719517,62.812709],[34.739828,62.821834],[34.765438,62.842439],[34.806649,62.850682],[34.850509,62.847149],[34.883478,62.832137],[34.896135,62.824189],[34.999752,62.782978],[35.013881,62.780034],[35.029482,62.778857],[35.046555,62.774736],[35.059802,62.767671],[35.065395,62.756485],[34.976202,62.767082],[34.976202,62.759723],[35.044495,62.739118],[35.119558,62.735291],[35.216698,62.698201],[35.376538,62.672886],[35.415099,62.65699],[35.418043,62.633147],[35.412156,62.618723],[35.42187,62.611952],[35.437765,62.607243],[35.452189,62.599295],[35.463081,62.590464],[35.479271,62.581927],[35.496344,62.575746],[35.510473,62.574568],[35.480743,62.599589],[35.475738,62.609303],[35.480448,62.625787],[35.494578,62.636973],[35.512239,62.640211],[35.527546,62.633147],[35.543148,62.614013],[35.549035,62.603121],[35.55139,62.591936],[35.552567,62.572213],[35.556983,62.565737],[35.585831,62.568386],[35.609674,62.567209],[35.686209,62.552785],[35.705931,62.551608],[35.715939,62.547192],[35.719177,62.542777],[35.725359,62.528942],[35.730363,62.523643],[35.805132,62.478311],[35.825737,62.459177],[35.839278,62.436511],[35.846932,62.407075],[35.843988,62.378816],[35.818673,62.350851],[35.819261,62.340254],[35.823382,62.328774],[35.825737,62.317883],[35.798656,62.284031],[35.791885,62.273139],[35.776578,62.192189],[35.760683,62.167168],[35.737722,62.148034],[35.687975,62.116832],[35.668252,62.094755],[35.66001,62.057959],[35.67885,62.029994],[35.712701,62.0088],[35.776578,61.984074],[35.828387,61.97171],[35.853702,61.961702],[35.871952,61.946101],[35.866948,61.932854],[35.833391,61.909894],[35.860472,61.876336],[35.83604,61.868977],[35.823382,61.858675],[35.825737,61.847194],[35.846932,61.83542],[35.861355,61.832182],[35.908454,61.828061],[35.913752,61.824823],[35.916107,61.81658],[35.921994,61.814814],[35.931708,61.81452],[35.939951,61.813637],[35.947898,61.811282],[35.956729,61.807455],[35.957907,61.804512],[35.97969,61.783612],[36.004122,61.752115],[36.033853,61.723561],[36.042095,61.706488],[36.03503,61.68706],[36.020901,61.664689],[36.026494,61.654386],[36.045333,61.648204],[36.135114,61.608171],[36.182801,61.574024],[36.213415,61.545177],[36.231665,61.512502],[36.223129,61.479239],[36.283474,61.474235],[36.342641,61.460989],[36.395332,61.435968],[36.435954,61.395934],[36.445374,61.375917],[36.448906,61.353251],[36.445079,61.330291],[36.432422,61.310569],[36.405046,61.294379],[36.349411,61.27966],[36.332927,61.259349],[36.383852,61.2149],[36.401808,61.204303],[36.433894,61.19871],[36.450084,61.193706],[36.45656,61.183698],[36.448317,61.171923],[36.43095,61.17104],[36.395038,61.177516],[36.379731,61.169568],[36.294365,61.103042],[36.265223,61.09009],[36.209882,61.0739],[36.175442,61.068307],[36.158663,61.068896],[36.141001,61.0739],[36.132465,61.080965],[36.122751,61.090973],[36.110976,61.09686],[36.096552,61.091267],[36.078302,61.071839],[36.053575,61.031806],[36.037974,61.012378],[35.987343,60.975288],[35.931414,60.954977],[35.870481,60.94644],[35.805426,60.944674],[35.816612,60.939375],[35.828387,60.93702],[35.840455,60.936432],[35.853113,60.937315],[35.843988,60.936137],[35.835157,60.933194],[35.826915,60.928778],[35.818967,60.922891],[35.921994,60.92819],[35.94937,60.922891],[35.927882,60.887273],[35.921994,60.881974],[35.904627,60.877853],[35.876368,60.859014],[35.859884,60.854599]]],[[[35.140752,61.984957],[35.143107,62.005857],[35.140458,62.017926],[35.129272,62.025873],[35.106311,62.034116],[35.096303,62.037648],[35.082762,62.040297],[35.070693,62.03912],[35.065395,62.030289],[35.067455,62.022047],[35.076581,62.009978],[35.078347,62.002913],[35.078641,61.952282],[35.082174,61.94404],[35.108078,61.94404],[35.124562,61.947867],[35.13457,61.959641],[35.140752,61.984957]]],[[[34.681838,61.94404],[34.681838,61.951399],[34.667709,61.956992],[34.651813,61.965234],[34.637978,61.976126],[34.628853,61.988489],[34.611191,62.002324],[34.601477,62.00674],[34.592646,62.00674],[34.585876,62.000264],[34.584404,61.990844],[34.587936,61.982602],[34.604126,61.974948],[34.61178,61.966117],[34.623554,61.947867],[34.636212,61.93933],[34.651224,61.938153],[34.681838,61.94404]]],[[[35.347101,61.997909],[35.353577,62.016159],[35.348867,62.029406],[35.319431,62.075032],[35.319431,62.081214],[35.301475,62.091811],[35.279986,62.096226],[35.257615,62.093283],[35.236126,62.081214],[35.223174,62.066201],[35.21552,62.047362],[35.216404,62.028523],[35.229944,62.012921],[35.211105,62.00203],[35.195504,61.9879],[35.183435,61.970827],[35.174604,61.951399],[35.171955,61.935504],[35.170777,61.905773],[35.152232,61.869566],[35.160474,61.858675],[35.180491,61.855731],[35.202568,61.855731],[35.211694,61.85161],[35.219053,61.843956],[35.226706,61.840424],[35.236126,61.848372],[35.236126,61.854848],[35.232299,61.86309],[35.227001,61.871332],[35.222585,61.876336],[35.245546,61.887228],[35.306773,61.896353],[35.319431,61.906362],[35.320608,61.916076],[35.325907,61.935504],[35.326201,61.94404],[35.323552,61.950222],[35.314132,61.965823],[35.311778,61.971416],[35.318254,61.9879],[35.347101,61.997909]]]]}},{"type":"Feature","properties":{"min_zoom":2},"geometry":{"type":"MultiPolygon","coordinates":[[[[28.055407,61.088912],[28.066005,61.089207],[28.076013,61.088029],[28.054819,61.096271],[28.026265,61.103925],[28.000067,61.105102],[27.986526,61.094211],[27.994768,61.090384],[28.002716,61.083319],[28.00566,61.076843],[27.996829,61.0739],[27.987409,61.075666],[27.983583,61.079787],[27.978578,61.082436],[27.966215,61.081259],[27.959739,61.076843],[27.954441,61.069779],[27.948259,61.063008],[27.938839,61.060065],[27.930303,61.061831],[27.904104,61.0739],[27.909108,61.083319],[27.917056,61.09009],[27.938251,61.101276],[27.927948,61.113345],[27.914996,61.113345],[27.900866,61.111578],[27.887031,61.118349],[27.867897,61.14072],[27.856712,61.146313],[27.835812,61.149551],[27.828453,61.149551],[27.821094,61.150434],[27.814323,61.152495],[27.807847,61.155733],[27.824626,61.160737],[27.861421,61.156322],[27.873196,61.15956],[27.895862,61.179577],[27.909108,61.187819],[27.921472,61.191057],[27.936779,61.193117],[27.966215,61.202243],[27.983288,61.204303],[28.001833,61.202243],[28.038923,61.193117],[28.076307,61.190468],[28.088082,61.188113],[28.109865,61.177516],[28.134003,61.169274],[28.137535,61.166624],[28.137535,61.153378],[28.139301,61.147785],[28.144305,61.142781],[28.170209,61.13395],[28.199351,61.137188],[28.260874,61.155733],[28.250276,61.158971],[28.242329,61.162798],[28.238208,61.168685],[28.239679,61.177516],[28.158435,61.177516],[28.139007,61.181931],[28.128998,61.192529],[28.121345,61.206069],[28.109865,61.218433],[28.092203,61.225203],[28.071892,61.229324],[28.054819,61.237272],[28.040395,61.275834],[28.022733,61.277305],[27.983288,61.265531],[27.97328,61.266708],[27.963271,61.272007],[27.955618,61.273184],[27.945021,61.271124],[27.92677,61.262587],[27.917645,61.259349],[27.907637,61.25876],[27.886442,61.260527],[27.876728,61.259349],[27.868486,61.254639],[27.862305,61.247575],[27.856123,61.241393],[27.84582,61.239038],[27.657427,61.259349],[27.687158,61.245808],[27.694517,61.236389],[27.691573,61.218433],[27.679799,61.201948],[27.663314,61.197238],[27.514955,61.225203],[27.479926,61.224614],[27.485224,61.236978],[27.485224,61.247869],[27.478748,61.255522],[27.465796,61.259349],[27.469623,61.244631],[27.472566,61.239038],[27.455199,61.240804],[27.44784,61.250224],[27.442247,61.260821],[27.43165,61.265531],[27.42017,61.26347],[27.383374,61.245808],[27.395149,61.271712],[27.426646,61.280838],[27.46403,61.279072],[27.493172,61.273184],[27.479042,61.288197],[27.410456,61.314101],[27.385729,61.330291],[27.376604,61.334412],[27.36424,61.336767],[27.340397,61.337944],[27.328622,61.341182],[27.330094,61.346775],[27.3298,61.348836],[27.328917,61.350602],[27.328622,61.355018],[27.319497,61.348836],[27.315082,61.342066],[27.31567,61.335001],[27.321852,61.32823],[27.321852,61.320871],[27.300658,61.319694],[27.279758,61.314984],[27.259447,61.313218],[27.239136,61.320871],[27.251205,61.32146],[27.261802,61.323815],[27.271516,61.327936],[27.280935,61.334412],[27.270633,61.340005],[27.266512,61.341182],[27.280935,61.355018],[27.276226,61.356195],[27.273576,61.357667],[27.266512,61.361788],[27.286823,61.375623],[27.275931,61.37474],[27.265334,61.376212],[27.255326,61.378861],[27.2462,61.382982],[27.258269,61.394757],[27.283879,61.403588],[27.342163,61.416245],[27.332743,61.422427],[27.328622,61.423899],[27.335981,61.428903],[27.344224,61.433024],[27.353349,61.435673],[27.362769,61.436851],[27.355115,61.449214],[27.339514,61.455101],[27.322146,61.455396],[27.308017,61.451275],[27.310666,61.447153],[27.315082,61.436851],[27.302424,61.436262],[27.289766,61.437734],[27.266512,61.44421],[27.270633,61.454218],[27.274165,61.458045],[27.259741,61.457162],[27.245612,61.458339],[27.231777,61.460694],[27.218825,61.464815],[27.248261,61.495724],[27.262979,61.499845],[27.280935,61.485421],[27.283585,61.490719],[27.291827,61.500728],[27.294476,61.505732],[27.312432,61.488364],[27.332449,61.475707],[27.383374,61.458045],[27.376015,61.474824],[27.388084,61.475707],[27.418109,61.464815],[27.43636,61.465404],[27.453433,61.468936],[27.469623,61.470703],[27.486402,61.464815],[27.481397,61.480417],[27.468445,61.485715],[27.43842,61.485421],[27.370716,61.503377],[27.326562,61.50897],[27.307428,61.516918],[27.290355,61.526926],[27.277403,61.536935],[27.275637,61.547826],[27.280935,61.562839],[27.281524,61.579323],[27.266512,61.595219],[27.284468,61.611997],[27.285351,61.622889],[27.281818,61.633486],[27.286823,61.64997],[27.273871,61.65939],[27.293299,61.67558],[27.326562,61.68706],[27.355704,61.683234],[27.35276,61.675874],[27.352466,61.673225],[27.353938,61.67087],[27.355704,61.663511],[27.308017,61.622595],[27.326856,61.605227],[27.337453,61.599045],[27.342163,61.605227],[27.346284,61.621711],[27.355998,61.632897],[27.369245,61.634663],[27.383374,61.622595],[27.378664,61.608171],[27.36689,61.597868],[27.351288,61.58786],[27.334804,61.574613],[27.342163,61.567843],[27.33657,61.564605],[27.333627,61.561072],[27.328622,61.554302],[27.322146,61.556068],[27.31361,61.551947],[27.303601,61.543705],[27.294476,61.533697],[27.323029,61.532225],[27.416343,61.509264],[27.432827,61.509264],[27.465796,61.513385],[27.527907,61.513385],[27.527907,61.519567],[27.514072,61.51839],[27.503475,61.521922],[27.486402,61.533697],[27.499942,61.546943],[27.444602,61.548709],[27.424879,61.554302],[27.469034,61.561072],[27.478748,61.564899],[27.477865,61.573436],[27.474333,61.583738],[27.476393,61.591981],[27.476393,61.601106],[27.469328,61.61553],[27.463147,61.632897],[27.465796,61.64997],[27.48699,61.632603],[27.498765,61.627893],[27.514072,61.628776],[27.501708,61.61553],[27.490523,61.599928],[27.487579,61.584327],[27.499942,61.571375],[27.517899,61.566665],[27.544391,61.564605],[27.570001,61.565782],[27.585897,61.571375],[27.602675,61.580206],[27.663903,61.589037],[27.717477,61.61288],[27.732784,61.622595],[27.632995,61.61553],[27.623281,61.616413],[27.610918,61.619357],[27.600026,61.624361],[27.595611,61.632309],[27.601204,61.638196],[27.61445,61.638785],[27.643298,61.636135],[27.654189,61.63849],[27.680093,61.647615],[27.691573,61.64997],[27.753095,61.642317],[27.763398,61.646732],[27.766931,61.656741],[27.767519,61.666455],[27.770463,61.67087],[27.780177,61.673814],[27.789008,61.681173],[27.796956,61.690004],[27.801371,61.697657],[27.780471,61.700895],[27.753979,61.700307],[27.735728,61.703545],[27.739555,61.717968],[27.715711,61.726211],[27.698932,61.736513],[27.671262,61.759768],[27.649479,61.767127],[27.611801,61.761829],[27.595611,61.773309],[27.608857,61.780374],[27.618571,61.789793],[27.621809,61.801274],[27.615922,61.814814],[27.678033,61.800685],[27.657427,61.78685],[27.702465,61.779196],[27.712179,61.773309],[27.714828,61.763595],[27.706586,61.749465],[27.708941,61.742401],[27.728369,61.737397],[27.758688,61.742401],[27.787242,61.753292],[27.801371,61.766539],[27.817267,61.759179],[27.825803,61.745344],[27.823448,61.732098],[27.807847,61.725622],[27.831985,61.701484],[27.841699,61.696774],[27.849353,61.70119],[27.856123,61.708254],[27.863188,61.711198],[27.879083,61.705311],[27.913524,61.681762],[27.925004,61.67087],[27.917645,61.672048],[27.91323,61.672048],[27.904104,61.67087],[27.918528,61.664689],[27.933541,61.659979],[27.944138,61.653503],[27.94561,61.642317],[27.912935,61.622595],[27.904104,61.61553],[27.918528,61.617296],[27.924415,61.619062],[27.932069,61.622595],[27.94561,61.608759],[27.938251,61.6014],[27.943843,61.593158],[27.950319,61.586093],[27.957384,61.580206],[27.966215,61.574613],[28.015963,61.544882],[28.031858,61.523394],[28.034508,61.485421],[28.050403,61.489542],[28.062767,61.489248],[28.074541,61.490425],[28.089554,61.498962],[28.091614,61.503966],[28.092497,61.519861],[28.096324,61.526926],[28.102506,61.528398],[28.13047,61.526926],[28.127232,61.531636],[28.123111,61.538995],[28.120168,61.54606],[28.120168,61.550475],[28.124583,61.551947],[28.135474,61.55754],[28.1446,61.564016],[28.144305,61.567843],[28.15608,61.563427],[28.156374,61.555774],[28.154019,61.545765],[28.157257,61.533697],[28.180218,61.516623],[28.19788,61.530753],[28.21407,61.556657],[28.233498,61.574613],[28.228199,61.576674],[28.219368,61.581089],[28.212304,61.582267],[28.221134,61.591686],[28.239385,61.607288],[28.24645,61.61553],[28.247627,61.62024],[28.245861,61.631425],[28.24645,61.636135],[28.249688,61.639373],[28.258224,61.645555],[28.260874,61.64997],[28.26264,61.661451],[28.260874,61.690887],[28.256458,61.710315],[28.256164,61.721206],[28.260874,61.732392],[28.250865,61.732392],[28.242329,61.731215],[28.233792,61.72886],[28.22555,61.725622],[28.242917,61.742989],[28.273826,61.756825],[28.307972,61.765361],[28.335348,61.766539],[28.335348,61.759768],[28.324751,61.760063],[28.317686,61.758885],[28.312682,61.75447],[28.308855,61.745933],[28.388922,61.744461],[28.404818,61.738574],[28.402168,61.757119],[28.38745,61.764184],[28.369494,61.768599],[28.356542,61.780079],[28.403935,61.771543],[28.418653,61.766539],[28.427189,61.756825],[28.434843,61.743873],[28.444262,61.737102],[28.458981,61.745933],[28.445146,61.752998],[28.441024,61.764184],[28.445146,61.793031],[28.483118,61.763006],[28.508139,61.750349],[28.527862,61.752115],[28.53316,61.768893],[28.516382,61.783612],[28.479292,61.800685],[28.513438,61.815403],[28.527273,61.825117],[28.534632,61.841601],[28.517853,61.841013],[28.501369,61.842485],[28.486062,61.847489],[28.47311,61.855731],[28.502252,61.861913],[28.532572,61.853965],[28.562891,61.841601],[28.64914,61.82394],[28.675338,61.810104],[28.685052,61.812165],[28.692117,61.817758],[28.699182,61.820996],[28.716255,61.818641],[28.75305,61.808927],[28.766886,61.807455],[28.782192,61.813342],[28.795733,61.822173],[28.809274,61.826],[28.825464,61.818052],[28.849307,61.811576],[28.864614,61.826294],[28.859316,61.844251],[28.821932,61.848372],[28.821932,61.855731],[28.830174,61.855731],[28.849896,61.862207],[28.842243,61.875453],[28.831646,61.881341],[28.663269,61.896648],[28.630006,61.90489],[28.603513,61.924023],[28.774245,61.924023],[28.76718,61.926673],[28.75305,61.934915],[28.746869,61.937858],[28.741865,61.938447],[28.705069,61.938742],[28.693,61.941391],[28.585263,61.9879],[28.51962,61.997909],[28.453682,62.021164],[28.395104,62.031761],[28.363607,62.044713],[28.308855,62.075032],[28.357425,62.067084],[28.404818,62.053838],[28.440436,62.034116],[28.451033,62.034999],[28.473993,62.033527],[28.486945,62.034116],[28.445146,62.047656],[28.452505,62.053838],[28.424834,62.06679],[28.358897,62.069734],[28.308561,62.100347],[28.274709,62.108884],[28.239385,62.110062],[28.212304,62.102408],[28.287661,62.081214],[28.257636,62.082097],[28.199351,62.097993],[28.170798,62.102408],[28.177863,62.094755],[28.153136,62.090339],[28.101328,62.111533],[28.076013,62.109178],[28.083078,62.10594],[28.096324,62.097993],[28.103389,62.094755],[28.071009,62.089162],[28.034802,62.099759],[27.998301,62.115066],[27.966215,62.122719],[27.940311,62.125368],[27.911463,62.132433],[27.884382,62.143325],[27.863188,62.157454],[27.892035,62.165696],[27.922944,62.16864],[27.986526,62.163636],[27.986526,62.170701],[27.933541,62.199548],[27.914701,62.218976],[27.917645,62.245763],[27.89233,62.251945],[27.883499,62.252534],[27.886737,62.25636],[27.888797,62.259893],[27.891447,62.263425],[27.89704,62.266663],[27.885854,62.282853],[27.864954,62.300809],[27.841699,62.315233],[27.821977,62.321415],[27.821977,62.328185],[27.938251,62.321415],[27.925887,62.343787],[27.903221,62.348496],[27.852885,62.341726],[27.828453,62.341432],[27.817856,62.345258],[27.815206,62.355561],[27.823448,62.361743],[27.8573,62.368219],[27.869958,62.376755],[27.861716,62.382937],[27.830219,62.400305],[27.818739,62.403837],[27.816972,62.410902],[27.787242,62.440044],[27.780471,62.444754],[27.790774,62.452407],[27.784298,62.457706],[27.773995,62.463298],[27.773701,62.472129],[27.743676,62.470658],[27.736317,62.46477],[27.76016,62.431213],[27.770757,62.410607],[27.77164,62.394417],[27.761632,62.384998],[27.739555,62.382937],[27.721893,62.387058],[27.663903,62.417672],[27.657427,62.434451],[27.595905,62.455939],[27.585897,62.462121],[27.578832,62.46271],[27.57736,62.453584],[27.580009,62.442693],[27.585897,62.437394],[27.595022,62.435923],[27.618571,62.426209],[27.626519,62.420616],[27.625047,62.407664],[27.605619,62.395006],[27.579715,62.38853],[27.558226,62.39324],[27.483164,62.437394],[27.472566,62.439749],[27.45726,62.445342],[27.446368,62.45329],[27.448429,62.462121],[27.460203,62.465948],[27.506713,62.46477],[27.506713,62.472129],[27.489934,62.477134],[27.460203,62.490086],[27.441658,62.492735],[27.439303,62.494501],[27.418109,62.505687],[27.386023,62.514223],[27.376604,62.520111],[27.3716,62.503626],[27.382785,62.491557],[27.401036,62.483315],[27.418109,62.478311],[27.418109,62.472129],[27.340397,62.471541],[27.305662,62.455351],[27.294182,62.455056],[27.270338,62.459177],[27.254148,62.465065],[27.256503,62.476839],[27.266806,62.486553],[27.274165,62.485965],[27.262685,62.504804],[27.243257,62.513929],[27.221474,62.520111],[27.201751,62.530708],[27.192921,62.536889],[27.173198,62.547487],[27.164073,62.554257],[27.125217,62.593407],[27.119918,62.600472],[27.117269,62.60842],[27.116386,62.619311],[27.120801,62.632852],[27.130515,62.627259],[27.139935,62.61519],[27.143173,62.609303],[27.194687,62.561027],[27.214998,62.556318],[27.310372,62.502743],[27.31832,62.496267],[27.328917,62.493029],[27.338336,62.498033],[27.338631,62.505981],[27.321852,62.513046],[27.329211,62.524821],[27.341574,62.528059],[27.355704,62.528942],[27.370422,62.533651],[27.358059,62.542777],[27.342752,62.559261],[27.333038,62.575157],[27.338631,62.582222],[27.355704,62.573979],[27.375721,62.558967],[27.393677,62.550136],[27.404274,62.561027],[27.386023,62.570741],[27.388673,62.583693],[27.403097,62.591347],[27.421347,62.585165],[27.429295,62.574274],[27.434299,62.559556],[27.437537,62.544249],[27.43842,62.530708],[27.445191,62.512163],[27.460498,62.515401],[27.48964,62.533651],[27.508773,62.536889],[27.536738,62.551019],[27.551456,62.554257],[27.553222,62.547781],[27.552045,62.517167],[27.5544,62.505687],[27.565586,62.497739],[27.615922,62.478311],[27.622692,62.472129],[27.63064,62.457411],[27.636527,62.451818],[27.645064,62.447992],[27.678033,62.437394],[27.705408,62.423854],[27.714828,62.421204],[27.72307,62.420616],[27.731313,62.418555],[27.739555,62.410607],[27.722482,62.436806],[27.69334,62.465948],[27.658016,62.489791],[27.612684,62.502743],[27.603853,62.510102],[27.597966,62.520405],[27.595611,62.530708],[27.601792,62.535123],[27.616511,62.533357],[27.65625,62.521877],[27.675089,62.508631],[27.69069,62.492441],[27.698049,62.478311],[27.715711,62.488908],[27.73249,62.502743],[27.735728,62.514812],[27.691868,62.524232],[27.629757,62.554257],[27.620632,62.55985],[27.614744,62.565737],[27.60768,62.568681],[27.584719,62.56191],[27.572062,62.564265],[27.560287,62.570153],[27.551456,62.578395],[27.537032,62.587226],[27.518193,62.595174],[27.507007,62.605771],[27.514072,62.623138],[27.524375,62.614307],[27.53556,62.610186],[27.548218,62.607537],[27.562053,62.602533],[27.553517,62.601944],[27.534089,62.595762],[27.559993,62.585165],[27.574711,62.581927],[27.599143,62.589875],[27.615627,62.58752],[27.631523,62.581338],[27.643298,62.574568],[27.615922,62.602533],[27.622692,62.616073],[27.617982,62.627554],[27.607091,62.636679],[27.595611,62.643449],[27.600615,62.65699],[27.585308,62.66847],[27.592373,62.681422],[27.599143,62.684955],[27.616511,62.688781],[27.623281,62.692019],[27.627991,62.697612],[27.628579,62.702028],[27.630051,62.706443],[27.636527,62.712331],[27.632701,62.72175],[27.628285,62.729992],[27.615922,62.745888],[27.630051,62.743533],[27.648596,62.728815],[27.660665,62.725577],[27.672734,62.730581],[27.678916,62.742356],[27.680093,62.756191],[27.678033,62.767082],[27.668907,62.775324],[27.655661,62.782389],[27.645653,62.789454],[27.64683,62.797696],[27.643886,62.800345],[27.634172,62.80064],[27.622692,62.795047],[27.615922,62.780034],[27.603264,62.791514],[27.608563,62.804172],[27.622987,62.815064],[27.636527,62.822128],[27.648302,62.826249],[27.660959,62.828016],[27.673912,62.827427],[27.69069,62.8236],[27.698344,62.819773],[27.683331,62.828604],[27.643298,62.835375],[27.647124,62.846561],[27.643298,62.852153],[27.63741,62.856275],[27.636527,62.863339],[27.641531,62.873936],[27.64683,62.872759],[27.655661,62.868638],[27.671262,62.869521],[27.689218,62.878941],[27.699521,62.892187],[27.700993,62.906316],[27.698049,62.917797],[27.662431,62.93016],[27.650068,62.931632],[27.637705,62.929277],[27.622398,62.920152],[27.60974,62.917797],[27.611801,62.913087],[27.614156,62.901607],[27.615922,62.896897],[27.597082,62.89307],[27.582953,62.898663],[27.569707,62.900135],[27.5544,62.88365],[27.564702,62.875408],[27.568824,62.865694],[27.571178,62.854508],[27.575594,62.841556],[27.550867,62.831254],[27.533794,62.835963],[27.503475,62.866283],[27.477276,62.884828],[27.453727,62.891304],[27.390144,62.889832],[27.395443,62.900135],[27.397209,62.908966],[27.393677,62.915147],[27.383374,62.917797],[27.396915,62.929866],[27.40133,62.94164],[27.394854,62.949588],[27.376604,62.951354],[27.384257,62.966367],[27.389556,62.973137],[27.396915,62.979319],[27.356881,62.986089],[27.342163,62.986089],[27.355704,62.999924],[27.343635,63.003751],[27.308017,63.008166],[27.300658,63.010227],[27.293887,63.020235],[27.277992,63.025534],[27.259741,63.027594],[27.2462,63.027006],[27.254737,63.03878],[27.269161,63.041724],[27.285645,63.042901],[27.300658,63.047611],[27.226184,63.067922],[27.220296,63.066451],[27.212643,63.05762],[27.204989,63.05497],[27.195864,63.057031],[27.189683,63.061741],[27.182912,63.064684],[27.171138,63.061152],[27.164956,63.069983],[27.164956,63.076459],[27.171138,63.08058],[27.184678,63.081757],[27.170843,63.093238],[27.166133,63.100302],[27.164073,63.109722],[27.215881,63.092943],[27.241491,63.089411],[27.266512,63.095887],[27.232365,63.116492],[27.224712,63.12444],[27.217941,63.133271],[27.209111,63.140336],[27.194687,63.14328],[27.183207,63.149167],[27.149943,63.177131],[27.129927,63.184785],[27.171138,63.184785],[27.166133,63.190083],[27.156714,63.205979],[27.176142,63.200975],[27.200574,63.202741],[27.2462,63.212161],[27.237664,63.235121],[27.225595,63.259259],[27.210288,63.271917],[27.19086,63.260437],[27.184678,63.267207],[27.187916,63.273094],[27.189094,63.27751],[27.189388,63.281925],[27.19086,63.287812],[27.182029,63.286341],[27.174964,63.290167],[27.169077,63.298115],[27.164073,63.308418],[27.181735,63.317543],[27.198219,63.328729],[27.205578,63.312539],[27.225006,63.298115],[27.247967,63.291933],[27.266512,63.301353],[27.23943,63.319309],[27.227655,63.332556],[27.229127,63.345802],[27.235015,63.361698],[27.224712,63.369057],[27.208816,63.365525],[27.198219,63.349334],[27.191743,63.357871],[27.191154,63.364936],[27.194981,63.372001],[27.201751,63.379654],[27.201457,63.385247],[27.177614,63.403792],[27.167605,63.416155],[27.159952,63.430579],[27.161129,63.443531],[27.177614,63.452362],[27.166722,63.46502],[27.165545,63.479149],[27.170549,63.493573],[27.177614,63.507408],[27.151121,63.519771],[27.115797,63.528014],[27.023367,63.538905],[27.011592,63.53655],[27.007177,63.524187],[27.01277,63.514767],[27.039262,63.50417],[27.047505,63.493279],[27.011592,63.491218],[26.979212,63.493279],[26.981861,63.503287],[26.978329,63.51094],[26.969793,63.516828],[26.958901,63.521243],[26.971853,63.539199],[26.952719,63.547147],[26.897085,63.548619],[26.900617,63.551857],[26.902972,63.555389],[26.90621,63.558922],[26.911508,63.56216],[26.884721,63.580705],[26.877362,63.591007],[26.893552,63.595717],[26.912686,63.594834],[26.927993,63.591596],[26.941534,63.584237],[26.955369,63.571579],[26.973031,63.559216],[26.988632,63.559216],[27.003939,63.564515],[27.020129,63.567753],[27.035436,63.566281],[27.043972,63.561571],[27.057807,63.544792],[27.071937,63.538611],[27.090482,63.540082],[27.122568,63.548619],[27.129044,63.551563],[27.138758,63.560394],[27.146705,63.56216],[27.149355,63.560394],[27.152887,63.551857],[27.156714,63.548619],[27.185267,63.533312],[27.197042,63.518299],[27.197336,63.499166],[27.19086,63.472673],[27.207933,63.470024],[27.226772,63.463253],[27.26033,63.445003],[27.272693,63.433523],[27.279464,63.420865],[27.286823,63.390251],[27.260036,63.404969],[27.23737,63.433523],[27.212054,63.44883],[27.177614,63.424397],[27.2462,63.390251],[27.274459,63.369057],[27.274165,63.342564],[27.293887,63.336971],[27.307428,63.338737],[27.318614,63.346685],[27.331566,63.359932],[27.341574,63.366113],[27.354232,63.370234],[27.365418,63.369057],[27.370422,63.359932],[27.367773,63.353161],[27.36218,63.344036],[27.357176,63.333439],[27.355704,63.32137],[27.353643,63.316071],[27.348934,63.309595],[27.34805,63.304002],[27.355704,63.301353],[27.364535,63.301942],[27.371305,63.304002],[27.377487,63.308124],[27.383374,63.315188],[27.395737,63.302531],[27.383963,63.294288],[27.361591,63.289284],[27.341869,63.287812],[27.335393,63.281042],[27.321558,63.249251],[27.308017,63.239242],[27.362769,63.212161],[27.321852,63.198326],[27.347167,63.19862],[27.358942,63.19656],[27.370422,63.191555],[27.346579,63.185374],[27.334215,63.183902],[27.321852,63.184785],[27.334804,63.180664],[27.348345,63.178309],[27.36218,63.177426],[27.376604,63.178015],[27.376604,63.171244],[27.355704,63.167123],[27.340397,63.158881],[27.322441,63.155054],[27.294476,63.164768],[27.254737,63.185374],[27.232954,63.18714],[27.218825,63.171244],[27.237075,63.168006],[27.245317,63.159175],[27.251205,63.147989],[27.26033,63.137098],[27.272104,63.132094],[27.301247,63.123852],[27.308017,63.116492],[27.299775,63.117081],[27.282407,63.115904],[27.274165,63.116492],[27.274165,63.109722],[27.328917,63.103835],[27.355998,63.096181],[27.376604,63.081757],[27.365124,63.079403],[27.353349,63.08058],[27.328622,63.088528],[27.350994,63.045256],[27.400153,63.012876],[27.460203,62.99286],[27.514072,62.986089],[27.562053,62.986089],[27.575594,62.982851],[27.588546,62.976964],[27.602675,62.972843],[27.617099,62.973137],[27.629757,62.979319],[27.630346,62.991976],[27.587663,63.016114],[27.575594,63.033187],[27.620632,63.022002],[27.64006,63.012582],[27.643298,62.999924],[27.664492,62.993743],[27.675972,62.981379],[27.684803,62.966072],[27.698049,62.951354],[27.71836,62.940463],[27.744853,62.932809],[27.771935,62.931337],[27.794012,62.938402],[27.798722,62.948411],[27.811968,62.964601],[27.816384,62.979613],[27.794601,62.986089],[27.780766,62.984029],[27.767519,62.980202],[27.756039,62.979613],[27.746325,62.986089],[27.74191,62.997275],[27.746325,63.005812],[27.767519,63.020235],[27.72572,63.044079],[27.725131,63.054382],[27.721893,63.061741],[27.715711,63.066156],[27.705408,63.067922],[27.721304,63.085584],[27.740438,63.098536],[27.757217,63.099419],[27.767519,63.081757],[27.773701,63.081757],[27.781943,63.094415],[27.798133,63.105601],[27.816678,63.113549],[27.831985,63.116492],[27.849058,63.110016],[27.852591,63.081463],[27.869958,63.075576],[27.869958,63.067922],[27.854357,63.066156],[27.83905,63.058797],[27.826981,63.046434],[27.821977,63.030244],[27.830808,63.021413],[27.850824,63.011404],[27.87349,63.003162],[27.890269,62.999924],[27.911758,63.004634],[27.922355,63.016703],[27.928242,63.031421],[27.935012,63.044079],[27.950025,63.045845],[28.010958,63.043785],[28.027443,63.040841],[28.035391,63.02524],[28.063355,63.009933],[28.097501,62.998158],[28.1237,62.993448],[28.186399,62.991682],[28.216425,62.997275],[28.233498,63.014054],[28.219368,63.014054],[28.219368,63.020235],[28.276769,63.043196],[28.29502,63.047611],[28.305617,63.047317],[28.325634,63.042018],[28.336231,63.040841],[28.345356,63.042901],[28.355659,63.047023],[28.366845,63.049672],[28.376853,63.047611],[28.383918,63.023768],[28.377147,63.020824],[28.362724,63.019647],[28.335348,63.020235],[28.302085,63.031127],[28.284423,63.029655],[28.267055,63.014054],[28.281185,63.015231],[28.288838,63.010816],[28.293842,63.00434],[28.301201,62.999924],[28.348888,62.993448],[28.348888,62.986089],[28.277358,62.986089],[28.239974,62.990799],[28.226727,62.987561],[28.233498,62.973137],[28.219957,62.966955],[28.203473,62.964895],[28.174331,62.965778],[28.162262,62.964012],[28.1237,62.951354],[28.1237,62.945173],[28.185222,62.945173],[28.169621,62.929571],[28.134886,62.905728],[28.1237,62.889832],[28.15608,62.887772],[28.192287,62.881001],[28.225256,62.868344],[28.24645,62.848915],[28.219074,62.849504],[28.13047,62.841556],[28.136946,62.838907],[28.150193,62.831548],[28.157257,62.829193],[28.152548,62.820657],[28.146955,62.813886],[28.13047,62.801228],[28.146955,62.799462],[28.164617,62.793281],[28.179335,62.783272],[28.185222,62.77032],[28.189343,62.752953],[28.200823,62.738235],[28.21613,62.727049],[28.233498,62.719395],[28.222901,62.718218],[28.213481,62.714097],[28.205533,62.707032],[28.198763,62.698201],[28.215247,62.697024],[28.230554,62.706149],[28.247038,62.712919],[28.267055,62.70556],[28.275886,62.693197],[28.274709,62.6826],[28.271176,62.67112],[28.273826,62.657284],[28.233498,62.650808],[28.233498,62.643449],[28.335348,62.62932],[28.405995,62.600178],[28.421596,62.595762],[28.433077,62.593702],[28.486651,62.573979],[28.534632,62.574568],[28.562008,62.57133],[28.620881,62.556906],[28.6512,62.554257],[28.631478,62.54837],[28.623236,62.547192],[28.623236,62.541011],[28.642664,62.535712],[28.654438,62.526881],[28.671806,62.505687],[28.698593,62.482432],[28.714489,62.472718],[28.732739,62.46477],[28.89199,62.426503],[28.912007,62.410607],[28.946448,62.406781],[28.959988,62.399421],[28.96617,62.382937],[28.934379,62.387058],[28.900527,62.398244],[28.866969,62.405014],[28.836355,62.396478],[28.852251,62.385292],[28.887869,62.368808],[28.897583,62.355561],[28.876978,62.357916],[28.821637,62.376167],[28.793673,62.393829],[28.780132,62.394417],[28.753639,62.390296],[28.739804,62.392651],[28.706541,62.410607],[28.60734,62.419144],[28.586146,62.42768],[28.564363,62.453584],[28.546996,62.467125],[28.527862,62.472129],[28.524624,62.48567],[28.504901,62.495384],[28.458981,62.505687],[28.515793,62.509808],[28.543169,62.508631],[28.568778,62.499505],[28.576138,62.494207],[28.587323,62.483315],[28.596743,62.478311],[28.625591,62.470658],[28.63972,62.469774],[28.6512,62.472129],[28.607046,62.507747],[28.511083,62.560733],[28.431605,62.568386],[28.412471,62.576923],[28.376264,62.598117],[28.356542,62.602533],[28.356542,62.595762],[28.362135,62.59429],[28.376853,62.588403],[28.358014,62.568975],[28.3274,62.570741],[28.294137,62.579278],[28.267055,62.582222],[28.250865,62.573391],[28.205239,62.52747],[28.215247,62.517756],[28.21407,62.509808],[28.208477,62.500977],[28.202589,62.476545],[28.195525,62.469774],[28.184928,62.466536],[28.170798,62.46477],[28.170798,62.460649],[28.172564,62.457411],[28.177863,62.451818],[28.174331,62.450935],[28.171681,62.450641],[28.170504,62.449463],[28.170798,62.444754],[28.186105,62.44181],[28.202295,62.427092],[28.219368,62.423854],[28.200235,62.417966],[28.173153,62.418849],[28.146072,62.424442],[28.127232,62.434451],[28.108687,62.440927],[28.087199,62.439749],[28.067771,62.442104],[28.055407,62.459177],[28.075424,62.460355],[28.085727,62.459177],[28.093086,62.455351],[28.09809,62.455056],[28.1237,62.46477],[28.11693,62.472129],[28.129293,62.477134],[28.135474,62.478605],[28.144305,62.478311],[28.134591,62.488319],[28.134591,62.502155],[28.14195,62.514518],[28.154608,62.520111],[28.155197,62.523937],[28.11693,62.547192],[28.128704,62.55514],[28.126349,62.561322],[28.119284,62.567209],[28.11693,62.574568],[28.121051,62.583105],[28.137535,62.602533],[28.111337,62.608714],[28.077485,62.635501],[28.055407,62.643449],[28.056585,62.652869],[28.050698,62.658756],[28.0401,62.662289],[28.027443,62.664055],[28.046576,62.676418],[28.071597,62.674063],[28.098385,62.666704],[28.1237,62.664055],[28.111925,62.671414],[28.076013,62.684366],[28.080428,62.706738],[28.056585,62.715274],[28.024499,62.717923],[28.003599,62.722339],[27.999773,62.729992],[28.000361,62.748832],[27.996829,62.756485],[27.98476,62.76355],[27.969159,62.76826],[27.952086,62.769437],[27.938251,62.767082],[27.921177,62.755308],[27.906459,62.739412],[27.88968,62.725283],[27.866426,62.719395],[27.814618,62.714391],[27.789008,62.707621],[27.767519,62.698201],[27.776056,62.69614],[27.779,62.69408],[27.781649,62.690548],[27.78783,62.684366],[27.778411,62.683188],[27.766931,62.680245],[27.757217,62.675241],[27.749857,62.659639],[27.741321,62.655813],[27.718949,62.650808],[27.776939,62.626965],[27.794012,62.623138],[27.810791,62.626082],[27.826686,62.633441],[27.84376,62.636973],[27.863188,62.62932],[27.853768,62.624021],[27.82963,62.606359],[27.821977,62.602533],[27.811968,62.606065],[27.80873,62.612835],[27.80667,62.619606],[27.801371,62.623138],[27.795778,62.622255],[27.791952,62.620195],[27.784298,62.612541],[27.776939,62.609009],[27.771052,62.610481],[27.765753,62.613719],[27.76016,62.615485],[27.748091,62.617251],[27.725425,62.623138],[27.712179,62.623138],[27.717772,62.619606],[27.726897,62.612247],[27.732784,62.609303],[27.730724,62.604888],[27.72778,62.592819],[27.72572,62.588403],[27.735139,62.584871],[27.74191,62.585165],[27.748386,62.587226],[27.775467,62.589286],[27.779,62.58752],[27.799016,62.573979],[27.810791,62.562499],[27.817856,62.55043],[27.815206,62.541011],[27.815206,62.533651],[27.832279,62.530708],[27.853768,62.521583],[27.874962,62.510102],[27.890269,62.499505],[27.901161,62.485376],[27.898511,62.473601],[27.887031,62.463004],[27.869958,62.451818],[27.8782,62.44181],[27.89233,62.432685],[27.909992,62.426209],[27.948259,62.420321],[27.986821,62.405897],[28.007132,62.403837],[28.017434,62.406781],[28.022439,62.410902],[28.024794,62.415023],[28.036862,62.427386],[28.043633,62.430918],[28.051875,62.42768],[28.055113,62.421499],[28.056291,62.413845],[28.055113,62.406192],[28.046576,62.392357],[28.047754,62.387647],[28.050109,62.383231],[28.048048,62.376755],[28.034508,62.365275],[27.994768,62.338488],[27.986526,62.324947],[27.977695,62.315233],[27.937073,62.300221],[27.925004,62.28668],[27.939428,62.258421],[27.985054,62.245469],[28.076013,62.231928],[28.073069,62.235755],[28.069243,62.245763],[28.097501,62.24959],[28.149898,62.246058],[28.177863,62.252534],[28.170798,62.258127],[28.162556,62.262542],[28.153431,62.265486],[28.144305,62.266663],[28.144305,62.273139],[28.190521,62.270196],[28.205239,62.266663],[28.25322,62.247824],[28.273826,62.245763],[28.299141,62.249296],[28.252043,62.267546],[28.233498,62.280498],[28.307677,62.293156],[28.342118,62.294333],[28.376853,62.280498],[28.360663,62.273434],[28.349477,62.264897],[28.3483,62.254006],[28.363312,62.239582],[28.381563,62.234283],[28.414237,62.241937],[28.443674,62.229868],[28.490478,62.224569],[28.500486,62.222214],[28.508139,62.207202],[28.526684,62.201903],[28.549056,62.203964],[28.568778,62.211617],[28.566129,62.21721],[28.562597,62.231928],[28.582908,62.223392],[28.58909,62.218388],[28.583791,62.232223],[28.57496,62.246352],[28.569073,62.259304],[28.572016,62.269901],[28.580847,62.272845],[28.613816,62.266663],[28.622058,62.269313],[28.619409,62.2752],[28.613227,62.28197],[28.610284,62.28668],[28.618232,62.306991],[28.621175,62.30758],[28.625002,62.299338],[28.634422,62.294039],[28.661503,62.294039],[28.670923,62.296983],[28.678282,62.301987],[28.68623,62.305225],[28.699182,62.300809],[28.685347,62.314645],[28.715666,62.31435],[28.728913,62.318177],[28.740098,62.328185],[28.693,62.341726],[28.68623,62.347613],[28.654438,62.363215],[28.64443,62.376755],[28.727146,62.355561],[28.65591,62.382937],[28.63766,62.396478],[28.660914,62.399421],[28.693294,62.394123],[28.72538,62.385292],[28.746869,62.376755],[28.748046,62.373223],[28.746869,62.368513],[28.74628,62.364098],[28.750401,62.362332],[28.755111,62.361154],[28.77395,62.352323],[28.79956,62.343787],[28.810746,62.338194],[28.821932,62.328185],[28.810746,62.324653],[28.786314,62.322298],[28.777483,62.317883],[28.779249,62.313761],[28.791318,62.294039],[28.800149,62.291095],[28.80633,62.284914],[28.811335,62.277555],[28.81575,62.273139],[28.82517,62.269018],[28.846658,62.26372],[28.856667,62.259893],[28.925548,62.218388],[28.958222,62.191306],[28.9803,62.163636],[28.95675,62.158926],[28.932907,62.171878],[28.908769,62.189245],[28.883748,62.197782],[28.85755,62.203081],[28.83665,62.215738],[28.817222,62.231634],[28.794556,62.245763],[28.787785,62.239582],[28.791318,62.235166],[28.794556,62.233694],[28.798088,62.2334],[28.802209,62.231928],[28.802504,62.225452],[28.839299,62.194544],[28.856372,62.184536],[28.932024,62.163636],[28.895523,62.157748],[28.685347,62.204552],[28.699182,62.190717],[28.723614,62.184241],[28.774245,62.17806],[28.776011,62.175116],[28.77395,62.170112],[28.77395,62.165696],[28.781015,62.163636],[28.802504,62.164813],[28.808391,62.163636],[28.827525,62.154216],[28.834884,62.147151],[28.842537,62.135671],[28.828408,62.13626],[28.802209,62.142736],[28.787785,62.143325],[28.79014,62.140381],[28.791318,62.138909],[28.79279,62.138026],[28.794556,62.135671],[28.77866,62.130667],[28.770418,62.129195],[28.76041,62.12949],[28.81104,62.11536],[28.87374,62.118892],[29.027986,62.150095],[29.032402,62.153039],[29.037406,62.157454],[29.041233,62.16187],[29.041822,62.163636],[29.0586,62.163341],[29.088331,62.153333],[29.103638,62.150095],[29.226682,62.157454],[29.188121,62.178648],[29.103932,62.186891],[29.062133,62.197782],[29.078617,62.204258],[29.098045,62.206024],[29.13749,62.204552],[29.157507,62.200431],[29.194891,62.182181],[29.209904,62.17806],[29.240517,62.17806],[29.246405,62.176293],[29.25553,62.172172],[29.302334,62.160398],[29.322056,62.158926],[29.34325,62.163636],[29.316463,62.170112],[29.313225,62.176882],[29.32706,62.182181],[29.353259,62.184241],[29.366505,62.187479],[29.368566,62.195133],[29.367094,62.204258],[29.370038,62.211617],[29.377985,62.215444],[29.387405,62.217504],[29.411543,62.218388],[29.411543,62.225747],[29.274664,62.245763],[29.283789,62.250179],[29.293797,62.252534],[29.3041,62.253122],[29.31558,62.252534],[29.311459,62.260776],[29.305572,62.266663],[29.297624,62.270784],[29.288204,62.273139],[29.295269,62.275789],[29.308221,62.283736],[29.31558,62.28668],[29.304394,62.303459],[29.297624,62.30964],[29.288204,62.314645],[29.292914,62.319354],[29.301745,62.334956],[29.293209,62.341432],[29.284083,62.352029],[29.277313,62.363509],[29.274664,62.373223],[29.268482,62.386469],[29.254058,62.395006],[29.220501,62.403837],[29.220501,62.410607],[29.242284,62.40943],[29.296152,62.412668],[29.31558,62.417672],[29.325,62.425031],[29.33177,62.435923],[29.335597,62.448286],[29.335303,62.459177],[29.319113,62.489203],[29.263478,62.532768],[29.240517,62.561027],[29.231686,62.556612],[29.223739,62.554846],[29.206077,62.554257],[29.214319,62.567209],[29.225799,62.570741],[29.239634,62.571036],[29.254647,62.574568],[29.263772,62.582516],[29.275547,62.602827],[29.281434,62.609303],[29.308516,62.614602],[29.339718,62.608714],[29.365917,62.59429],[29.377397,62.574568],[29.364445,62.578689],[29.350904,62.581633],[29.33648,62.58281],[29.322351,62.582222],[29.363856,62.541011],[29.359735,62.528059],[29.367388,62.516873],[29.381812,62.508925],[29.398002,62.505687],[29.38976,62.526881],[29.388877,62.533946],[29.391821,62.541011],[29.401829,62.549547],[29.41272,62.551902],[29.419196,62.548075],[29.414781,62.537478],[29.411543,62.523054],[29.424201,62.514223],[29.453343,62.505687],[29.458347,62.503626],[29.473654,62.499505],[29.475714,62.493912],[29.473654,62.487142],[29.472771,62.48096],[29.49161,62.475662],[29.54489,62.448286],[29.580802,62.439749],[29.597287,62.431213],[29.605823,62.420321],[29.611416,62.409135],[29.618481,62.40001],[29.64674,62.392651],[29.662341,62.385881],[29.677942,62.382937],[29.692661,62.390296],[29.677354,62.404131],[29.679414,62.417378],[29.677059,62.427386],[29.626429,62.434745],[29.601997,62.443576],[29.581097,62.456822],[29.569322,62.472129],[29.607589,62.467125],[29.624368,62.466831],[29.631433,62.475367],[29.623779,62.485376],[29.587867,62.493618],[29.576093,62.499505],[29.571677,62.526587],[29.591694,62.543366],[29.623191,62.551902],[29.651744,62.554257],[29.63261,62.564854],[29.617303,62.57604],[29.589633,62.602533],[29.613771,62.614307],[29.64203,62.623727],[29.671761,62.62932],[29.699431,62.62932],[29.696782,62.625787],[29.692661,62.623138],[29.721214,62.607831],[29.800104,62.576334],[29.816294,62.557495],[29.810995,62.535712],[29.809523,62.533651],[29.807757,62.534829],[29.804519,62.533651],[29.802459,62.531297],[29.802459,62.52747],[29.807463,62.522466],[29.81335,62.521583],[29.819237,62.521583],[29.823064,62.520111],[29.831895,62.508925],[29.863686,62.478311],[29.894594,62.441221],[29.904603,62.444459],[29.926975,62.44858],[29.947286,62.448875],[29.949346,62.441221],[29.919321,62.415023],[29.911373,62.410607],[29.896361,62.411785],[29.869574,62.422971],[29.85044,62.423854],[29.85044,62.417672],[29.856033,62.406192],[29.848085,62.393829],[29.832778,62.384998],[29.816294,62.382937],[29.830129,62.369691],[29.82954,62.361154],[29.82483,62.354384],[29.816882,62.352323],[29.790684,62.367041],[29.773316,62.366747],[29.741231,62.355561],[29.741231,62.34938],[29.751239,62.350263],[29.759481,62.349085],[29.767429,62.346142],[29.775377,62.341726],[29.772139,62.338194],[29.770667,62.334956],[29.76949,62.331718],[29.768018,62.328185],[29.835427,62.315233],[29.856622,62.30758],[29.785385,62.30758],[29.776554,62.310229],[29.755655,62.320237],[29.747412,62.321415],[29.742408,62.316999],[29.741231,62.303753],[29.737698,62.300809],[29.722097,62.301398],[29.713561,62.303164],[29.675293,62.322298],[29.657043,62.326125],[29.639381,62.324359],[29.623779,62.314645],[29.639675,62.304931],[29.654393,62.293745],[29.657631,62.284325],[29.637615,62.280498],[29.626429,62.283736],[29.605823,62.297571],[29.59346,62.300809],[29.541946,62.300809],[29.541946,62.294039],[29.559608,62.287269],[29.569911,62.275494],[29.575504,62.264897],[29.579919,62.259893],[29.590222,62.256066],[29.603174,62.246058],[29.627606,62.222214],[29.654688,62.206613],[29.697076,62.193072],[29.739759,62.186007],[29.768018,62.191012],[29.761836,62.204552],[29.768607,62.209262],[29.770667,62.209851],[29.771845,62.211028],[29.775377,62.218388],[29.817471,62.208379],[29.837782,62.199843],[29.872223,62.17541],[29.895478,62.170701],[29.974956,62.170995],[29.983787,62.167168],[30.003509,62.153627],[30.019699,62.137437],[30.020288,62.131844],[30.007925,62.12949],[29.999682,62.12684],[29.982315,62.114183],[29.973484,62.109178],[29.948757,62.11065],[29.939338,62.109178],[29.934039,62.102702],[29.929329,62.092105],[29.922559,62.084157],[29.911962,62.085041],[29.857505,62.123897],[29.832778,62.13155],[29.825419,62.135671],[29.812761,62.146563],[29.800987,62.153333],[29.789212,62.153627],[29.768018,62.150095],[29.666168,62.157454],[29.682358,62.14568],[29.699431,62.135671],[29.685007,62.123014],[29.667345,62.12949],[29.648506,62.142736],[29.630844,62.150095],[29.605823,62.151567],[29.594637,62.153627],[29.583452,62.157454],[29.574032,62.163636],[29.567556,62.170701],[29.560491,62.176293],[29.548717,62.17806],[29.55637,62.170701],[29.544007,62.164225],[29.53076,62.164519],[29.518103,62.169523],[29.508094,62.17806],[29.522224,62.165108],[29.530466,62.154216],[29.534293,62.142147],[29.535176,62.126252],[29.527522,62.113888],[29.513982,62.101819],[29.507211,62.090633],[29.521635,62.081214],[29.496614,62.074738],[29.470416,62.083569],[29.443923,62.096226],[29.417725,62.102408],[29.436564,62.076798],[29.460996,62.058548],[29.521635,62.034116],[29.516631,62.028817],[29.508094,62.012921],[29.528994,62.007623],[29.566378,61.984074],[29.607001,61.973771],[29.650567,61.95346],[29.67235,61.951399],[29.661752,61.959936],[29.637909,61.968472],[29.627606,61.974948],[29.621719,61.984074],[29.622308,61.990255],[29.623779,61.995848],[29.620836,62.002913],[29.607001,62.016454],[29.633494,62.032349],[29.643208,62.034999],[29.653805,62.035587],[29.666168,62.034116],[29.701786,62.015276],[29.761248,61.949044],[29.802459,61.930499],[29.794805,61.919019],[29.767429,61.913132],[29.754772,61.903124],[29.762425,61.898119],[29.770667,61.893998],[29.779792,61.891055],[29.788918,61.889288],[29.774788,61.875748],[29.751828,61.875159],[29.727101,61.881635],[29.707085,61.889288],[29.741231,61.841601],[29.718565,61.818935],[29.6906,61.833948],[29.660281,61.853965],[29.631433,61.848372],[29.645562,61.844251],[29.660281,61.842485],[29.67441,61.838069],[29.68589,61.828061],[29.6697,61.828355],[29.661752,61.822468],[29.657631,61.813931],[29.651744,61.807455],[29.636732,61.800096],[29.62584,61.797741],[29.566967,61.800979],[29.536353,61.797741],[29.507211,61.790382],[29.479835,61.780079],[29.511627,61.773015],[29.524873,61.766539],[29.527817,61.752115],[29.520163,61.741812],[29.508094,61.742989],[29.493671,61.748877],[29.480424,61.752115],[29.470416,61.748877],[29.463057,61.741223],[29.44981,61.721795],[29.438624,61.718263],[29.428027,61.727094],[29.411543,61.752115],[29.406244,61.744756],[29.400357,61.739163],[29.392998,61.735336],[29.383873,61.732392],[29.385345,61.726211],[29.383873,61.722973],[29.383873,61.717968],[29.41272,61.712964],[29.424495,61.708254],[29.432148,61.697657],[29.420668,61.697069],[29.410365,61.695302],[29.400651,61.69177],[29.390937,61.68706],[29.377397,61.684411],[29.328827,61.690887],[29.30204,61.689121],[29.298801,61.683822],[29.329121,61.663511],[29.309399,61.646438],[29.298213,61.639079],[29.284966,61.636135],[29.270248,61.635547],[29.257591,61.632897],[29.247288,61.626421],[29.240517,61.61553],[29.281434,61.61553],[29.263478,61.608171],[29.252881,61.601695],[29.2414,61.598457],[29.220501,61.6014],[29.164866,61.621123],[29.144849,61.622595],[29.151031,61.618473],[29.152503,61.615235],[29.151619,61.608759],[29.140434,61.613469],[29.128365,61.615824],[29.116296,61.616413],[29.103638,61.61553],[29.103638,61.608759],[29.124244,61.6014],[29.104816,61.597574],[29.083916,61.603461],[29.062721,61.611703],[29.041822,61.61553],[29.053891,61.605227],[29.096279,61.589037],[29.102755,61.583738],[29.10717,61.577557],[29.113058,61.571964],[29.124244,61.567843],[29.103344,61.561956],[29.059778,61.576968],[29.041822,61.574613],[29.035934,61.579617],[29.02887,61.584327],[29.021216,61.587565],[29.004143,61.590214],[29.002671,61.592864],[29.003554,61.596985],[29.000611,61.6014],[28.987364,61.609348],[28.814867,61.683822],[28.774245,61.690298],[28.733622,61.690887],[28.721848,61.689415],[28.715961,61.683528],[28.712723,61.67087],[28.719493,61.651442],[28.718904,61.640845],[28.706541,61.636135],[28.69977,61.641139],[28.676221,61.6641],[28.665036,61.67087],[28.667685,61.646438],[28.651789,61.638785],[28.596743,61.642317],[28.597332,61.637901],[28.598509,61.634958],[28.603513,61.628776],[28.599981,61.622006],[28.602925,61.614058],[28.609106,61.606404],[28.617349,61.6014],[28.631478,61.59934],[28.656205,61.606993],[28.671806,61.608759],[28.669157,61.615824],[28.667685,61.618473],[28.665036,61.622595],[28.710073,61.615235],[28.727146,61.61553],[28.748046,61.620828],[28.760115,61.621417],[28.796616,61.607876],[28.821932,61.602283],[28.817222,61.601695],[28.81575,61.6014],[28.810157,61.592275],[28.821932,61.584033],[28.841065,61.577851],[28.856667,61.574613],[28.839299,61.569903],[28.828113,61.573436],[28.808391,61.589037],[28.790729,61.595219],[28.773656,61.596985],[28.703892,61.592864],[28.685347,61.589037],[28.671806,61.582267],[28.662386,61.569609],[28.666802,61.563427],[28.699182,61.554302],[28.692706,61.546354],[28.684464,61.541056],[28.675338,61.538995],[28.665036,61.539878],[28.674455,61.53664],[28.684758,61.533991],[28.695355,61.533108],[28.706541,61.533697],[28.669745,61.518684],[28.658265,61.509853],[28.675044,61.505732],[28.68152,61.508676],[28.683875,61.513091],[28.687996,61.513974],[28.70713,61.499256],[28.711545,61.494546],[28.711839,61.488659],[28.706541,61.479239],[28.670334,61.463344],[28.574666,61.500139],[28.534632,61.498962],[28.541991,61.491602],[28.550234,61.485715],[28.559064,61.481594],[28.568778,61.479239],[28.56348,61.464521],[28.568484,61.450686],[28.578492,61.439206],[28.58909,61.430669],[28.559064,61.404471],[28.505196,61.394757],[28.350066,61.398583],[28.343296,61.392402],[28.341529,61.374446],[28.346828,61.372679],[28.363312,61.369147],[28.391277,61.366792],[28.446912,61.372679],[28.47311,61.369147],[28.44544,61.34913],[28.41777,61.346187],[28.303556,61.363848],[28.29502,61.361788],[28.298258,61.352957],[28.309444,61.345009],[28.345356,61.324698],[28.360074,61.324404],[28.387156,61.32823],[28.403935,61.32617],[28.436315,61.316456],[28.452505,61.314101],[28.482824,61.319988],[28.526684,61.348247],[28.554943,61.355018],[28.551411,61.347364],[28.551705,61.344126],[28.553766,61.341182],[28.554943,61.334412],[28.583202,61.348542],[28.613522,61.35178],[28.678576,61.348247],[28.669451,61.353546],[28.662681,61.359433],[28.656793,61.366498],[28.6512,61.375623],[28.669157,61.372091],[28.687113,61.36326],[28.7348,61.331763],[28.750401,61.325287],[28.76718,61.321754],[28.787785,61.320871],[28.795733,61.304976],[28.866675,61.287314],[28.884042,61.269358],[28.879038,61.242276],[28.864909,61.22638],[28.84342,61.217255],[28.76041,61.197238],[28.747457,61.191057],[28.737449,61.184581],[28.725969,61.179577],[28.695355,61.175161],[28.669157,61.165447],[28.58909,61.155733],[28.510494,61.126591],[28.483118,61.122175],[28.423068,61.119232],[28.395987,61.112756],[28.369494,61.101276],[28.335936,61.078021],[28.321513,61.0739],[28.308855,61.074783],[28.293842,61.078315],[28.278535,61.07861],[28.264112,61.070662],[28.242034,61.064186],[28.127232,61.059476],[28.054524,61.070956],[28.04481,61.074489],[28.041867,61.081259],[28.046282,61.086557],[28.055407,61.088912]]],[[[28.56554,61.245808],[28.559653,61.241393],[28.568778,61.231973],[28.581436,61.223731],[28.586146,61.221376],[28.604691,61.207247],[28.622353,61.202537],[28.641781,61.206658],[28.66062,61.217255],[28.671806,61.211073],[28.678576,61.218433],[28.658854,61.220493],[28.645607,61.228735],[28.633539,61.238744],[28.617349,61.245808],[28.604102,61.241982],[28.56554,61.245808]]],[[[27.951497,61.484243],[27.972985,61.479239],[27.955324,61.493074],[27.95238,61.501316],[27.95915,61.513385],[27.946198,61.527515],[27.932658,61.526043],[27.919706,61.518095],[27.907637,61.513385],[27.845526,61.510736],[27.828453,61.513385],[27.823448,61.517507],[27.821094,61.529575],[27.815206,61.533697],[27.806081,61.534874],[27.777233,61.533697],[27.766931,61.536051],[27.748091,61.543999],[27.739555,61.543411],[27.712179,61.533697],[27.718066,61.521039],[27.71836,61.508676],[27.715711,61.495135],[27.729546,61.487481],[27.758688,61.488953],[27.773701,61.479239],[27.751329,61.478945],[27.754862,61.470703],[27.771346,61.459517],[27.78783,61.451275],[27.741027,61.449508],[27.717772,61.45098],[27.698049,61.458045],[27.705408,61.464815],[27.692162,61.477179],[27.673028,61.475118],[27.65154,61.468053],[27.629757,61.464815],[27.60974,61.46982],[27.57736,61.484538],[27.5544,61.485421],[27.542331,61.479534],[27.528496,61.479828],[27.499942,61.485421],[27.499942,61.479239],[27.548218,61.464815],[27.540859,61.458045],[27.771935,61.438323],[27.801371,61.430669],[27.778705,61.422721],[27.733667,61.416834],[27.712179,61.402705],[27.817561,61.404176],[27.849353,61.410358],[27.872607,61.419778],[27.90381,61.436851],[27.919706,61.454218],[27.89704,61.464815],[27.898511,61.472469],[27.897334,61.477179],[27.892918,61.480711],[27.883499,61.485421],[27.902632,61.487776],[27.951497,61.484243]]],[[[27.66979,61.286725],[27.718949,61.273184],[27.678033,61.287314],[27.682448,61.304387],[27.658016,61.32146],[27.671262,61.334412],[27.654189,61.340005],[27.645947,61.341477],[27.636527,61.341182],[27.639765,61.345009],[27.641826,61.348247],[27.645064,61.351485],[27.650068,61.355018],[27.650068,61.361788],[27.641531,61.364143],[27.638588,61.368853],[27.636527,61.382982],[27.616511,61.389164],[27.54969,61.391519],[27.527907,61.389164],[27.534089,61.402705],[27.502297,61.40712],[27.452844,61.426254],[27.421347,61.430669],[27.388673,61.424487],[27.333332,61.398878],[27.300658,61.395934],[27.300658,61.389164],[27.411927,61.358844],[27.448429,61.355018],[27.520253,61.355312],[27.555871,61.347658],[27.582659,61.32823],[27.52408,61.334412],[27.466974,61.347953],[27.452255,61.348247],[27.440775,61.335001],[27.458143,61.320871],[27.51731,61.288786],[27.552633,61.283781],[27.568824,61.279955],[27.580009,61.27289],[27.587957,61.266414],[27.597082,61.26141],[27.612978,61.259349],[27.62593,61.263176],[27.647124,61.281426],[27.657427,61.287314],[27.66979,61.286725]]],[[[28.239974,61.394168],[28.269116,61.391224],[28.290016,61.399467],[28.287661,61.416245],[28.421596,61.416245],[28.437786,61.418306],[28.486945,61.430669],[28.528451,61.433024],[28.541403,61.436851],[28.533455,61.447448],[28.513732,61.460989],[28.507256,61.472174],[28.504313,61.470703],[28.50078,61.470703],[28.495482,61.472763],[28.486945,61.479239],[28.493716,61.485421],[28.469283,61.489542],[28.46163,61.49484],[28.458981,61.505732],[28.43867,61.511031],[28.410116,61.512797],[28.388922,61.507498],[28.390688,61.491602],[28.373026,61.49278],[28.365078,61.49484],[28.356542,61.498962],[28.372732,61.474529],[28.376853,61.464815],[28.362135,61.451863],[28.342707,61.445976],[28.294431,61.44421],[28.206122,61.457751],[28.185222,61.451275],[28.213481,61.45098],[28.219663,61.442149],[28.217013,61.427725],[28.219368,61.410358],[28.239974,61.394168]]],[[[28.242623,61.538995],[28.22555,61.513385],[28.241151,61.512797],[28.255281,61.514857],[28.268527,61.519567],[28.28089,61.526926],[28.290899,61.512502],[28.304439,61.516035],[28.318275,61.526926],[28.329166,61.533697],[28.331227,61.530753],[28.339469,61.524571],[28.351243,61.519567],[28.363312,61.519567],[28.365373,61.523099],[28.368316,61.530164],[28.373026,61.536935],[28.380385,61.539878],[28.384212,61.543411],[28.383623,61.550475],[28.383918,61.557834],[28.390688,61.561072],[28.397753,61.559012],[28.416003,61.54812],[28.421596,61.543411],[28.432488,61.540761],[28.446617,61.547532],[28.459275,61.558423],[28.46634,61.567843],[28.471933,61.574024],[28.47311,61.577557],[28.47311,61.582267],[28.454565,61.586976],[28.430427,61.589626],[28.383918,61.589037],[28.368316,61.583738],[28.337997,61.565194],[28.325339,61.561072],[28.295314,61.559601],[28.266467,61.553419],[28.242623,61.538995]]],[[[28.291193,61.694125],[28.292665,61.684411],[28.287366,61.669398],[28.273826,61.642317],[28.28089,61.640845],[28.293254,61.636724],[28.301201,61.636135],[28.294725,61.629659],[28.28089,61.608759],[28.310915,61.623183],[28.322396,61.631425],[28.329166,61.642317],[28.342118,61.617002],[28.360074,61.607876],[28.541403,61.622595],[28.524624,61.643494],[28.51697,61.654975],[28.514321,61.667043],[28.506079,61.676463],[28.467223,61.687355],[28.452505,61.697657],[28.466045,61.702073],[28.494304,61.7059],[28.507256,61.711198],[28.500486,61.717968],[28.475465,61.722973],[28.451916,61.720029],[28.404818,61.705016],[28.404818,61.697657],[28.414237,61.695302],[28.421302,61.692359],[28.426306,61.688238],[28.431605,61.683234],[28.42925,61.676169],[28.427778,61.673814],[28.428367,61.671459],[28.431605,61.663511],[28.414532,61.657329],[28.398342,61.656741],[28.38539,61.661451],[28.376853,61.67087],[28.376853,61.677052],[28.383623,61.710021],[28.383918,61.717968],[28.369494,61.726505],[28.346828,61.730921],[28.305028,61.732392],[28.290016,61.729154],[28.281479,61.720618],[28.281185,61.708549],[28.291193,61.694125]]],[[[28.858138,61.903712],[28.870502,61.903124],[28.8758,61.905184],[28.88993,61.914015],[28.897583,61.916664],[28.884042,61.903124],[28.896406,61.899591],[28.909946,61.898119],[28.920544,61.894881],[28.924959,61.886345],[28.925548,61.876042],[28.926725,61.867505],[28.928786,61.861029],[28.932024,61.855731],[28.940855,61.847783],[28.960871,61.838069],[28.969408,61.831593],[28.975001,61.822762],[28.978239,61.814226],[28.983243,61.806572],[28.99384,61.800685],[28.986481,61.793031],[29.007675,61.780079],[29.022688,61.786261],[29.037406,61.785967],[29.069197,61.780079],[29.096573,61.780962],[29.111586,61.779491],[29.124244,61.773309],[29.116884,61.766539],[29.126598,61.762417],[29.133663,61.763301],[29.144849,61.766539],[29.15839,61.766833],[29.15839,61.766539],[29.163394,61.764184],[29.166926,61.754764],[29.172225,61.752115],[29.179584,61.752998],[29.190475,61.758296],[29.207549,61.761534],[29.220206,61.766833],[29.22992,61.774486],[29.234041,61.783612],[29.228743,61.788322],[29.20225,61.80039],[29.192536,61.807455],[29.209315,61.812459],[29.224622,61.811871],[29.254647,61.807455],[29.267893,61.808338],[29.277607,61.810988],[29.301745,61.820996],[29.292914,61.83542],[29.293797,61.8469],[29.301156,61.853965],[29.312637,61.854848],[29.307338,61.858675],[29.301745,61.862207],[29.309104,61.869566],[29.291737,61.875453],[29.323822,61.914898],[29.31558,61.930499],[29.34325,61.94404],[29.324411,61.956992],[29.330887,61.969355],[29.350021,61.977598],[29.370038,61.978775],[29.412132,61.967589],[29.429794,61.959641],[29.432148,61.951399],[29.432148,61.94404],[29.513982,61.937858],[29.513982,61.94404],[29.482779,61.958464],[29.47071,61.967295],[29.459524,61.978775],[29.454226,61.9879],[29.446572,62.009978],[29.438919,62.019692],[29.464234,62.028523],[29.449516,62.042063],[29.40124,62.064729],[29.378869,62.090633],[29.369743,62.105646],[29.363856,62.122719],[29.355614,62.127723],[29.345311,62.128901],[29.334125,62.128606],[29.322351,62.12949],[29.294092,62.137732],[29.280845,62.14303],[29.268188,62.150095],[29.29262,62.12007],[29.29939,62.102702],[29.284966,62.094755],[29.277607,62.071794],[29.26701,62.055604],[29.247877,62.047656],[29.280551,62.032055],[29.288204,62.026462],[29.292031,62.017926],[29.292325,61.996437],[29.294975,61.984957],[29.280257,61.987606],[29.262595,62.002913],[29.247288,62.00674],[29.219618,62.008506],[29.208432,62.012333],[29.199895,62.019692],[29.207843,62.023813],[29.226682,62.040297],[29.15839,62.081214],[29.173697,62.083569],[29.241106,62.075032],[29.247288,62.080036],[29.235219,62.107118],[29.237279,62.119776],[29.226388,62.134199],[29.183116,62.141264],[29.141905,62.136849],[29.138079,62.116538],[29.123949,62.109178],[29.113058,62.111239],[29.102461,62.117715],[29.090097,62.122719],[29.042705,62.122425],[29.027692,62.126252],[29.003554,62.128901],[28.976473,62.121542],[28.932024,62.102408],[28.877566,62.091222],[28.699182,62.075032],[28.699182,62.068262],[28.706541,62.061197],[28.693589,62.060608],[28.678576,62.055015],[28.678576,62.034116],[28.68829,62.02293],[28.744219,61.986134],[28.766297,61.978481],[28.828113,61.967589],[28.876683,61.937858],[28.876683,61.930499],[28.865498,61.929911],[28.845481,61.925201],[28.835767,61.924023],[28.82723,61.921963],[28.822226,61.916959],[28.821343,61.911954],[28.825464,61.909894],[28.858138,61.903712]]],[[[27.815206,62.478311],[27.815206,62.485965],[27.809613,62.490674],[27.802549,62.498328],[27.796661,62.507453],[27.789891,62.528647],[27.780177,62.531297],[27.768991,62.530413],[27.76016,62.530708],[27.70953,62.550136],[27.683331,62.557201],[27.657427,62.561027],[27.68863,62.546015],[27.729252,62.533357],[27.764576,62.517756],[27.780471,62.492735],[27.787242,62.484493],[27.79519,62.479488],[27.804609,62.477428],[27.815206,62.478311]]],[[[27.842582,62.925156],[27.821977,62.931632],[27.829925,62.920152],[27.834634,62.915442],[27.841993,62.911026],[27.82963,62.901607],[27.83434,62.88836],[27.866426,62.850093],[27.869075,62.843911],[27.871135,62.823306],[27.874668,62.817713],[27.881144,62.815064],[27.890269,62.814769],[27.883499,62.829193],[27.916468,62.825072],[27.967098,62.796224],[28.041867,62.739118],[28.051875,62.734408],[28.061295,62.736174],[28.082195,62.745888],[28.071597,62.745594],[28.061295,62.747065],[28.050992,62.749715],[28.041867,62.753247],[28.075719,62.762372],[28.137829,62.743239],[28.165205,62.745888],[28.141067,62.764139],[28.111925,62.774441],[28.07984,62.778857],[28.048048,62.780034],[28.059529,62.799462],[28.078368,62.809765],[28.1237,62.822128],[28.1237,62.829193],[28.05894,62.830076],[28.041867,62.835375],[28.059529,62.841556],[28.098679,62.843911],[28.11693,62.848915],[28.11693,62.855686],[28.080723,62.854803],[28.063355,62.856863],[28.048048,62.863339],[28.067771,62.869521],[28.110454,62.869815],[28.13047,62.87688],[28.105744,62.8863],[28.055702,62.878058],[28.034508,62.88365],[28.04481,62.890715],[28.059529,62.89307],[28.070714,62.89307],[28.082195,62.896897],[28.051875,62.896602],[28.038629,62.900429],[28.027443,62.911026],[28.043338,62.91603],[28.074835,62.91868],[28.089554,62.924861],[28.074835,62.935164],[28.06571,62.966072],[28.055407,62.979319],[28.033919,62.985795],[28.013019,62.980791],[27.995652,62.968427],[27.986526,62.951354],[27.993297,62.951354],[27.993297,62.945173],[27.982405,62.945467],[27.961211,62.950765],[27.951791,62.951354],[27.947081,62.949294],[27.93619,62.940757],[27.932069,62.938402],[27.904104,62.934281],[27.893213,62.936636],[27.883499,62.945173],[27.900278,62.95312],[27.917645,62.958713],[27.898806,62.96725],[27.878789,62.971371],[27.860538,62.967544],[27.849353,62.951354],[27.863482,62.943406],[27.888209,62.922212],[27.904104,62.917797],[27.881733,62.909849],[27.861716,62.915147],[27.842582,62.925156]]]]}},{"type":"Feature","properties":{"min_zoom":3},"geometry":{"type":"MultiPolygon","coordinates":[[[[26.304824,61.414185],[26.327784,61.42802],[26.356043,61.430669],[26.347801,61.421249],[26.311006,61.392402],[26.303058,61.382393],[26.291283,61.361788],[26.283335,61.351485],[26.271266,61.344126],[26.22564,61.334412],[26.215632,61.32823],[26.190905,61.307331],[26.202385,61.296439],[26.212982,61.297322],[26.224757,61.302915],[26.238886,61.307331],[26.245362,61.305564],[26.24654,61.29585],[26.253016,61.293495],[26.260669,61.294673],[26.277154,61.299677],[26.286573,61.300855],[26.269206,61.27966],[26.265968,61.279955],[26.267734,61.273184],[26.271855,61.264059],[26.276859,61.257877],[26.280392,61.259349],[26.275682,61.250518],[26.266851,61.239038],[26.25596,61.22903],[26.245657,61.224614],[26.229172,61.230207],[26.223874,61.243159],[26.22564,61.269358],[26.220636,61.278777],[26.207978,61.275539],[26.192082,61.26818],[26.177364,61.265531],[26.17913,61.270535],[26.182074,61.282604],[26.184135,61.287314],[26.169122,61.28908],[26.160291,61.285548],[26.146162,61.269358],[26.138214,61.262882],[26.129677,61.25876],[26.108189,61.252579],[26.120552,61.241687],[26.144101,61.234917],[26.1703,61.231679],[26.190905,61.231973],[26.190905,61.224614],[26.184723,61.20813],[26.210627,61.174278],[26.211216,61.155733],[26.206506,61.160443],[26.196204,61.166036],[26.190905,61.169862],[26.174126,61.156616],[26.167356,61.149257],[26.168828,61.140132],[26.177364,61.122175],[26.185606,61.133067],[26.195615,61.140132],[26.206506,61.141898],[26.217987,61.136599],[26.210627,61.120115],[26.226229,61.10628],[26.273327,61.088029],[26.23035,61.091267],[26.211216,61.088618],[26.169416,61.05771],[26.16088,61.045935],[26.163529,61.032689],[26.172949,61.040048],[26.183252,61.044169],[26.193849,61.044463],[26.204446,61.040342],[26.144101,61.008551],[26.129677,60.991772],[26.120552,60.977054],[26.101713,60.946146],[26.087878,60.930544],[26.080813,60.943496],[26.070804,60.977937],[26.060502,60.985591],[26.047255,60.97676],[26.040779,60.957332],[26.032832,60.942613],[26.015758,60.947912],[26.008988,60.964396],[26.023117,60.977937],[26.081696,60.998543],[26.094648,61.005607],[26.147928,61.061242],[26.159114,61.079198],[26.163529,61.097743],[26.153226,61.09686],[26.13056,61.104808],[26.094648,61.122175],[26.092587,61.127768],[26.090527,61.143664],[26.087878,61.149551],[26.080224,61.154261],[26.058441,61.16162],[26.050199,61.166624],[26.035775,61.178399],[25.985439,61.204303],[25.970426,61.172806],[25.953942,61.181343],[25.935986,61.202831],[25.917146,61.211073],[25.910376,61.20342],[25.883,61.163092],[25.870343,61.151318],[25.85739,61.141898],[25.845322,61.139543],[25.834724,61.149551],[25.846499,61.156616],[25.87623,61.183698],[25.867105,61.18723],[25.859451,61.186347],[25.853269,61.183992],[25.848854,61.183698],[25.840612,61.188407],[25.81353,61.209602],[25.809998,61.213723],[25.805582,61.216666],[25.794397,61.218433],[25.770553,61.212251],[25.762605,61.211073],[25.76025,61.215783],[25.794397,61.242276],[25.784977,61.24993],[25.664582,61.286136],[25.643388,61.287314],[25.623665,61.282898],[25.613363,61.275539],[25.609536,61.26612],[25.608653,61.256111],[25.623665,61.231385],[25.658106,61.222848],[25.696962,61.21961],[25.724927,61.211073],[25.684893,61.186641],[25.553312,61.169862],[25.552135,61.166036],[25.552135,61.151612],[25.550074,61.146019],[25.538005,61.136011],[25.498855,61.114816],[25.544187,61.090384],[25.565676,61.074489],[25.574507,61.060065],[25.580688,61.060065],[25.58216,61.073017],[25.586281,61.082436],[25.592463,61.087735],[25.601294,61.088029],[25.607475,61.083025],[25.613951,61.063303],[25.622194,61.053883],[25.617484,61.047407],[25.608653,61.026507],[25.61925,61.024447],[25.626903,61.018854],[25.63073,61.010317],[25.629258,60.999426],[25.623665,60.99295],[25.614834,60.990889],[25.591874,60.991772],[25.583926,60.99501],[25.568914,61.00914],[25.557139,61.012378],[25.544776,61.013261],[25.533296,61.015616],[25.522404,61.020031],[25.512396,61.026507],[25.532118,61.041814],[25.539772,61.050056],[25.546542,61.060065],[25.522404,61.070956],[25.495028,61.088618],[25.467064,61.099804],[25.440277,61.091267],[25.437627,61.082436],[25.446753,61.075077],[25.458821,61.068013],[25.464709,61.060065],[25.458233,61.045641],[25.444103,61.040048],[25.429679,61.040048],[25.423203,61.043286],[25.405542,61.066246],[25.36698,61.064774],[25.327241,61.058593],[25.30693,61.067718],[25.317821,61.083025],[25.380521,61.091562],[25.402598,61.101276],[25.396122,61.100393],[25.382581,61.101276],[25.376105,61.101276],[25.394944,61.139837],[25.435272,61.160443],[25.485314,61.168685],[25.532412,61.169862],[25.532412,61.177516],[25.506214,61.183109],[25.492085,61.193412],[25.490024,61.209602],[25.498855,61.231973],[25.512984,61.244631],[25.518872,61.253462],[25.515928,61.262587],[25.503859,61.267297],[25.491202,61.269063],[25.482959,61.273773],[25.485314,61.287314],[25.470596,61.291729],[25.457644,61.289669],[25.430563,61.279955],[25.436744,61.269652],[25.453523,61.258466],[25.45735,61.249046],[25.448519,61.240804],[25.429091,61.236683],[25.408191,61.236389],[25.395239,61.239038],[25.381698,61.259349],[25.384642,61.284076],[25.397005,61.308802],[25.409368,61.32823],[25.385525,61.33765],[25.360798,61.327936],[25.334894,61.313218],[25.30693,61.307331],[25.321059,61.338533],[25.297216,61.346775],[25.261303,61.350602],[25.238637,61.369147],[25.259537,61.371208],[25.279848,61.375623],[25.268368,61.380627],[25.231867,61.389164],[25.261597,61.395934],[25.295155,61.395934],[25.307518,61.399172],[25.273078,61.416245],[25.149445,61.458045],[25.149445,61.464815],[25.204785,61.461577],[25.217737,61.464815],[25.224508,61.477179],[25.212144,61.483655],[25.193011,61.485715],[25.177409,61.485421],[25.193894,61.493369],[25.211556,61.498962],[25.211556,61.505732],[25.193305,61.508381],[25.175054,61.51574],[25.157687,61.526926],[25.143263,61.539878],[25.160925,61.545765],[25.17947,61.545765],[25.240109,61.538406],[25.25365,61.54135],[25.279848,61.561072],[25.273961,61.567254],[25.271606,61.571081],[25.268368,61.573141],[25.259243,61.574613],[25.259243,61.582267],[25.286618,61.588448],[25.310462,61.582855],[25.3555,61.561072],[25.374045,61.558129],[25.391412,61.561956],[25.40613,61.572258],[25.416139,61.589037],[25.403481,61.588154],[25.391412,61.589037],[25.379343,61.591392],[25.368452,61.595219],[25.380815,61.600223],[25.397888,61.604638],[25.426736,61.608759],[25.434095,61.613175],[25.464709,61.642317],[25.455289,61.650853],[25.445869,61.662628],[25.435272,61.672931],[25.423498,61.677052],[25.348141,61.677052],[25.367863,61.68235],[25.376105,61.683234],[25.376105,61.690887],[25.35756,61.695597],[25.344903,61.702662],[25.344314,61.710609],[25.361681,61.717968],[25.361681,61.725622],[25.323414,61.734747],[25.28338,61.738574],[25.268368,61.73357],[25.258948,61.724445],[25.250706,61.719146],[25.238637,61.725622],[25.243347,61.731804],[25.251883,61.752115],[25.233633,61.762123],[25.195071,61.790088],[25.17005,61.800685],[25.17005,61.807455],[25.228334,61.803923],[25.238637,61.800685],[25.245702,61.807455],[25.266307,61.797447],[25.273078,61.793031],[25.273961,61.788027],[25.271606,61.771543],[25.273078,61.766539],[25.288385,61.762417],[25.338132,61.760357],[25.351673,61.763006],[25.367569,61.769777],[25.386702,61.772131],[25.402598,61.776547],[25.436744,61.83542],[25.460882,61.85838],[25.465003,61.870743],[25.449991,61.883107],[25.435272,61.883695],[25.368746,61.876336],[25.280142,61.876336],[25.263069,61.871627],[25.247468,61.862501],[25.230689,61.856908],[25.211556,61.862207],[25.23746,61.878397],[25.277199,61.889288],[25.374633,61.899002],[25.382581,61.904007],[25.376105,61.910483],[25.3555,61.916664],[25.321648,61.920785],[25.307518,61.92579],[25.293389,61.937858],[25.40613,61.930499],[25.425264,61.926967],[25.485314,61.903124],[25.489141,61.919019],[25.502093,61.925495],[25.517989,61.929322],[25.532412,61.937858],[25.526231,61.94404],[25.517694,61.939036],[25.508569,61.93727],[25.499738,61.939036],[25.491496,61.94404],[25.497972,61.953754],[25.50327,61.964351],[25.509452,61.973477],[25.519166,61.978775],[25.535945,61.976715],[25.548014,61.970239],[25.559788,61.96965],[25.574507,61.984957],[25.559494,61.99261],[25.527408,62.004385],[25.512396,62.012921],[25.655457,61.999381],[25.680478,62.000264],[25.709325,62.01351],[25.7211,62.017042],[25.73052,62.02293],[25.732286,62.034116],[25.724338,62.041475],[25.710208,62.045301],[25.660461,62.049717],[25.643093,62.055899],[25.63073,62.066201],[25.622194,62.081214],[25.632202,62.086807],[25.643093,62.088867],[25.666937,62.088573],[25.676945,62.090633],[25.669881,62.095343],[25.649569,62.102408],[25.629553,62.113005],[25.619839,62.115654],[25.60512,62.116538],[25.597761,62.113005],[25.585398,62.098287],[25.577745,62.094755],[25.490024,62.098287],[25.455878,62.112416],[25.45735,62.143325],[25.436155,62.153333],[25.446753,62.168051],[25.467652,62.172172],[25.478249,62.150095],[25.490907,62.153039],[25.513573,62.161575],[25.526231,62.163636],[25.521521,62.15245],[25.522404,62.142147],[25.532412,62.122719],[25.575095,62.127723],[25.641916,62.125663],[25.703438,62.130961],[25.732286,62.157454],[25.729342,62.16187],[25.721983,62.16864],[25.712858,62.175116],[25.692841,62.182181],[25.685482,62.191306],[25.683716,62.200431],[25.687542,62.204552],[25.754363,62.203375],[25.760545,62.206613],[25.766432,62.218388],[25.748476,62.226335],[25.724927,62.231928],[25.724927,62.239582],[25.826777,62.241054],[25.874169,62.254594],[25.917146,62.28668],[25.852975,62.30964],[25.842084,62.317883],[25.854152,62.332012],[25.882411,62.332601],[25.938341,62.321415],[25.924211,62.332012],[25.912437,62.345553],[25.909787,62.359094],[25.924211,62.369691],[25.917735,62.382643],[25.922151,62.392945],[25.943934,62.410607],[25.905372,62.442104],[25.902723,62.446814],[25.897718,62.450346],[25.886533,62.451818],[25.848854,62.451818],[25.857685,62.440044],[25.870343,62.431213],[25.875641,62.423559],[25.863278,62.417672],[25.850914,62.417378],[25.786743,62.444754],[25.803816,62.455351],[25.863278,62.472129],[25.862395,62.476545],[25.861512,62.477722],[25.859451,62.477722],[25.855036,62.478311],[25.863278,62.485965],[25.787921,62.533063],[25.746121,62.54837],[25.697551,62.554257],[25.706676,62.545132],[25.711092,62.534829],[25.710503,62.523937],[25.704321,62.513046],[25.682833,62.526292],[25.678123,62.541599],[25.684893,62.558378],[25.697551,62.574568],[25.674885,62.578689],[25.633968,62.592819],[25.611891,62.595762],[25.602471,62.592819],[25.592463,62.587814],[25.584221,62.587814],[25.580688,62.599295],[25.584221,62.603121],[25.592463,62.608126],[25.608653,62.615485],[25.608653,62.623138],[25.58893,62.62932],[25.618367,62.6408],[25.650453,62.639328],[25.711386,62.62932],[25.735229,62.631969],[25.768493,62.639917],[25.799401,62.652869],[25.814119,62.670825],[25.782622,62.715569],[25.772614,62.741767],[25.793808,62.753247],[25.804111,62.743239],[25.815002,62.722045],[25.833841,62.702616],[25.868871,62.698201],[25.868871,62.70556],[25.855036,62.712331],[25.867399,62.71027],[25.888299,62.700262],[25.900073,62.698201],[25.908315,62.702322],[25.910082,62.711742],[25.910376,62.721161],[25.913908,62.725577],[25.922445,62.729109],[25.928627,62.738235],[25.931276,62.749715],[25.930098,62.759723],[25.924211,62.770909],[25.917735,62.771498],[25.909199,62.76826],[25.896541,62.767082],[25.849737,62.778857],[25.842084,62.777091],[25.838257,62.76826],[25.828543,62.76561],[25.803816,62.767082],[25.794691,62.770909],[25.794102,62.780034],[25.79734,62.78916],[25.800578,62.794458],[25.812058,62.801228],[25.826777,62.802112],[25.842378,62.799462],[25.855036,62.794458],[25.851209,62.808293],[25.851503,62.820068],[25.85062,62.830665],[25.842084,62.841556],[25.887416,62.840085],[25.906844,62.845972],[25.917146,62.863339],[25.856507,62.879529],[25.827954,62.891598],[25.807349,62.911026],[25.831781,62.910438],[25.896541,62.88365],[25.897424,62.890126],[25.896247,62.89307],[25.889771,62.896897],[25.962773,62.903667],[25.992209,62.896897],[25.982495,62.907788],[25.944228,62.930749],[25.872403,62.959596],[25.855036,62.973137],[25.880645,62.986089],[25.865044,63.00169],[25.831192,63.014937],[25.800873,63.020235],[25.788509,63.024651],[25.745238,63.05497],[25.718745,63.06439],[25.703732,63.067039],[25.684304,63.067922],[25.69078,63.047906],[25.674002,63.044962],[25.64692,63.051732],[25.622194,63.061152],[25.562732,63.097064],[25.54036,63.102363],[25.54036,63.095887],[25.564204,63.064684],[25.562143,63.057325],[25.532412,63.033187],[25.529469,63.024062],[25.530058,63.015231],[25.529174,63.006106],[25.522698,62.996686],[25.51946,62.987855],[25.523876,62.97873],[25.532412,62.970782],[25.54036,62.965778],[25.522993,62.965484],[25.511218,62.958125],[25.500916,62.949294],[25.488258,62.945173],[25.481193,62.948411],[25.471185,62.964895],[25.464709,62.973137],[25.434684,62.984323],[25.35756,62.990505],[25.327535,63.006695],[25.344608,63.018764],[25.347257,63.03201],[25.351673,63.040841],[25.376105,63.040841],[25.457644,63.017586],[25.484726,63.014054],[25.504448,63.022002],[25.503859,63.039663],[25.492085,63.059091],[25.461176,63.084407],[25.435861,63.113254],[25.416139,63.123263],[25.425853,63.128267],[25.436155,63.129444],[25.446753,63.127384],[25.45735,63.123263],[25.451757,63.130622],[25.445869,63.13592],[25.439099,63.139747],[25.430563,63.14328],[25.443515,63.148873],[25.459116,63.150933],[25.472657,63.146812],[25.484726,63.122085],[25.499444,63.118259],[25.5174,63.119436],[25.532412,63.123263],[25.529469,63.146223],[25.537711,63.18243],[25.526231,63.191555],[25.537711,63.196854],[25.550369,63.195971],[25.562732,63.191261],[25.574507,63.184785],[25.60983,63.229528],[25.618072,63.253961],[25.625432,63.241597],[25.636029,63.212161],[25.614246,63.201564],[25.604826,63.19391],[25.601294,63.184785],[25.604826,63.180958],[25.625726,63.164768],[25.63544,63.16153],[25.647509,63.146518],[25.656634,63.14328],[25.666643,63.141808],[25.778207,63.088822],[25.828837,63.071749],[25.863278,63.075576],[25.847088,63.091766],[25.827071,63.105601],[25.804405,63.116492],[25.780561,63.123263],[25.788215,63.130916],[25.798223,63.136804],[25.814119,63.14328],[25.82972,63.146223],[25.835608,63.14534],[25.839729,63.141808],[25.889771,63.116492],[25.899485,63.115609],[25.911553,63.116787],[25.9248,63.115904],[25.938341,63.109722],[25.92686,63.09206],[25.922739,63.080286],[25.928627,63.070572],[25.945405,63.058503],[26.149988,62.973137],[26.117903,62.963129],[26.089055,62.96931],[26.033126,62.999924],[26.011049,63.00905],[25.988088,63.014054],[25.974253,63.008461],[25.97808,62.986089],[25.995742,62.966661],[26.022234,62.954592],[26.076397,62.940168],[26.142335,62.896897],[26.151166,62.887183],[26.154698,62.878352],[26.159997,62.871876],[26.173832,62.869521],[26.199442,62.868638],[26.224757,62.864811],[26.245362,62.856275],[26.397549,62.747949],[26.412267,62.732053],[26.415799,62.718512],[26.396371,62.712331],[26.385185,62.718218],[26.373116,62.729404],[26.35987,62.736174],[26.345152,62.729109],[26.324546,62.701733],[26.309534,62.699378],[26.293344,62.714685],[26.269206,62.750303],[26.229467,62.780329],[26.060502,62.86069],[26.044606,62.862751],[26.039896,62.848915],[26.045784,62.840379],[26.077869,62.817713],[26.094648,62.799757],[26.077575,62.80064],[26.033126,62.814769],[26.015464,62.803583],[25.998391,62.77974],[25.988971,62.756485],[25.995447,62.745888],[26.012815,62.737351],[26.027239,62.697318],[26.039896,62.684366],[26.039896,62.678184],[26.01723,62.68731],[25.97808,62.718218],[25.958063,62.725577],[25.960124,62.714685],[25.960124,62.703794],[25.962478,62.695257],[25.971309,62.692019],[25.981907,62.68937],[25.994859,62.6826],[26.035186,62.653752],[26.108189,62.623138],[26.052848,62.618134],[26.033126,62.623138],[26.024295,62.629614],[26.014287,62.639034],[26.002806,62.647276],[25.988677,62.650808],[25.932453,62.65493],[25.924211,62.660522],[25.917735,62.667587],[25.903606,62.668765],[25.88771,62.666998],[25.87623,62.664055],[25.864161,62.658756],[25.845322,62.648159],[25.834724,62.643449],[25.818829,62.641389],[25.803522,62.641094],[25.791453,62.63609],[25.786743,62.619311],[25.79057,62.611364],[25.842967,62.574862],[25.844733,62.568681],[25.828248,62.561027],[25.809409,62.558378],[25.798812,62.563677],[25.790864,62.572802],[25.780561,62.582222],[25.751419,62.590758],[25.742,62.579867],[25.750831,62.562794],[25.801167,62.547781],[25.822361,62.532474],[25.855036,62.499505],[25.877702,62.484787],[25.927449,62.462121],[25.947172,62.448286],[25.964833,62.423559],[25.971898,62.417672],[25.981612,62.414728],[26.006927,62.41149],[26.00575,62.423854],[25.996625,62.446225],[26.006633,62.461238],[26.026355,62.471246],[26.046961,62.478311],[26.034892,62.485376],[26.028122,62.495384],[26.027239,62.507159],[26.033126,62.520111],[26.048138,62.530708],[26.060796,62.52953],[26.064917,62.519816],[26.053731,62.505687],[26.069627,62.505098],[26.077869,62.511574],[26.081107,62.52276],[26.081696,62.537478],[26.086406,62.548958],[26.097592,62.543954],[26.109366,62.531297],[26.115842,62.520111],[26.108189,62.520111],[26.131149,62.480077],[26.142335,62.472129],[26.114076,62.463593],[26.064917,62.46948],[26.039896,62.459177],[26.055792,62.448875],[26.056086,62.440338],[26.051671,62.432096],[26.053731,62.423854],[26.06374,62.418849],[26.07728,62.414728],[26.089644,62.40943],[26.094648,62.400305],[26.111132,62.392062],[26.187667,62.376167],[26.211216,62.376755],[26.204151,62.379405],[26.184135,62.390296],[26.200325,62.412373],[26.207095,62.429741],[26.200325,62.445931],[26.177364,62.46477],[26.186784,62.471835],[26.182368,62.480077],[26.172066,62.489497],[26.163529,62.499505],[26.180897,62.505687],[26.176187,62.516873],[26.161763,62.531297],[26.149988,62.547192],[26.190905,62.541011],[26.181485,62.557201],[26.178836,62.565737],[26.180602,62.571624],[26.191199,62.578689],[26.196204,62.576629],[26.200325,62.57133],[26.229761,62.560733],[26.240358,62.559556],[26.246245,62.568386],[26.243596,62.576629],[26.236237,62.58281],[26.226817,62.586637],[26.217987,62.588403],[26.217987,62.595762],[26.241536,62.59429],[26.260081,62.585165],[26.277742,62.580455],[26.316599,62.605182],[26.35781,62.614013],[26.375766,62.623138],[26.343974,62.631969],[26.337793,62.638445],[26.348684,62.650808],[26.363991,62.657579],[26.38283,62.658756],[26.40167,62.655813],[26.417565,62.650808],[26.413444,62.6408],[26.410795,62.636679],[26.435816,62.626671],[26.448474,62.624021],[26.465841,62.623138],[26.497632,62.624904],[26.508524,62.622255],[26.522948,62.612541],[26.541198,62.606948],[26.554445,62.616368],[26.560626,62.629909],[26.557388,62.636679],[26.497044,62.688193],[26.460837,62.727343],[26.45024,62.73588],[26.437877,62.739118],[26.424041,62.744711],[26.399315,62.768554],[26.377826,62.777385],[26.379298,62.785333],[26.386363,62.794458],[26.396371,62.801228],[26.383419,62.810648],[26.355455,62.824189],[26.341619,62.835375],[26.337793,62.83979],[26.338381,62.841556],[26.340442,62.8445],[26.341619,62.852448],[26.33897,62.85598],[26.325429,62.863928],[26.321014,62.869521],[26.310711,62.886594],[26.314244,62.891304],[26.335438,62.889832],[26.347801,62.885122],[26.370467,62.868049],[26.383419,62.863339],[26.374,62.848915],[26.377238,62.842734],[26.386657,62.83979],[26.396371,62.835375],[26.406968,62.823011],[26.414327,62.817124],[26.444941,62.809471],[26.467313,62.796519],[26.480265,62.780623],[26.472023,62.767082],[26.506463,62.748832],[26.520887,62.736468],[26.526775,62.722339],[26.537077,62.7035],[26.561509,62.68937],[26.609196,62.670825],[26.617733,62.664349],[26.624209,62.658168],[26.631568,62.653163],[26.65394,62.649631],[26.666303,62.645804],[26.678078,62.640211],[26.687497,62.633147],[26.709869,62.621961],[26.768742,62.616662],[26.793763,62.609303],[26.780516,62.602533],[26.791997,62.598117],[26.805243,62.598412],[26.816429,62.604299],[26.821433,62.615485],[26.817312,62.621961],[26.798178,62.637856],[26.793763,62.647276],[26.80436,62.663466],[26.829675,62.674358],[26.85764,62.682894],[26.876773,62.692019],[26.851164,62.707032],[26.816429,62.720278],[26.779928,62.729404],[26.749608,62.732936],[26.729591,62.741767],[26.692502,62.782095],[26.663948,62.794458],[26.663948,62.801228],[26.689852,62.800051],[26.700449,62.8027],[26.704865,62.811531],[26.698978,62.818596],[26.670424,62.822423],[26.650113,62.829782],[26.635101,62.832137],[26.621265,62.836258],[26.615378,62.845383],[26.615084,62.855097],[26.613023,62.8654],[26.607725,62.873642],[26.582115,62.882179],[26.526775,62.917797],[26.483503,62.934281],[26.462603,62.944878],[26.451417,62.958713],[26.4941,62.954003],[26.530013,62.941935],[26.623915,62.897486],[26.637455,62.888655],[26.643343,62.880412],[26.648053,62.862162],[26.659533,62.849504],[26.675134,62.841262],[26.708692,62.829193],[26.72076,62.823306],[26.752552,62.796224],[26.766387,62.788276],[26.777867,62.787393],[26.780516,62.801228],[26.776101,62.806527],[26.758439,62.811826],[26.753141,62.814769],[26.752552,62.821834],[26.756967,62.833903],[26.756379,62.838318],[26.747842,62.847738],[26.741366,62.858041],[26.739894,62.869815],[26.745781,62.88365],[26.717522,62.891893],[26.703982,62.907494],[26.708397,62.925156],[26.732829,62.938402],[26.698978,62.960774],[26.670719,62.986089],[26.690735,62.982262],[26.708103,62.972843],[26.739011,62.951354],[26.787875,62.926922],[26.814957,62.918974],[26.842038,62.917797],[26.832324,62.924567],[26.814663,62.945173],[26.796118,62.957536],[26.773746,62.96931],[26.72547,62.985206],[26.703687,62.995803],[26.69103,63.014054],[26.703982,63.012288],[26.728414,63.015231],[26.739011,63.014054],[26.75108,63.00905],[26.780516,62.989916],[26.800828,62.979908],[26.821433,62.973137],[26.835857,62.972254],[26.85764,62.977847],[26.872947,62.979319],[26.896496,62.986089],[26.908859,63.001985],[26.919456,63.019941],[26.937707,63.033187],[26.965966,63.037603],[26.997168,63.034954],[27.054275,63.020235],[27.044855,63.003457],[27.028371,63.002279],[26.992753,63.017292],[26.983628,63.019941],[26.970676,63.021413],[26.958901,63.020235],[26.951836,63.014054],[26.955074,63.005517],[26.967438,62.99963],[26.993342,62.993448],[26.985099,62.99286],[26.965966,62.986089],[26.991575,62.972843],[27.037496,62.935164],[27.06134,62.924861],[27.02631,62.921329],[26.951248,62.968722],[26.911508,62.979319],[26.911508,62.973137],[26.916807,62.969899],[26.919456,62.966367],[26.921517,62.962834],[26.92446,62.958713],[26.906799,62.952237],[26.920339,62.936342],[26.94801,62.919563],[26.973031,62.911026],[26.962728,62.906022],[26.95007,62.902784],[26.936529,62.901901],[26.92446,62.904256],[26.914746,62.910732],[26.902383,62.927511],[26.897085,62.931632],[26.877068,62.928099],[26.860583,62.915147],[26.857345,62.900135],[26.876773,62.889832],[26.86912,62.88365],[26.890314,62.87011],[26.943005,62.846855],[26.965966,62.841556],[26.965966,62.848915],[26.941239,62.858629],[26.930642,62.865989],[26.92446,62.87688],[27.11197,62.85127],[27.136108,62.841556],[27.132576,62.83979],[27.131987,62.83979],[27.131693,62.838907],[27.129927,62.835375],[27.184678,62.822128],[27.170254,62.821834],[27.146411,62.816241],[27.133165,62.814769],[27.121979,62.817124],[27.099607,62.826838],[27.064283,62.834197],[27.020423,62.854508],[26.993342,62.855686],[27.007471,62.852153],[27.019834,62.846855],[27.025722,62.839201],[27.020718,62.829193],[27.019834,62.815947],[27.01748,62.809176],[27.013358,62.801228],[27.027194,62.793575],[27.022189,62.785038],[27.00806,62.777679],[26.993342,62.773853],[26.978623,62.774736],[26.939179,62.78445],[26.814663,62.835375],[26.821727,62.819479],[26.836446,62.810942],[26.854107,62.804466],[26.86912,62.794458],[26.877068,62.780917],[26.887076,62.751187],[26.897085,62.739118],[26.91298,62.729698],[26.965966,62.70556],[27.008649,62.679362],[27.030137,62.669648],[27.054275,62.664055],[27.054275,62.657284],[27.022189,62.661406],[26.953308,62.684366],[26.92446,62.678184],[26.946538,62.667882],[26.957135,62.660522],[26.965966,62.650808],[26.960962,62.64551],[26.951836,62.62932],[26.979212,62.626671],[27.005999,62.618723],[27.031315,62.606065],[27.054275,62.588403],[27.022778,62.585165],[26.979212,62.599295],[26.867354,62.653458],[26.844982,62.659639],[26.835268,62.654046],[26.839684,62.634618],[26.851753,62.620783],[26.86912,62.612247],[26.889725,62.609303],[26.889725,62.602533],[26.861467,62.597529],[26.823199,62.584576],[26.795529,62.563088],[26.801122,62.533651],[26.793763,62.526292],[26.79759,62.522171],[26.808775,62.520405],[26.822022,62.520111],[26.848515,62.524232],[26.861761,62.524821],[26.876773,62.520111],[26.840272,62.503332],[26.835268,62.496267],[26.838506,62.487436],[26.846748,62.480077],[26.856757,62.477134],[26.866176,62.482138],[26.880011,62.494795],[26.901206,62.509808],[26.915924,62.515107],[26.911508,62.499505],[26.918279,62.498033],[26.930642,62.493618],[26.937707,62.492735],[26.930053,62.489791],[26.911508,62.478311],[26.925049,62.473601],[26.942711,62.464182],[26.955663,62.452701],[26.955369,62.441221],[26.941239,62.433862],[26.923872,62.434156],[26.906799,62.439749],[26.877951,62.458294],[26.864999,62.459472],[26.849986,62.457706],[26.829086,62.459177],[26.81378,62.464476],[26.80436,62.473601],[26.802005,62.485081],[26.807892,62.499505],[26.771685,62.493618],[26.711046,62.451524],[26.683671,62.451818],[26.736067,62.509808],[26.756967,62.543954],[26.739011,62.561027],[26.766976,62.574568],[26.726942,62.585754],[26.70928,62.594585],[26.694562,62.606065],[26.679255,62.612835],[26.663948,62.606359],[26.635689,62.582222],[26.645403,62.577217],[26.655412,62.573391],[26.677489,62.568386],[26.675134,62.559556],[26.678078,62.554551],[26.68632,62.55308],[26.698094,62.554257],[26.690735,62.54572],[26.673957,62.538656],[26.666303,62.520994],[26.655706,62.51599],[26.629213,62.513046],[26.629213,62.505687],[26.632451,62.498328],[26.638633,62.490086],[26.646875,62.482726],[26.656883,62.478311],[26.611846,62.470069],[26.601837,62.46477],[26.597716,62.453584],[26.604487,62.447697],[26.615084,62.441516],[26.623032,62.431213],[26.594478,62.426503],[26.567691,62.417672],[26.563864,62.38176],[26.530601,62.382348],[26.487035,62.397067],[26.451417,62.403837],[26.452006,62.391179],[26.441409,62.383526],[26.427279,62.375578],[26.417565,62.362332],[26.417565,62.357327],[26.415505,62.341432],[26.417565,62.334956],[26.428751,62.328774],[26.441409,62.328185],[26.4523,62.32583],[26.458482,62.314645],[26.452595,62.301104],[26.433461,62.304931],[26.383419,62.324653],[26.354277,62.346142],[26.358693,62.355267],[26.366052,62.363803],[26.369584,62.366158],[26.375766,62.386764],[26.391367,62.394712],[26.411384,62.398244],[26.431106,62.403837],[26.393428,62.424148],[26.383419,62.431213],[26.383419,62.437394],[26.412267,62.4371],[26.425513,62.439161],[26.437877,62.444754],[26.486447,62.4162],[26.513822,62.407958],[26.526775,62.417672],[26.512056,62.429152],[26.482914,62.440927],[26.463781,62.454762],[26.479382,62.472129],[26.489685,62.46006],[26.502048,62.452701],[26.516472,62.451524],[26.533545,62.459177],[26.528541,62.468303],[26.542081,62.473307],[26.574461,62.478311],[26.586825,62.484198],[26.593006,62.488614],[26.601837,62.505687],[26.595361,62.515695],[26.593301,62.537184],[26.588002,62.541011],[26.576816,62.544249],[26.570046,62.551019],[26.565042,62.557789],[26.557388,62.561027],[26.465841,62.568386],[26.383419,62.598117],[26.355455,62.602533],[26.332494,62.597234],[26.319248,62.583399],[26.308651,62.565443],[26.293932,62.547192],[26.285396,62.541305],[26.273327,62.534829],[26.260375,62.52953],[26.249189,62.52747],[26.239475,62.531002],[26.231527,62.538067],[26.223874,62.542188],[26.214749,62.537478],[26.21416,62.521877],[26.227701,62.503921],[26.244479,62.488025],[26.252427,62.478311],[26.232999,62.447403],[26.232705,62.430918],[26.281275,62.419733],[26.298937,62.40943],[26.312477,62.394123],[26.321014,62.376755],[26.305118,62.361743],[26.306296,62.344964],[26.311594,62.327008],[26.307768,62.30758],[26.300703,62.30758],[26.291578,62.313761],[26.199442,62.351734],[26.171477,62.36763],[26.148517,62.372929],[26.105245,62.376755],[26.089349,62.381171],[26.074631,62.390002],[26.058736,62.395595],[26.039896,62.390296],[26.064917,62.372929],[26.119375,62.350263],[26.142335,62.334956],[26.15146,62.320237],[26.159997,62.301693],[26.172066,62.287563],[26.184135,62.28668],[26.199736,62.290507],[26.20474,62.284914],[26.197381,62.274905],[26.177364,62.266663],[26.15617,62.265486],[26.094648,62.273139],[26.11908,62.288446],[26.105245,62.295217],[26.077575,62.299338],[26.060502,62.30758],[26.083168,62.310523],[26.082285,62.324359],[26.06845,62.341432],[26.037541,62.371751],[26.029005,62.375284],[25.983378,62.377933],[25.975431,62.383526],[25.97808,62.396478],[25.957474,62.379405],[25.94776,62.36763],[25.943934,62.355561],[25.948938,62.342904],[25.958652,62.335544],[25.964245,62.327891],[25.958063,62.314645],[25.980729,62.306402],[26.053731,62.259893],[25.995742,62.274317],[25.964539,62.277555],[25.943934,62.273139],[25.947466,62.265486],[25.949821,62.253711],[25.950704,62.228985],[25.952764,62.216916],[25.955708,62.208379],[25.953648,62.198076],[25.94099,62.181003],[25.928038,62.150684],[25.946877,62.13155],[25.979257,62.115949],[26.00575,62.094755],[25.989854,62.095049],[25.964833,62.117126],[25.947172,62.122719],[25.935986,62.123897],[25.906549,62.130667],[25.896541,62.135671],[25.888887,62.14303],[25.88771,62.145385],[25.889182,62.148623],[25.889771,62.157454],[25.892125,62.170112],[25.906844,62.214855],[25.890359,62.225158],[25.877996,62.221037],[25.865633,62.211323],[25.848854,62.204552],[25.853858,62.184241],[25.838257,62.170112],[25.817651,62.156865],[25.807349,62.139498],[25.804994,62.119776],[25.799106,62.095049],[25.79057,62.071205],[25.780561,62.053838],[25.822361,62.046184],[25.868282,62.032055],[25.893303,62.02764],[25.905372,62.023813],[25.910376,62.016159],[25.91332,62.00674],[25.920384,62.001736],[25.927155,61.998792],[25.930098,61.995848],[25.922151,61.982602],[25.903606,61.987017],[25.868871,62.00674],[25.84856,62.013216],[25.82501,62.017926],[25.802933,62.017042],[25.786743,62.00674],[25.793513,61.999969],[25.799695,61.99055],[25.801167,61.982307],[25.793808,61.978775],[25.784388,61.980836],[25.778207,61.985545],[25.773202,61.990255],[25.76967,61.992316],[25.75348,61.987606],[25.761428,61.97642],[25.779384,61.964646],[25.794397,61.958464],[25.775852,61.942568],[25.747887,61.938447],[25.727576,61.945806],[25.732286,61.96494],[25.721983,61.97642],[25.708148,61.981424],[25.696079,61.977303],[25.69078,61.961702],[25.685776,61.958464],[25.675179,61.967001],[25.656634,61.984957],[25.645743,61.986429],[25.632202,61.986134],[25.620133,61.982602],[25.614834,61.974948],[25.617189,61.968472],[25.626903,61.962291],[25.629258,61.954932],[25.636029,61.946101],[25.667526,61.927556],[25.676945,61.916664],[25.646037,61.925495],[25.627492,61.927261],[25.614834,61.924023],[25.610713,61.915487],[25.61454,61.906656],[25.622782,61.899591],[25.632496,61.896942],[25.649569,61.893998],[25.661344,61.888994],[25.67253,61.888994],[25.687542,61.899886],[25.699611,61.904595],[25.715801,61.904007],[25.745238,61.896942],[25.745238,61.889288],[25.726104,61.889877],[25.71433,61.882224],[25.704321,61.871332],[25.69078,61.862207],[25.670764,61.85838],[25.601294,61.862207],[25.607475,61.844839],[25.600705,61.820113],[25.585692,61.795975],[25.567147,61.780079],[25.579216,61.759474],[25.596584,61.748877],[25.617484,61.749465],[25.676062,61.784789],[25.687837,61.797152],[25.684304,61.814814],[25.700789,61.81658],[25.728753,61.826294],[25.745238,61.828061],[25.745238,61.820996],[25.738173,61.818052],[25.725515,61.810399],[25.718451,61.807455],[25.723749,61.798624],[25.724338,61.790971],[25.719922,61.785084],[25.711092,61.780079],[25.720511,61.765067],[25.727282,61.750349],[25.729342,61.736808],[25.724927,61.725622],[25.716979,61.721501],[25.676945,61.705016],[25.656929,61.692064],[25.649275,61.68971],[25.649569,61.697657],[25.63544,61.685883],[25.622194,61.67087],[25.644271,61.674991],[25.653691,61.674403],[25.66311,61.67087],[25.655457,61.635252],[25.699023,61.614058],[25.75554,61.597279],[25.786743,61.574613],[25.720217,61.597574],[25.593346,61.619357],[25.571563,61.61553],[25.546542,61.595219],[25.568619,61.584916],[25.611302,61.594041],[25.636029,61.589037],[25.625137,61.574613],[25.606592,61.568432],[25.585398,61.565782],[25.567147,61.561072],[25.577745,61.552536],[25.585692,61.543116],[25.587753,61.533991],[25.580688,61.526926],[25.584515,61.523688],[25.591285,61.516329],[25.595112,61.513385],[25.579216,61.508087],[25.563615,61.509853],[25.548014,61.510147],[25.532412,61.498962],[25.560671,61.484538],[25.596584,61.472174],[25.633085,61.466582],[25.66311,61.472174],[25.66311,61.479239],[25.658106,61.480417],[25.643388,61.485421],[25.659578,61.489836],[25.679889,61.49278],[25.696962,61.489836],[25.704321,61.475707],[25.697256,61.456279],[25.701966,61.449214],[25.724927,61.44421],[25.705793,61.436851],[25.689603,61.440089],[25.674002,61.447153],[25.623665,61.455396],[25.613068,61.454218],[25.614834,61.44421],[25.498855,61.451275],[25.506803,61.443621],[25.510335,61.435379],[25.510041,61.426254],[25.505625,61.416245],[25.581571,61.401527],[25.595112,61.395934],[25.589225,61.383865],[25.547425,61.370324],[25.532412,61.361788],[25.539477,61.360022],[25.552724,61.355606],[25.560671,61.355018],[25.541243,61.326759],[25.526231,61.293495],[25.542127,61.302326],[25.554784,61.318811],[25.570091,61.329408],[25.595112,61.320871],[25.587753,61.31675],[25.574507,61.305859],[25.567147,61.300855],[25.571269,61.295556],[25.583337,61.283781],[25.58893,61.279955],[25.631908,61.300855],[25.795868,61.256406],[25.855036,61.259349],[25.849737,61.260232],[25.834724,61.265531],[25.851209,61.284076],[25.875347,61.280543],[25.903017,61.269652],[25.930098,61.265531],[25.924211,61.259349],[25.944228,61.253756],[25.986028,61.255817],[26.00575,61.252579],[26.019291,61.244042],[26.022823,61.234328],[26.015758,61.225203],[25.998391,61.218433],[26.016053,61.204892],[26.05432,61.190762],[26.070804,61.18046],[26.088761,61.176338],[26.112015,61.183698],[26.134387,61.197238],[26.149988,61.211073],[26.126145,61.223437],[26.100535,61.232268],[26.083756,61.244042],[26.087878,61.265531],[26.104951,61.283487],[26.201502,61.342066],[26.214454,61.346481],[26.245362,61.350308],[26.25331,61.356784],[26.258314,61.36532],[26.265968,61.375623],[26.304824,61.414185]]]]}},{"type":"Feature","properties":{"min_zoom":3},"geometry":{"type":"MultiPolygon","coordinates":[[[[27.506713,58.237113],[27.52879,58.227987],[27.574416,58.234758],[27.592373,58.22681],[27.60032,58.210914],[27.602087,58.192075],[27.596788,58.175885],[27.582659,58.168526],[27.603558,58.165877],[27.606208,58.155279],[27.603558,58.142916],[27.60974,58.134968],[27.622987,58.137618],[27.65831,58.15734],[27.694223,58.165877],[27.712768,58.173236],[27.732196,58.177357],[27.753095,58.172058],[27.765753,58.172058],[27.798722,58.187365],[27.815206,58.189426],[27.814912,58.186776],[27.81815,58.180006],[27.823154,58.172647],[27.828453,58.168526],[27.838755,58.165582],[27.849941,58.164405],[27.860833,58.164699],[27.908814,58.177651],[27.928536,58.179712],[27.94561,58.175885],[27.953263,58.169115],[27.969747,58.149098],[27.979756,58.14115],[28.031564,58.116718],[28.04481,58.113185],[28.046282,58.107004],[28.05894,58.07845],[28.065416,58.069031],[28.139596,58.024287],[28.151076,58.014573],[28.157257,58.003976],[28.154314,57.991319],[28.145483,57.982193],[28.140184,57.973068],[28.147838,57.960116],[28.1655,57.938039],[28.169621,57.917139],[28.162262,57.895945],[28.144305,57.874162],[28.132531,57.862976],[28.126644,57.859149],[27.960622,57.855028],[27.940311,57.861798],[27.932069,57.887408],[27.920294,57.903304],[27.893507,57.911546],[27.841993,57.92126],[27.887914,57.931563],[27.89704,57.935684],[27.898806,57.94687],[27.890269,57.955701],[27.87614,57.961294],[27.849941,57.964826],[27.814912,57.974246],[27.804609,57.980427],[27.800782,57.983665],[27.78783,57.990141],[27.777822,58.011041],[27.773701,58.017517],[27.749857,58.029292],[27.710707,58.039006],[27.673912,58.040477],[27.657427,58.028114],[27.658016,58.017811],[27.657427,58.014573],[27.639765,58.000738],[27.633584,57.993379],[27.615922,57.963648],[27.602087,57.984843],[27.594139,58.00898],[27.590312,58.033707],[27.589429,58.05549],[27.592961,58.079334],[27.589723,58.089342],[27.558226,58.09729],[27.548512,58.107298],[27.534089,58.134968],[27.48228,58.190898],[27.469034,58.210031],[27.466974,58.220923],[27.506713,58.237113]]]]}},{"type":"Feature","properties":{"min_zoom":3},"geometry":{"type":"MultiPolygon","coordinates":[[[[30.41768,65.109926],[30.346738,65.147016],[30.330253,65.172332],[30.330253,65.180574],[30.332314,65.186755],[30.336729,65.19176],[30.343794,65.196469],[30.354391,65.199119],[30.356746,65.193231],[30.356157,65.1844],[30.358218,65.178513],[30.418563,65.137302],[30.465367,65.121407],[30.473903,65.109338],[30.480379,65.104039],[30.501573,65.095208],[30.552793,65.084317],[30.602835,65.079607],[30.655231,65.065477],[30.682902,65.062239],[30.708511,65.06636],[30.716459,65.075486],[30.708806,65.086672],[30.686434,65.096386],[30.70233,65.103745],[30.722052,65.1061],[30.969318,65.096091],[31.008174,65.104039],[30.988157,65.114636],[30.980798,65.116991],[30.980798,65.123761],[31.064103,65.104922],[31.083826,65.110221],[31.084709,65.127294],[31.067341,65.142601],[31.044381,65.154081],[31.029074,65.159085],[30.996105,65.160851],[30.931934,65.151137],[30.899554,65.151726],[30.853927,65.163795],[30.837443,65.165267],[30.775921,65.159085],[30.775921,65.165267],[30.791228,65.172037],[30.816837,65.194998],[30.830378,65.200002],[30.923986,65.205595],[30.989629,65.188227],[31.101782,65.182929],[31.248375,65.192643],[31.269275,65.189405],[31.342866,65.163795],[31.367298,65.161146],[31.447071,65.172332],[31.460317,65.171743],[31.471797,65.169388],[31.4821,65.164089],[31.503,65.147311],[31.515069,65.144661],[31.542739,65.144956],[31.590721,65.136419],[31.617802,65.127588],[31.631932,65.116991],[31.629282,65.097563],[31.612504,65.082845],[31.591898,65.073425],[31.576591,65.069304],[31.607499,65.050759],[31.674909,65.035747],[31.706994,65.021323],[31.652243,65.021323],[31.652243,65.014552],[31.721124,64.996596],[31.767045,64.991298],[31.783823,64.983938],[31.817381,64.963333],[31.838575,64.956857],[31.883907,64.947732],[31.923646,64.923005],[32.002536,64.904755],[31.991056,64.900339],[31.979281,64.897984],[31.954555,64.898573],[31.965446,64.87208],[31.940131,64.880028],[31.901275,64.900339],[31.872133,64.912114],[31.659307,64.93949],[31.663134,64.948909],[31.65813,64.95097],[31.648416,64.950675],[31.638702,64.95303],[31.573942,64.993947],[31.556869,65.001012],[31.526255,65.008076],[31.511831,65.014847],[31.501528,65.027504],[31.499173,65.040751],[31.503294,65.051348],[31.513303,65.058707],[31.528904,65.062239],[31.514775,65.077841],[31.484161,65.100801],[31.451486,65.119346],[31.430292,65.120523],[31.410864,65.097269],[31.399384,65.095797],[31.369653,65.115225],[31.330797,65.13377],[31.317256,65.137302],[31.298123,65.133475],[31.287231,65.124056],[31.277223,65.11287],[31.261916,65.104039],[31.239544,65.102862],[31.189797,65.115225],[31.156534,65.118463],[31.147997,65.121701],[31.141521,65.120818],[31.138872,65.110515],[31.140932,65.105511],[31.145936,65.100801],[31.220999,65.062239],[31.200099,65.057235],[31.173901,65.065772],[31.124742,65.090204],[31.090007,65.096974],[31.048208,65.09874],[31.006702,65.094619],[30.974028,65.082845],[30.979326,65.079018],[30.987568,65.069304],[30.942531,65.071659],[30.896904,65.080196],[30.852455,65.081373],[30.810067,65.062239],[30.821253,65.050759],[30.846274,65.037807],[30.858048,65.027504],[30.837443,65.027504],[30.858048,65.001012],[30.840092,65.001895],[30.826846,64.997185],[30.802708,64.980406],[30.805063,64.977462],[30.806829,64.973636],[30.810361,64.970103],[30.816249,64.966865],[30.800942,64.960095],[30.762674,64.950675],[30.755021,64.942433],[30.743541,64.933897],[30.717931,64.930953],[30.576636,64.93949],[30.559563,64.935663],[30.526006,64.919767],[30.507755,64.918295],[30.515114,64.926243],[30.526594,64.935368],[30.540135,64.942433],[30.568983,64.949792],[30.571632,64.959506],[30.570749,64.970986],[30.576636,64.980406],[30.594887,64.985116],[30.651993,64.973047],[30.700563,64.974224],[30.747956,64.980406],[30.722935,64.983644],[30.711161,64.987176],[30.706156,64.993652],[30.707334,65.003367],[30.710572,65.009843],[30.717048,65.013375],[30.727645,65.014552],[30.713221,65.023972],[30.69291,65.030448],[30.639041,65.037218],[30.568983,65.062239],[30.548377,65.06636],[30.485972,65.071953],[30.453886,65.082256],[30.432692,65.082845],[30.432692,65.090204],[30.439462,65.090204],[30.41768,65.109926]]]]}},{"type":"Feature","properties":{"min_zoom":4},"geometry":{"type":"MultiPolygon","coordinates":[[[[27.163778,68.896332],[27.148766,68.89957],[27.013358,68.89957],[27.039557,68.910462],[27.053392,68.913405],[27.096663,68.91576],[27.249733,68.959032],[27.305368,68.965213],[27.358648,68.978754],[27.471389,68.993472],[27.493172,69.003186],[27.479926,69.009368],[27.479926,69.016727],[27.495232,69.016433],[27.506124,69.019376],[27.552633,69.039982],[27.565291,69.042925],[27.582659,69.044103],[27.582659,69.050285],[27.571178,69.051756],[27.558226,69.054994],[27.548512,69.06147],[27.548218,69.072067],[27.56117,69.082076],[27.580009,69.082959],[27.615922,69.078249],[27.647419,69.084431],[27.841699,69.173034],[27.905576,69.192462],[27.966215,69.180688],[27.954735,69.178627],[27.944432,69.173917],[27.925004,69.160082],[27.976518,69.150074],[27.982994,69.152429],[27.987409,69.15655],[27.993297,69.160082],[28.010075,69.165381],[28.022144,69.167441],[28.026854,69.160377],[28.021261,69.139771],[28.039806,69.144187],[28.077779,69.144481],[28.096324,69.14713],[28.139301,69.163615],[28.222312,69.178922],[28.287661,69.200999],[28.276181,69.204826],[28.266761,69.210124],[28.262934,69.218072],[28.267055,69.228964],[28.255575,69.218661],[28.242623,69.215128],[28.212304,69.215423],[28.193759,69.212774],[28.182278,69.208652],[28.161379,69.191579],[28.147838,69.186281],[28.113397,69.183631],[28.086904,69.17274],[28.071303,69.173034],[28.062178,69.178333],[28.069243,69.188047],[28.069243,69.194817],[28.052464,69.195112],[28.036274,69.197761],[28.022439,69.203943],[28.013902,69.215423],[28.021261,69.217778],[28.041867,69.228964],[28.028326,69.231318],[27.996829,69.223665],[27.979756,69.222193],[27.982994,69.23073],[27.989175,69.236911],[27.997418,69.241032],[28.007132,69.242799],[28.001244,69.250452],[27.983583,69.262227],[27.979756,69.266642],[27.98476,69.2793],[27.997123,69.283421],[28.027443,69.283715],[28.120462,69.315507],[28.151664,69.31845],[28.144305,69.306087],[28.116046,69.288131],[28.103389,69.276945],[28.114575,69.267231],[28.111631,69.257811],[28.102506,69.246037],[28.096324,69.228964],[28.100445,69.213362],[28.114869,69.217483],[28.134886,69.228669],[28.154608,69.235145],[28.249982,69.245448],[28.299435,69.262227],[28.329166,69.290486],[28.315037,69.297845],[28.329166,69.311091],[28.302968,69.308736],[28.284423,69.301966],[28.24645,69.276945],[28.251454,69.287836],[28.261757,69.303143],[28.259107,69.312269],[28.22555,69.304026],[28.207299,69.295784],[28.188754,69.284598],[28.171387,69.271058],[28.157257,69.256339],[28.171387,69.291663],[28.240562,69.316095],[28.32269,69.326398],[28.376853,69.31845],[28.369494,69.311091],[28.459275,69.334052],[28.506373,69.362899],[28.538459,69.372908],[28.571428,69.376734],[28.596743,69.372908],[28.570545,69.354363],[28.348888,69.26988],[28.369494,69.272235],[28.610284,69.339056],[28.629417,69.350242],[28.646196,69.366137],[28.648257,69.378795],[28.623236,69.379972],[28.623236,69.386154],[28.76247,69.435018],[28.815161,69.4412],[28.827819,69.43649],[28.818694,69.425893],[28.787785,69.407643],[28.714489,69.38792],[28.699182,69.372908],[28.70713,69.357895],[28.677399,69.338467],[28.571428,69.299022],[28.490478,69.282243],[28.419241,69.257517],[28.403935,69.247803],[28.397459,69.235145],[28.404523,69.22131],[28.421302,69.220427],[28.458981,69.228964],[28.562597,69.228964],[28.6512,69.242799],[28.622353,69.232496],[28.569956,69.194523],[28.541403,69.180688],[28.461041,69.175389],[28.425717,69.165675],[28.407173,69.12888],[28.399813,69.119166],[28.394515,69.108863],[28.397459,69.09856],[28.411294,69.095617],[28.43131,69.100915],[28.451033,69.109157],[28.478997,69.125642],[28.493127,69.127997],[28.499897,69.121521],[28.493716,69.105625],[28.48459,69.098266],[28.445146,69.078249],[28.454565,69.072656],[28.461336,69.065297],[28.465162,69.055583],[28.46634,69.044103],[28.279419,69.096794],[28.267644,69.096205],[28.253514,69.08502],[28.244978,69.073539],[28.240857,69.060882],[28.242623,69.048224],[28.253514,69.037333],[28.227022,69.031151],[28.1237,69.050285],[28.110454,69.041748],[28.095441,69.021437],[28.082195,68.998771],[28.076013,68.981992],[28.097796,68.981109],[28.135474,68.960209],[28.18169,68.951378],[28.228494,68.937249],[28.253809,68.934305],[28.29973,68.936954],[28.320335,68.933716],[28.329166,68.921059],[28.320924,68.908695],[28.300907,68.89957],[28.260874,68.885735],[28.293842,68.87867],[28.334759,68.882497],[28.411294,68.89957],[28.394515,68.884852],[28.33888,68.875432],[28.315037,68.866013],[28.383918,68.866013],[28.383918,68.858359],[28.353893,68.85777],[28.260874,68.845407],[28.273826,68.858359],[28.129882,68.858359],[27.951497,68.879848],[27.913524,68.8928],[27.898217,68.89486],[27.883204,68.893977],[27.873196,68.889562],[27.874668,68.882203],[27.888503,68.877198],[27.917645,68.872783],[27.909697,68.861008],[27.898217,68.857182],[27.885559,68.855415],[27.873196,68.848939],[27.872019,68.836282],[27.889092,68.828334],[27.92471,68.821269],[27.956501,68.8092],[27.98947,68.804785],[28.023027,68.807434],[28.055407,68.817443],[28.043927,68.827451],[28.007132,68.845407],[28.031858,68.851],[28.061589,68.84629],[28.089848,68.833927],[28.109865,68.817443],[27.858183,68.738553],[27.835223,68.735609],[27.826392,68.732371],[27.82021,68.725307],[27.815795,68.718242],[27.81138,68.715004],[27.746325,68.722069],[27.756039,68.726484],[27.78783,68.735609],[27.821977,68.753271],[27.852296,68.760042],[27.911463,68.790361],[27.870252,68.813616],[27.824037,68.825979],[27.774878,68.825096],[27.72572,68.807434],[27.71159,68.796837],[27.697461,68.780353],[27.689513,68.761808],[27.694811,68.745618],[27.695694,68.730016],[27.675089,68.717359],[27.629757,68.701463],[27.640354,68.712649],[27.678033,68.735609],[27.633289,68.753565],[27.579715,68.754154],[27.472566,68.74238],[27.474921,68.746795],[27.478159,68.758275],[27.479926,68.762985],[27.443424,68.774171],[27.423996,68.775348],[27.404274,68.770344],[27.407806,68.762102],[27.413399,68.75592],[27.421347,68.751211],[27.431061,68.748561],[27.401036,68.745912],[27.365124,68.750033],[27.329505,68.750033],[27.300658,68.735609],[27.320086,68.723246],[27.328917,68.714415],[27.323029,68.709411],[27.297714,68.707645],[27.288295,68.709705],[27.269455,68.718831],[27.26033,68.722069],[27.245023,68.722952],[27.231188,68.722657],[27.218236,68.723835],[27.204989,68.729428],[27.22795,68.737081],[27.273576,68.745912],[27.294476,68.75592],[27.300658,68.761808],[27.303601,68.767106],[27.307428,68.771816],[27.315082,68.776526],[27.331272,68.779764],[27.364535,68.777998],[27.423113,68.790361],[27.522903,68.780058],[27.568824,68.797131],[27.544391,68.803313],[27.518193,68.815676],[27.472566,68.845407],[27.477276,68.849823],[27.48228,68.85571],[27.486402,68.858359],[27.468151,68.863069],[27.445191,68.86042],[27.426057,68.851883],[27.418109,68.838637],[27.426646,68.828628],[27.446074,68.820092],[27.469034,68.81391],[27.486402,68.811261],[27.457554,68.813027],[27.428706,68.820681],[27.376604,68.845407],[27.38043,68.850706],[27.385729,68.861008],[27.390144,68.866013],[27.376604,68.868073],[27.365124,68.873077],[27.355704,68.881614],[27.348934,68.893388],[27.350111,68.904574],[27.322735,68.909873],[27.286234,68.910462],[27.26033,68.906929],[27.236486,68.894272],[27.239724,68.883969],[27.286823,68.866013],[27.254148,68.868368],[27.222946,68.874844],[27.163778,68.896332]]]]}},{"type":"Feature","properties":{"min_zoom":4},"geometry":{"type":"MultiPolygon","coordinates":[[[[27.466974,58.220923],[27.465207,58.251537],[27.462264,58.257718],[27.451078,58.262134],[27.410456,58.291864],[27.417815,58.303345],[27.415165,58.31247],[27.408395,58.321301],[27.404274,58.332781],[27.404274,58.353975],[27.408101,58.360746],[27.415165,58.36575],[27.418403,58.370754],[27.411044,58.377524],[27.396326,58.383706],[27.326856,58.404017],[27.282996,58.404606],[27.26033,58.408433],[27.237075,58.424034],[27.229716,58.445522],[27.232365,58.494387],[27.229716,58.52088],[27.197336,58.609483],[27.161129,58.663058],[27.098135,58.727523],[27.074586,58.744302],[26.980684,58.778154],[26.955369,58.795816],[26.946538,58.819659],[26.951836,58.848507],[26.964788,58.876177],[26.979212,58.895311],[27.011003,58.922981],[27.044561,58.944175],[27.081357,58.959777],[27.287117,59.001576],[27.537032,59.016295],[27.733962,58.993628],[27.737494,58.981854],[27.730135,58.966253],[27.718949,58.950357],[27.727191,58.915033],[27.794012,58.862636],[27.801371,58.819954],[27.797544,58.811123],[27.784887,58.794344],[27.780471,58.785219],[27.779588,58.775505],[27.78106,58.754605],[27.780471,58.744302],[27.765753,58.694555],[27.761926,58.667473],[27.770463,58.655698],[27.783415,58.646868],[27.829925,58.572982],[27.834929,58.551788],[27.835517,58.489383],[27.833163,58.472015],[27.825803,58.455531],[27.81138,58.439635],[27.78577,58.422562],[27.782826,58.431687],[27.788419,58.452293],[27.78783,58.469955],[27.70953,58.419913],[27.69334,58.393714],[27.660665,58.363984],[27.653306,58.36104],[27.633584,58.360157],[27.629757,58.356919],[27.632112,58.346911],[27.637705,58.342495],[27.644475,58.339551],[27.650068,58.332781],[27.656544,58.320712],[27.658605,58.313353],[27.651245,58.308643],[27.629757,58.305405],[27.609151,58.307466],[27.575888,58.323067],[27.558521,58.326599],[27.543214,58.322478],[27.535855,58.311881],[27.534089,58.297163],[27.534089,58.281562],[27.530851,58.270376],[27.523197,58.258601],[27.506713,58.237113],[27.466974,58.220923]]],[[[27.469623,58.387827],[27.465796,58.381351],[27.49641,58.371931],[27.511423,58.370754],[27.527907,58.373698],[27.519959,58.381645],[27.511128,58.386944],[27.491111,58.39342],[27.487873,58.394009],[27.481103,58.394303],[27.474627,58.391948],[27.469623,58.387827]]]]}},{"type":"Feature","properties":{"min_zoom":4},"geometry":{"type":"MultiPolygon","coordinates":[[[[27.565291,60.971461],[27.547335,60.969106],[27.543214,60.962925],[27.548218,60.940847],[27.544097,60.93025],[27.534972,60.930839],[27.525552,60.938787],[27.520253,60.950856],[27.502592,60.93967],[27.494055,60.944674],[27.488756,60.95586],[27.479926,60.964691],[27.459614,60.965279],[27.439598,60.96057],[27.42017,60.958803],[27.400742,60.967929],[27.391911,60.981175],[27.388967,60.993244],[27.383374,61.002075],[27.366595,61.005607],[27.349817,60.999131],[27.336865,60.985885],[27.323913,60.975877],[27.308017,60.978231],[27.311549,60.981469],[27.313315,60.984707],[27.315082,60.991772],[27.320969,61.002958],[27.328917,61.012378],[27.338336,61.02062],[27.348934,61.026507],[27.345696,61.037104],[27.355998,61.045052],[27.369539,61.04623],[27.381608,61.028862],[27.408101,61.019148],[27.418109,61.012378],[27.410456,60.989123],[27.433416,60.97676],[27.467268,60.97205],[27.557932,60.975582],[27.615922,60.985591],[27.637999,61.002664],[27.65154,61.005313],[27.658899,60.982647],[27.66302,60.979409],[27.668613,60.978231],[27.6745,60.978231],[27.683331,60.981175],[27.683331,60.987651],[27.678033,60.999426],[27.678621,61.007373],[27.676561,61.012672],[27.678033,61.019148],[27.688041,61.029745],[27.703642,61.034749],[27.736905,61.02739],[27.753095,61.032689],[27.738672,61.040048],[27.726897,61.049762],[27.714239,61.05771],[27.698049,61.060065],[27.698049,61.053883],[27.705408,61.053883],[27.698049,61.046524],[27.687747,61.051822],[27.657721,61.063008],[27.650068,61.067718],[27.649479,61.07861],[27.661548,61.080081],[27.677444,61.07596],[27.688041,61.070662],[27.697461,61.070662],[27.709824,61.077432],[27.72307,61.082731],[27.736022,61.077432],[27.749269,61.069779],[27.766342,61.066835],[27.801371,61.067718],[27.793718,61.058298],[27.789597,61.055944],[27.780471,61.053883],[27.804315,61.037693],[27.82492,61.018265],[27.847292,61.002664],[27.876728,60.999426],[27.858772,60.983236],[27.829041,60.974993],[27.770463,60.971461],[27.761043,60.969401],[27.731018,60.958803],[27.710118,60.949089],[27.629168,60.939964],[27.617099,60.940553],[27.60297,60.944674],[27.592078,60.952033],[27.584719,60.960864],[27.577066,60.968223],[27.565291,60.971461]]]]}},{"type":"Feature","properties":{"min_zoom":4},"geometry":{"type":"MultiPolygon","coordinates":[[[[29.199306,62.695552],[29.241695,62.692019],[29.261417,62.684366],[29.244344,62.702616],[29.241695,62.711447],[29.247877,62.719395],[29.222856,62.728521],[29.20225,62.740295],[29.196068,62.756779],[29.21373,62.780034],[29.234336,62.791809],[29.264655,62.801523],[29.296741,62.805938],[29.322351,62.801228],[29.317052,62.796813],[29.317641,62.793869],[29.320584,62.79122],[29.322351,62.786805],[29.349726,62.767082],[29.344134,62.760018],[29.337952,62.756191],[29.330887,62.754425],[29.322351,62.753247],[29.348255,62.750303],[29.358263,62.73588],[29.363856,62.716157],[29.377397,62.698201],[29.367094,62.680539],[29.375631,62.672886],[29.390349,62.677007],[29.404773,62.712036],[29.421257,62.724105],[29.441568,62.730875],[29.459524,62.732936],[29.496909,62.727343],[29.529583,62.713214],[29.554898,62.692019],[29.569322,62.664055],[29.543712,62.667882],[29.532527,62.672003],[29.521635,62.678184],[29.501324,62.69614],[29.493671,62.698201],[29.48484,62.695552],[29.482779,62.692019],[29.482779,62.687898],[29.479835,62.684366],[29.467472,62.677301],[29.456581,62.667587],[29.455698,62.657873],[29.473654,62.650808],[29.453048,62.643744],[29.433915,62.640211],[29.414487,62.639917],[29.391821,62.643449],[29.370921,62.649337],[29.322351,62.670825],[29.302923,62.651692],[29.256707,62.647865],[29.206666,62.654635],[29.175463,62.667293],[29.148087,62.688193],[29.147204,62.69614],[29.155741,62.701439],[29.168398,62.703794],[29.178995,62.701733],[29.199306,62.695552]]]]}},{"type":"Feature","properties":{"min_zoom":4},"geometry":{"type":"MultiPolygon","coordinates":[[[[32.406404,67.446883],[32.406698,67.447177],[32.406698,67.447177],[32.413468,67.446883],[32.406404,67.446883]]]]}},{"type":"Feature","properties":{"min_zoom":4},"geometry":{"type":"MultiPolygon","coordinates":[[[[34.511401,63.798534],[34.605598,63.829442],[34.661822,63.835918],[34.666531,63.827676],[34.654168,63.78882],[34.655346,63.774396],[34.603832,63.772041],[34.588525,63.763799],[34.600005,63.746432],[34.625026,63.737601],[34.656523,63.738484],[34.792519,63.760856],[34.812242,63.760856],[34.829315,63.752025],[34.854924,63.726415],[34.872292,63.719939],[34.855219,63.696979],[34.852569,63.691974],[34.85463,63.686381],[34.86405,63.682555],[34.86611,63.67755],[34.863167,63.655179],[34.867876,63.649292],[34.885244,63.642227],[34.969138,63.619855],[34.983267,63.611024],[34.992981,63.600427],[35.010349,63.575112],[34.981795,63.574229],[34.96796,63.570108],[34.970315,63.559805],[34.989743,63.540966],[34.973553,63.541849],[34.927632,63.56216],[34.943234,63.523009],[34.947943,63.513884],[34.957952,63.501521],[34.965017,63.495633],[34.972376,63.493279],[34.97944,63.491807],[34.984445,63.488863],[34.989449,63.487391],[34.996514,63.489452],[35.007994,63.496222],[35.014764,63.498871],[35.020946,63.500049],[35.047144,63.497694],[35.193443,63.468552],[35.216404,63.472673],[35.227001,63.496222],[35.28499,63.506819],[35.349456,63.505642],[35.38007,63.492984],[35.38684,63.469141],[35.403325,63.462076],[35.424519,63.459427],[35.445419,63.448535],[35.44954,63.442059],[35.453367,63.428224],[35.45896,63.421159],[35.468968,63.415566],[35.479859,63.41174],[35.489573,63.406735],[35.496933,63.39761],[35.478976,63.397021],[35.458371,63.399671],[35.439237,63.405264],[35.424519,63.414683],[35.409801,63.420571],[35.361231,63.424397],[35.198153,63.417333],[35.181374,63.411445],[35.190794,63.404086],[35.198447,63.396138],[35.204923,63.387013],[35.209339,63.375827],[35.120146,63.375827],[35.108078,63.370529],[35.099247,63.36317],[35.088944,63.358754],[35.072165,63.362875],[35.056858,63.376416],[35.035958,63.415566],[35.023889,63.431168],[35.010054,63.439116],[34.996219,63.440882],[34.9659,63.438527],[34.949415,63.440882],[34.937346,63.446475],[34.926455,63.452951],[34.914092,63.459132],[34.856102,63.477972],[34.82225,63.484153],[34.798701,63.479443],[34.806649,63.469729],[34.825488,63.431168],[34.831964,63.410562],[34.832847,63.400848],[34.830492,63.394372],[34.821073,63.383481],[34.819012,63.375827],[34.821661,63.361992],[34.827549,63.34904],[34.836085,63.33756],[34.846388,63.328729],[34.862872,63.321664],[34.882006,63.315777],[34.899079,63.307535],[34.90791,63.293994],[34.90791,63.286635],[34.906144,63.281042],[34.890248,63.262497],[34.890837,63.25867],[34.895252,63.254844],[34.90997,63.232766],[34.922628,63.223052],[34.936463,63.215104],[34.947943,63.205979],[34.984739,63.166534],[34.989743,63.157409],[34.985328,63.142397],[34.97267,63.139158],[34.956774,63.14328],[34.942056,63.150639],[34.946177,63.134154],[34.954125,63.114138],[34.958835,63.094415],[34.952065,63.078519],[34.943822,63.068217],[34.943528,63.059091],[34.946766,63.050261],[34.949121,63.03672],[34.954419,63.023768],[34.955597,63.017292],[34.953831,63.014937],[34.945294,63.01111],[34.942056,63.006695],[34.935286,62.986972],[34.933814,62.958125],[34.930576,62.948116],[34.923217,62.941051],[34.910854,62.938402],[34.889071,62.93016],[34.849331,62.895719],[34.825488,62.889832],[34.848743,62.915442],[34.871409,62.948411],[34.876119,62.978141],[34.846388,62.993448],[34.846388,62.999924],[34.880534,62.99963],[34.880534,63.009933],[34.864638,63.02524],[34.852569,63.040841],[34.852569,63.064096],[34.869348,63.062035],[34.89172,63.047317],[34.90791,63.033187],[34.911737,63.052027],[34.922039,63.069394],[34.926455,63.087939],[34.914092,63.109722],[34.900845,63.117081],[34.869054,63.125618],[34.856102,63.133566],[34.853158,63.142985],[34.859929,63.151816],[34.86876,63.160941],[34.872292,63.171244],[34.866993,63.180958],[34.855807,63.1892],[34.844033,63.196265],[34.835791,63.202152],[34.833141,63.213338],[34.844327,63.218931],[34.858751,63.223641],[34.86611,63.232472],[34.863755,63.237182],[34.857279,63.24248],[34.839029,63.254844],[34.839912,63.259553],[34.844033,63.264558],[34.846388,63.271034],[34.839912,63.283986],[34.824899,63.291933],[34.807826,63.297821],[34.795168,63.304886],[34.793402,63.311067],[34.791636,63.342564],[34.788398,63.351689],[34.779273,63.367879],[34.777507,63.379654],[34.781922,63.392017],[34.788104,63.402026],[34.785749,63.408796],[34.763966,63.411445],[34.750131,63.414683],[34.723049,63.428518],[34.709214,63.431168],[34.696556,63.426752],[34.686548,63.419688],[34.674774,63.415272],[34.655346,63.418216],[34.652108,63.421748],[34.616784,63.448535],[34.584109,63.461782],[34.441048,63.472673],[34.469013,63.476205],[34.509047,63.476205],[34.540838,63.481504],[34.544076,63.500049],[34.532596,63.506525],[34.495506,63.509469],[34.482554,63.513884],[34.472545,63.528308],[34.478727,63.53655],[34.494034,63.540377],[34.510224,63.540966],[34.531124,63.549502],[34.529063,63.564809],[34.51199,63.572757],[34.486086,63.558333],[34.475783,63.554801],[34.466069,63.561277],[34.45194,63.578644],[34.453412,63.584826],[34.475195,63.609847],[34.46813,63.616028],[34.462537,63.623682],[34.461065,63.632218],[34.465186,63.640461],[34.469013,63.651352],[34.459888,63.659006],[34.438105,63.668131],[34.427802,63.674018],[34.411612,63.679611],[34.37099,63.688442],[34.362453,63.69639],[34.348912,63.716112],[34.325658,63.72406],[34.294161,63.717878],[34.265313,63.70316],[34.249712,63.68491],[34.2503,63.669897],[34.263547,63.609847],[34.246474,63.617206],[34.228223,63.612496],[34.208795,63.603076],[34.187895,63.595717],[34.196726,63.601016],[34.205851,63.61073],[34.212916,63.622504],[34.216743,63.6384],[34.22263,63.650763],[34.218804,63.659006],[34.211739,63.664304],[34.205263,63.667836],[34.202025,63.671369],[34.19967,63.676667],[34.195843,63.6802],[34.19496,63.683438],[34.202025,63.688442],[34.218215,63.693152],[34.226163,63.696684],[34.229401,63.702277],[34.23205,63.712874],[34.238232,63.718761],[34.316532,63.742016],[34.333606,63.757618],[34.325069,63.787348],[34.307113,63.801478],[34.284152,63.810603],[34.264724,63.823849],[34.257365,63.849459],[34.32448,63.821495],[34.351562,63.817373],[34.35215,63.842689],[34.329484,63.866238],[34.323303,63.878601],[34.338315,63.883605],[34.357743,63.879779],[34.397777,63.864177],[34.420443,63.863],[34.441932,63.854169],[34.451351,63.842983],[34.457827,63.829737],[34.469013,63.815313],[34.491385,63.801183],[34.511401,63.798534]]],[[[34.791342,63.602782],[34.764849,63.602488],[34.774269,63.591302],[34.789576,63.584237],[34.807826,63.581293],[34.825488,63.581882],[34.821073,63.591891],[34.813125,63.598661],[34.802822,63.602193],[34.797229,63.602488],[34.798701,63.602488],[34.791342,63.602782]]],[[[34.595884,63.490924],[34.585287,63.479443],[34.600005,63.476205],[34.645632,63.475028],[34.655346,63.469729],[34.662999,63.457366],[34.680366,63.448241],[34.700678,63.443825],[34.715985,63.445003],[34.740122,63.462665],[34.735118,63.481798],[34.702444,63.513884],[34.68802,63.520654],[34.661822,63.524481],[34.633268,63.524481],[34.612957,63.521243],[34.617078,63.509763],[34.60913,63.500343],[34.595884,63.490924]]]]}},{"type":"Feature","properties":{"min_zoom":4},"geometry":{"type":"MultiPolygon","coordinates":[[[[34.797229,63.602488],[34.784571,63.602488],[34.791342,63.602782],[34.797229,63.602488]]]]}},{"type":"Feature","properties":{"min_zoom":4},"geometry":{"type":"MultiPolygon","coordinates":[[[[33.349252,63.428518],[33.382221,63.424397],[33.44492,63.424397],[33.456695,63.426458],[33.467586,63.432051],[33.477006,63.439999],[33.485542,63.448535],[33.492902,63.462665],[33.492313,63.484153],[33.502616,63.493279],[33.526165,63.492395],[33.578856,63.460604],[33.602111,63.452362],[33.610059,63.462665],[33.601228,63.486214],[33.578267,63.527425],[33.598578,63.521832],[33.617418,63.510057],[33.64656,63.485919],[33.640378,63.493279],[33.661572,63.4765],[33.671286,63.460015],[33.667165,63.442648],[33.64656,63.424397],[33.659512,63.410857],[33.671581,63.407619],[33.7019,63.411445],[33.727215,63.411151],[33.750765,63.408502],[33.797568,63.39761],[33.803161,63.417921],[33.818174,63.426752],[33.837308,63.432051],[33.855558,63.441765],[33.867921,63.437349],[33.888821,63.422631],[33.911782,63.410857],[33.930915,63.414683],[33.950932,63.422631],[33.974776,63.419099],[33.99126,63.409679],[33.989199,63.400848],[33.951815,63.382009],[33.935625,63.370234],[33.924439,63.356105],[33.9265,63.319898],[33.961824,63.296643],[34.068678,63.265441],[34.092227,63.253077],[34.119603,63.232472],[34.177887,63.20539],[34.187895,63.191555],[34.169645,63.19185],[34.161697,63.19391],[34.153749,63.198326],[34.156104,63.191555],[34.15787,63.188612],[34.161108,63.184785],[34.144918,63.183019],[34.085457,63.205979],[33.961824,63.212161],[33.966239,63.194793],[33.956525,63.18714],[33.941218,63.184785],[33.852909,63.188906],[33.83142,63.184785],[33.827005,63.179486],[33.822884,63.171833],[33.816113,63.16624],[33.804339,63.168006],[33.742228,63.192733],[33.698073,63.204213],[33.674524,63.205979],[33.578267,63.191555],[33.446392,63.201269],[33.432851,63.2101],[33.421371,63.246307],[33.406359,63.258376],[33.372212,63.27486],[33.359555,63.257199],[33.352196,63.249251],[33.344836,63.246896],[33.33836,63.2519],[33.337772,63.260142],[33.34101,63.268384],[33.344836,63.27486],[33.324231,63.285752],[33.275072,63.297821],[33.262414,63.315188],[33.271245,63.314894],[33.281842,63.316954],[33.291557,63.32137],[33.296561,63.328729],[33.295678,63.337266],[33.290379,63.339915],[33.283314,63.340504],[33.277133,63.342564],[33.26889,63.34698],[33.262414,63.347568],[33.256233,63.34904],[33.249462,63.356694],[33.245047,63.365819],[33.241809,63.375827],[33.279782,63.366996],[33.392229,63.286929],[33.410774,63.277804],[33.427553,63.27486],[33.443743,63.278981],[33.452279,63.287812],[33.453751,63.300176],[33.447864,63.315188],[33.437267,63.326668],[33.411363,63.343447],[33.400177,63.356694],[33.401354,63.362875],[33.405475,63.372001],[33.40783,63.379948],[33.403415,63.383481],[33.393112,63.384364],[33.368091,63.390251],[33.358966,63.394078],[33.21355,63.414389],[33.200892,63.438527],[33.230918,63.419393],[33.265652,63.412328],[33.300682,63.41851],[33.332473,63.438527],[33.349252,63.428518]]]]}},{"type":"Feature","properties":{"min_zoom":4},"geometry":{"type":"MultiPolygon","coordinates":[[[[29.871045,63.328729],[29.877227,63.334911],[29.967008,63.304886],[29.993795,63.301353],[30.013518,63.294583],[30.053551,63.262497],[30.076512,63.253077],[30.076512,63.246896],[30.031768,63.246896],[30.020877,63.262791],[30.014989,63.267207],[29.995561,63.273977],[29.957294,63.281925],[29.946108,63.281042],[29.940515,63.276921],[29.922265,63.256904],[29.916672,63.247779],[29.919615,63.243658],[29.941398,63.236887],[29.952879,63.237182],[29.962298,63.236299],[29.969952,63.222464],[29.9779,63.215693],[29.994384,63.205979],[29.985259,63.203036],[29.983787,63.200092],[29.985553,63.195382],[29.987025,63.188317],[29.983787,63.179781],[29.977016,63.178015],[29.969952,63.176837],[29.966714,63.171244],[29.969363,63.154465],[29.978488,63.145635],[29.989968,63.139453],[30.00086,63.130033],[30.009102,63.116787],[30.007925,63.111194],[30.003509,63.104424],[30.00086,63.088528],[30.002626,63.073221],[30.00763,63.064979],[30.070624,63.011404],[30.119783,62.978141],[30.227226,62.924861],[30.224282,62.921035],[30.220456,62.911026],[30.256074,62.890126],[30.288748,62.863339],[30.276973,62.862751],[30.266376,62.860396],[30.256957,62.85598],[30.24842,62.848915],[30.336141,62.832725],[30.377352,62.81683],[30.404433,62.787393],[30.274913,62.807999],[30.305232,62.810648],[30.316713,62.814769],[30.293752,62.825661],[30.267848,62.832431],[30.244005,62.830371],[30.227226,62.814769],[30.231936,62.811826],[30.236057,62.805938],[30.240767,62.801228],[30.207798,62.795636],[30.172474,62.794458],[30.155107,62.78916],[30.154224,62.777679],[30.165115,62.759723],[30.14657,62.730875],[30.1189,62.727343],[30.088875,62.727932],[30.062676,62.712331],[30.049136,62.719395],[30.071213,62.736174],[30.09594,62.739412],[30.116545,62.747065],[30.124787,62.777091],[30.143038,62.795636],[30.207504,62.815358],[30.19985,62.829193],[30.244005,62.863634],[30.24842,62.87688],[30.238117,62.886888],[30.217806,62.893364],[30.195435,62.896897],[30.179539,62.896897],[30.159817,62.904845],[30.136856,62.920446],[30.118311,62.938697],[30.110658,62.955181],[30.101827,62.964895],[30.083282,62.971371],[30.064443,62.971371],[30.055906,62.962246],[30.060321,62.954003],[30.082399,62.939874],[30.090052,62.931632],[30.071213,62.930454],[30.046192,62.937813],[30.022349,62.948705],[30.00763,62.958713],[30.018227,62.97667],[30.012635,62.994626],[29.997328,63.008461],[29.980254,63.014054],[29.95229,63.016703],[29.928446,63.024062],[29.906958,63.034659],[29.833367,63.083229],[29.819532,63.088528],[29.793628,63.094121],[29.797749,63.107662],[29.813939,63.124735],[29.823064,63.140042],[29.826596,63.143868],[29.832189,63.152405],[29.832189,63.160941],[29.809818,63.168006],[29.798337,63.181841],[29.788918,63.184785],[29.781559,63.182136],[29.754772,63.164768],[29.713266,63.152699],[29.683241,63.132682],[29.65616,63.12238],[29.627901,63.120319],[29.603468,63.130033],[29.594637,63.137392],[29.590516,63.14328],[29.592283,63.150344],[29.60023,63.161236],[29.599347,63.166534],[29.590516,63.187729],[29.589633,63.198326],[29.580214,63.192733],[29.575504,63.185374],[29.571971,63.176837],[29.566084,63.168006],[29.559608,63.168006],[29.540769,63.181253],[29.531644,63.184785],[29.438919,63.191555],[29.442157,63.187729],[29.44981,63.175071],[29.453343,63.171244],[29.439508,63.171244],[29.38976,63.180958],[29.382107,63.188317],[29.376808,63.195382],[29.373864,63.198326],[29.353848,63.202152],[29.328827,63.211866],[29.310282,63.225113],[29.309104,63.239242],[29.29733,63.238065],[29.286144,63.239537],[29.276135,63.244541],[29.268188,63.253077],[29.301156,63.2519],[29.314403,63.255432],[29.322351,63.267207],[29.302628,63.266913],[29.296152,63.276627],[29.291442,63.288401],[29.277902,63.293994],[29.263183,63.297526],[29.21373,63.32137],[29.21373,63.328729],[29.230509,63.334322],[29.247877,63.342564],[29.166338,63.362287],[29.144849,63.375827],[29.140728,63.385541],[29.141905,63.394372],[29.139845,63.401143],[29.116001,63.406147],[29.105993,63.411445],[29.090097,63.424397],[28.938794,63.521243],[28.975295,63.519477],[28.99178,63.515061],[29.007675,63.507408],[29.016801,63.500049],[29.02416,63.492395],[29.033285,63.485036],[29.048592,63.479443],[29.116884,63.466491],[29.136901,63.453834],[29.144849,63.452362],[29.152503,63.454717],[29.160745,63.459427],[29.164866,63.464431],[29.161333,63.466491],[29.144555,63.474439],[29.122772,63.493279],[29.104227,63.514767],[29.096279,63.530957],[29.089214,63.554506],[29.073024,63.570402],[29.054479,63.584531],[29.041822,63.602488],[29.073024,63.596012],[29.102755,63.583943],[29.127482,63.567458],[29.144849,63.548619],[29.145438,63.543026],[29.14426,63.535961],[29.14426,63.530074],[29.148087,63.527425],[29.157507,63.526542],[29.16516,63.523304],[29.170164,63.518005],[29.172225,63.510646],[29.180173,63.498871],[29.199306,63.496517],[29.237279,63.500049],[29.2414,63.496811],[29.240223,63.489452],[29.236691,63.482387],[29.234041,63.479443],[29.247877,63.467375],[29.256413,63.462076],[29.268188,63.459132],[29.287027,63.460015],[29.304689,63.463842],[29.321762,63.464431],[29.375336,63.437349],[29.451282,63.42999],[29.487195,63.418216],[29.487783,63.410562],[29.497497,63.403792],[29.508094,63.399376],[29.517808,63.39761],[29.520752,63.393489],[29.527522,63.373472],[29.531644,63.366408],[29.559902,63.343742],[29.590222,63.324902],[29.604057,63.32137],[29.61642,63.32343],[29.627901,63.327257],[29.637615,63.328729],[29.651155,63.326374],[29.68589,63.315188],[29.696782,63.314305],[29.715621,63.315777],[29.72769,63.315188],[29.76007,63.302531],[29.775377,63.301353],[29.763308,63.318721],[29.748884,63.329023],[29.746824,63.333733],[29.77155,63.334911],[29.789506,63.32608],[29.795688,63.307829],[29.785385,63.293111],[29.754772,63.293994],[29.831601,63.281336],[29.87134,63.286046],[29.904897,63.308418],[29.893711,63.309007],[29.883997,63.312833],[29.876344,63.319309],[29.871045,63.328729]]]]}},{"type":"Feature","properties":{"min_zoom":4},"geometry":{"type":"MultiPolygon","coordinates":[[[[32.001947,65.547057],[31.974571,65.555299],[31.974866,65.571195],[31.959853,65.583558],[31.940425,65.595333],[31.92659,65.610345],[31.948667,65.611523],[31.954849,65.618588],[31.948962,65.628596],[31.934244,65.63831],[31.912755,65.64508],[31.860652,65.650968],[31.756153,65.648907],[31.738197,65.655089],[31.725539,65.664214],[31.672848,65.686291],[31.665489,65.690118],[31.660485,65.693945],[31.654892,65.697477],[31.646061,65.699832],[31.635758,65.698066],[31.622218,65.693062],[31.608382,65.689824],[31.596902,65.693062],[31.594547,65.703364],[31.598668,65.716316],[31.598668,65.730446],[31.583656,65.744575],[31.565111,65.750168],[31.527138,65.755761],[31.511831,65.764887],[31.493286,65.787553],[31.482395,65.796383],[31.467382,65.802271],[31.48681,65.819344],[31.511537,65.832885],[31.538324,65.838772],[31.581301,65.828764],[31.601318,65.828469],[31.621334,65.831707],[31.645178,65.838772],[31.658719,65.840538],[31.666078,65.843187],[31.667844,65.848192],[31.665783,65.855256],[31.665489,65.861732],[31.673143,65.864382],[31.733193,65.865265],[31.761157,65.872035],[31.786473,65.888225],[31.813554,65.900588],[31.853293,65.907064],[31.893033,65.90677],[31.91982,65.898233],[31.939836,65.883515],[31.975455,65.882043],[32.044041,65.891463],[32.200349,65.884693],[32.165908,65.873507],[31.892149,65.864382],[31.865362,65.850546],[32.077599,65.843187],[32.087607,65.840832],[32.109096,65.832002],[32.119104,65.830235],[32.132645,65.832002],[32.159726,65.841127],[32.172973,65.843187],[32.26246,65.837006],[32.24156,65.829058],[32.166202,65.830235],[32.145008,65.827586],[32.102914,65.817578],[32.083781,65.80963],[32.094083,65.79815],[32.097321,65.786669],[32.101442,65.778133],[32.114689,65.774895],[32.155605,65.777839],[32.19505,65.787553],[32.208885,65.787553],[32.228902,65.783726],[32.244503,65.776072],[32.245092,65.764887],[32.214184,65.727797],[32.225664,65.721615],[32.235672,65.72397],[32.245092,65.728091],[32.255689,65.727797],[32.261871,65.723381],[32.279533,65.70307],[32.294251,65.699538],[32.319272,65.722792],[32.337522,65.720143],[32.348708,65.707486],[32.349886,65.692473],[32.344293,65.661859],[32.39875,65.634778],[32.413468,65.62418],[32.35489,65.628596],[32.337522,65.62418],[32.341055,65.608874],[32.325453,65.603575],[32.283065,65.604164],[32.296606,65.576788],[32.278944,65.572372],[32.284242,65.566779],[32.325159,65.545585],[32.372257,65.528512],[32.414351,65.52969],[32.457329,65.539404],[32.5006,65.543819],[32.543577,65.528512],[32.51208,65.534988],[32.496773,65.534399],[32.481761,65.528512],[32.653081,65.491422],[32.67192,65.479353],[32.659557,65.459631],[32.684872,65.456393],[32.708127,65.446679],[32.717546,65.436671],[32.700768,65.432255],[32.716075,65.409589],[32.719607,65.398698],[32.714897,65.385157],[32.699885,65.375148],[32.679279,65.373382],[32.664561,65.380741],[32.666621,65.398109],[32.61187,65.398109],[32.619523,65.408117],[32.641601,65.416948],[32.653081,65.426073],[32.635125,65.443147],[32.607454,65.450211],[32.475285,65.46699],[32.413468,65.487596],[32.361072,65.485829],[32.348119,65.491422],[32.3387,65.499959],[32.328103,65.507318],[32.316328,65.512616],[32.303376,65.514088],[32.290424,65.51085],[32.273645,65.497898],[32.258927,65.494955],[32.222426,65.495838],[32.187397,65.501136],[32.228902,65.5135],[32.241854,65.521742],[32.21124,65.535871],[32.109685,65.553533],[32.077304,65.555005],[32.001947,65.547057]]],[[[32.170324,65.570312],[32.159432,65.569429],[32.183864,65.553827],[32.22066,65.542347],[32.259516,65.535577],[32.289835,65.535282],[32.200349,65.562658],[32.190635,65.567074],[32.170324,65.570312]]],[[[31.802957,65.699832],[31.954555,65.706014],[31.941897,65.718671],[31.926884,65.725736],[31.892444,65.727797],[31.841519,65.719849],[31.816498,65.711607],[31.802957,65.699832]]],[[[31.960736,65.672456],[31.978398,65.66598],[31.997826,65.664214],[32.037271,65.665097],[32.024319,65.675989],[32.008718,65.682465],[31.991645,65.685408],[31.981342,65.686291],[31.964563,65.692179],[31.951317,65.690707],[31.948079,65.683642],[31.960736,65.672456]]]]}},{"type":"Feature","properties":{"min_zoom":4},"geometry":{"type":"MultiPolygon","coordinates":[[[[30.849806,61.952577],[30.866585,61.954932],[30.906324,61.951399],[30.887779,61.966706],[30.843624,61.984074],[30.830378,61.999381],[30.871589,61.99261],[30.885719,61.992316],[30.869234,62.009389],[30.869528,62.024107],[30.874238,62.038237],[30.871589,62.053838],[30.854222,62.066201],[30.803297,62.080036],[30.782102,62.094755],[30.810067,62.094755],[30.828023,62.090045],[30.92222,62.086218],[30.9337,62.081214],[30.94518,62.091811],[30.962548,62.08769],[30.980798,62.075327],[30.994928,62.061491],[30.963725,62.062669],[30.954011,62.061491],[30.946358,62.058548],[30.936643,62.053838],[30.931934,62.049717],[30.939882,62.047656],[30.963136,62.046479],[30.986097,62.042946],[31.008174,62.036176],[31.029074,62.026462],[31.039965,62.017926],[31.05174,61.998792],[31.071757,61.974654],[31.072934,61.966117],[31.045853,61.929911],[31.03555,61.921374],[31.019949,61.917547],[30.973145,61.914015],[30.954305,61.908716],[30.935172,61.905773],[30.912506,61.909894],[30.882775,61.923435],[30.854516,61.940802],[30.849806,61.952577]]]]}},{"type":"Feature","properties":{"min_zoom":4},"geometry":{"type":"MultiPolygon","coordinates":[[[[28.884042,61.622595],[28.879627,61.607288],[28.876683,61.6014],[28.890224,61.599045],[28.895817,61.599045],[28.904648,61.6014],[28.904648,61.595219],[28.850779,61.601989],[28.860493,61.604344],[28.869324,61.608465],[28.877272,61.614352],[28.884042,61.622595]]]]}},{"type":"Feature","properties":{"min_zoom":4},"geometry":{"type":"MultiPolygon","coordinates":[[[[6.871199,46.458721],[6.916531,46.441942],[6.93537,46.423103],[6.913881,46.404264],[6.867666,46.402497],[6.697229,46.423103],[6.499417,46.409268],[6.494707,46.406324],[6.48411,46.392195],[6.479106,46.388957],[6.464682,46.385719],[6.43289,46.371589],[6.417584,46.368351],[6.408164,46.365407],[6.39374,46.351278],[6.383732,46.34804],[6.376078,46.350689],[6.355473,46.371589],[6.294834,46.373944],[6.237138,46.312422],[6.182975,46.238831],[6.133228,46.204685],[6.136171,46.213221],[6.140293,46.220286],[6.145885,46.226468],[6.153245,46.231177],[6.160015,46.268856],[6.176499,46.300059],[6.318383,46.451067],[6.334573,46.46137],[6.352823,46.467257],[6.419055,46.473145],[6.435834,46.479621],[6.495001,46.513178],[6.510897,46.517594],[6.597734,46.522304],[6.620106,46.51936],[6.784361,46.478443],[6.871199,46.458721]]]]}},{"type":"Feature","properties":{"min_zoom":4},"geometry":{"type":"MultiPolygon","coordinates":[[[[-6.522516,54.715929],[-6.520014,54.728881],[-6.510447,54.739478],[-6.497348,54.746543],[-6.484102,54.74772],[-6.470855,54.740656],[-6.472769,54.730647],[-6.476743,54.719167],[-6.469384,54.70857],[-6.461583,54.706215],[-6.444363,54.706804],[-6.435826,54.704154],[-6.42729,54.700033],[-6.419636,54.697973],[-6.411541,54.69709],[-6.401974,54.696795],[-6.384165,54.699739],[-6.349283,54.71063],[-6.314107,54.712985],[-6.278194,54.724171],[-6.259649,54.722699],[-6.24655,54.715929],[-6.239338,54.706509],[-6.238455,54.695618],[-6.244784,54.683843],[-6.254645,54.675601],[-6.293501,54.654113],[-6.298652,54.647637],[-6.313665,54.620555],[-6.316314,54.612018],[-6.307189,54.607014],[-6.290116,54.609664],[-6.272896,54.609958],[-6.263329,54.597595],[-6.267008,54.583171],[-6.279666,54.575223],[-6.308514,54.566098],[-6.310721,54.563743],[-6.313076,54.55815],[-6.315726,54.556089],[-6.335742,54.555501],[-6.339716,54.554617],[-6.340599,54.550496],[-6.336478,54.54667],[-6.332799,54.54196],[-6.334712,54.534601],[-6.341482,54.531068],[-6.351491,54.529008],[-6.359733,54.526064],[-6.359733,54.521354],[-6.336037,54.501338],[-6.385195,54.484853],[-6.399766,54.483381],[-6.413013,54.487797],[-6.43038,54.501926],[-6.442744,54.507814],[-6.477184,54.511052],[-6.543122,54.506047],[-6.575796,54.514878],[-6.603025,54.526653],[-6.612297,54.536367],[-6.609795,54.549908],[-6.603614,54.553734],[-6.585216,54.556089],[-6.57771,54.558444],[-6.572705,54.563448],[-6.565935,54.57434],[-6.560489,54.578755],[-6.533408,54.594357],[-6.516482,54.61349],[-6.510889,54.637039],[-6.518542,54.666476],[-6.524724,54.679428],[-6.528845,54.690908],[-6.528845,54.702683],[-6.522516,54.715929]]]]}},{"type":"Feature","properties":{"min_zoom":4},"geometry":{"type":"MultiPolygon","coordinates":[[[[14.922058,58.814066],[14.913227,58.799054],[14.912049,58.784041],[14.924707,58.771678],[14.929122,58.782275],[14.937659,58.78934],[14.947962,58.791106],[14.958853,58.785219],[14.960325,58.778154],[14.95797,58.766968],[14.952671,58.751072],[14.945018,58.735471],[14.926179,58.709861],[14.918525,58.696615],[14.915287,58.677776],[14.919408,58.640097],[14.918525,58.628323],[14.906456,58.618609],[14.842874,58.586817],[14.852882,58.582402],[14.862596,58.580341],[14.88379,58.579753],[14.889972,58.577692],[14.902335,58.567684],[14.91146,58.565623],[14.94649,58.568272],[14.961502,58.565034],[14.973277,58.552082],[14.958853,58.544134],[14.954732,58.533832],[14.961502,58.52559],[14.979459,58.524706],[14.971511,58.515876],[14.96003,58.511166],[14.939131,58.50469],[14.928534,58.495564],[14.918231,58.484084],[14.907045,58.474076],[14.88173,58.466422],[14.871133,58.460535],[14.859947,58.458475],[14.832865,58.474665],[14.817264,58.477019],[14.801663,58.475253],[14.788416,58.469955],[14.772226,58.45818],[14.723362,58.411671],[14.714236,58.405195],[14.702756,58.399896],[14.690393,58.396364],[14.678618,58.394892],[14.670376,58.391065],[14.620334,58.333958],[14.616802,58.326599],[14.62004,58.316297],[14.634169,58.305111],[14.637407,58.295397],[14.632698,58.286271],[14.599729,58.261251],[14.595608,58.251831],[14.602672,58.22887],[14.603261,58.216802],[14.59443,58.202966],[14.544977,58.158812],[14.540267,58.151453],[14.523488,58.112008],[14.514069,58.10406],[14.493463,58.093169],[14.459023,58.060789],[14.444305,58.040772],[14.438123,58.021344],[14.427526,58.006037],[14.35629,57.9766],[14.338628,57.961294],[14.285642,57.888291],[14.276517,57.866508],[14.27063,57.857089],[14.26592,57.846491],[14.264742,57.832656],[14.26592,57.821471],[14.267392,57.818821],[14.252674,57.804692],[14.229419,57.7938],[14.202043,57.787324],[14.17555,57.784675],[14.155533,57.792328],[14.146408,57.810285],[14.137283,57.853851],[14.125803,57.871218],[14.112262,57.88417],[14.10137,57.898005],[14.096661,57.918316],[14.094011,57.921554],[14.089007,57.932446],[14.086652,57.943926],[14.123448,57.9766],[14.155239,58.018106],[14.154062,58.023993],[14.152001,58.028409],[14.15465,58.034885],[14.167308,58.053724],[14.183498,58.093169],[14.207341,58.127904],[14.210579,58.146154],[14.21264,58.182067],[14.222943,58.200612],[14.235895,58.213858],[14.244137,58.22681],[14.239427,58.244766],[14.257972,58.257424],[14.278578,58.30305],[14.297711,58.313059],[14.316256,58.319535],[14.332152,58.335725],[14.380428,58.409316],[14.398089,58.428155],[14.414574,58.436397],[14.438712,58.44199],[14.441067,58.45612],[14.441361,58.473781],[14.459317,58.491149],[14.464027,58.491443],[14.478745,58.489383],[14.486693,58.491149],[14.491992,58.49527],[14.49523,58.500569],[14.500234,58.510871],[14.511714,58.527944],[14.516424,58.540602],[14.510536,58.546489],[14.510536,58.556203],[14.521134,58.613899],[14.553808,58.642452],[14.74956,58.730761],[14.767811,58.744302],[14.776642,58.749306],[14.785767,58.751956],[14.792243,58.75696],[14.797836,58.77992],[14.804901,58.785513],[14.822562,58.792283],[14.852293,58.81024],[14.859947,58.816421],[14.867011,58.819071],[14.887028,58.81701],[14.897625,58.819954],[14.907928,58.835849],[14.907928,58.871467],[14.918525,58.881476],[14.929122,58.863814],[14.976809,58.850568],[14.993588,58.8332],[14.978281,58.836438],[14.972688,58.83997],[14.966212,58.84733],[14.949433,58.835849],[14.931772,58.82643],[14.922058,58.814066]]]]}},{"type":"Feature","properties":{"min_zoom":4.7},"geometry":{"type":"MultiPolygon","coordinates":[[[[14.092539,63.212161],[14.141109,63.20804],[14.158183,63.212161],[14.153473,63.225996],[14.142876,63.233649],[14.129924,63.238948],[14.116677,63.246896],[14.088713,63.28428],[14.081354,63.291345],[14.064575,63.28899],[14.047796,63.289579],[14.035727,63.31666],[14.024247,63.324314],[13.993044,63.334911],[14.017182,63.333439],[14.040437,63.328729],[14.094011,63.30989],[14.116677,63.308418],[14.176433,63.315483],[14.198511,63.315188],[14.270335,63.285163],[14.297711,63.281042],[14.308014,63.283103],[14.323027,63.292522],[14.335684,63.293994],[14.347459,63.29105],[14.361294,63.284574],[14.373952,63.276038],[14.383666,63.267207],[14.39544,63.2519],[14.428115,63.240125],[14.459023,63.23777],[14.472858,63.249839],[14.471386,63.260731],[14.468442,63.270445],[14.468148,63.279276],[14.472858,63.287812],[14.484044,63.293405],[14.495818,63.292522],[14.50671,63.287518],[14.513774,63.281042],[14.512891,63.259848],[14.52967,63.248368],[14.575885,63.232472],[14.593547,63.217459],[14.610326,63.199209],[14.627399,63.184196],[14.691276,63.168301],[14.729543,63.144163],[14.795187,63.088528],[14.761335,63.092355],[14.733959,63.108545],[14.708349,63.128267],[14.678913,63.14328],[14.528198,63.173893],[14.49729,63.174777],[14.461378,63.162708],[14.439595,63.158881],[14.420167,63.152699],[14.411336,63.140042],[14.414868,63.126501],[14.420755,63.1109],[14.424877,63.096181],[14.421344,63.08529],[14.418106,63.066745],[14.43253,63.044373],[14.452841,63.020824],[14.466087,62.999924],[14.459317,62.999924],[14.467559,62.965189],[14.47639,62.841556],[14.485221,62.83773],[14.483749,62.829193],[14.477862,62.820362],[14.472858,62.814769],[14.435768,62.797402],[14.431941,62.794458],[14.413396,62.796224],[14.41634,62.808293],[14.445482,62.841556],[14.436651,62.853625],[14.430469,62.859218],[14.423405,62.861573],[14.411336,62.863339],[14.410747,62.860101],[14.403094,62.855097],[14.394557,62.853331],[14.380722,62.873053],[14.37719,62.87688],[14.352169,62.888949],[14.345987,62.893364],[14.339805,62.901312],[14.3401,62.905728],[14.342749,62.910143],[14.342749,62.917797],[14.333035,62.988444],[14.336567,62.994626],[14.344809,62.984617],[14.374246,62.915147],[14.389258,62.898369],[14.411336,62.889832],[14.407509,62.898957],[14.405154,62.907788],[14.403977,62.928099],[14.399267,62.936342],[14.391908,62.943701],[14.392202,62.949294],[14.410747,62.951354],[14.430764,62.961068],[14.436945,62.982851],[14.432824,63.00434],[14.421344,63.014054],[14.409864,63.020824],[14.396618,63.036425],[14.37719,63.067922],[14.36306,63.104718],[14.350991,63.118847],[14.328325,63.130033],[14.233834,63.152405],[14.219116,63.161236],[14.0737,63.189495],[14.052506,63.201858],[14.02042,63.232472],[13.99952,63.248073],[13.924752,63.27486],[14.03661,63.25661],[14.054566,63.243069],[14.060159,63.236299],[14.092539,63.212161]]]]}},{"type":"Feature","properties":{"min_zoom":4.7},"geometry":{"type":"MultiPolygon","coordinates":[[[[9.718583,47.546691],[9.732124,47.538448],[9.744487,47.519904],[9.702393,47.52167],[9.689735,47.519904],[9.687086,47.516371],[9.681493,47.503125],[9.676194,47.499298],[9.669718,47.498415],[9.648819,47.499298],[9.642931,47.501653],[9.641165,47.510484],[9.634689,47.51225],[9.627036,47.510484],[9.614967,47.501947],[9.607902,47.499298],[9.592889,47.499298],[9.57876,47.501653],[9.565514,47.506363],[9.552856,47.51225],[9.517827,47.492822],[9.494572,47.488112],[9.402141,47.543453],[9.39802,47.544041],[9.382419,47.569651],[9.380653,47.574361],[9.371233,47.581131],[9.206684,47.647363],[9.18284,47.670618],[9.206389,47.672384],[9.205506,47.681509],[9.18284,47.704175],[9.174892,47.718894],[9.169005,47.733318],[9.161646,47.746858],[9.148694,47.759516],[9.131032,47.767758],[9.090999,47.779238],[9.073042,47.787481],[9.040074,47.81103],[9.032126,47.820744],[9.071865,47.816623],[9.17607,47.765698],[9.203446,47.76246],[9.210805,47.759516],[9.215809,47.750979],[9.222285,47.729196],[9.2267,47.724781],[9.322369,47.681804],[9.341208,47.677977],[9.38448,47.677388],[9.403025,47.675033],[9.456599,47.656489],[9.488096,47.653839],[9.498104,47.650012],[9.507229,47.642065],[9.511351,47.632939],[9.514883,47.623225],[9.521653,47.612628],[9.537549,47.599087],[9.552856,47.593495],[9.594361,47.588196],[9.634689,47.574361],[9.676194,47.55405],[9.718583,47.546691]]]]}},{"type":"Feature","properties":{"min_zoom":4.7},"geometry":{"type":"MultiPolygon","coordinates":[[[[27.054275,61.677052],[27.040146,61.671459],[27.033964,61.67087],[27.036908,61.666749],[27.038968,61.663217],[27.041912,61.659979],[27.047505,61.656741],[27.047505,61.64997],[27.031315,61.649382],[27.018657,61.656152],[27.01012,61.667338],[27.007177,61.68029],[27.011592,61.69648],[27.009237,61.702662],[26.99658,61.705016],[26.985983,61.702956],[26.97568,61.697952],[26.96626,61.690887],[26.958901,61.683234],[26.973031,61.672931],[26.979212,61.67087],[26.979212,61.663511],[26.910331,61.665866],[26.889725,61.67087],[26.851458,61.693242],[26.835268,61.697657],[26.838506,61.711198],[26.831441,61.717968],[26.817312,61.71944],[26.801122,61.717968],[26.807598,61.695008],[26.803771,61.680584],[26.78817,61.676169],[26.759322,61.683234],[26.748725,61.689121],[26.73018,61.704428],[26.718994,61.711198],[26.709869,61.71267],[26.699861,61.711492],[26.689264,61.712081],[26.677489,61.717968],[26.6978,61.687943],[26.748725,61.658507],[26.807009,61.636724],[26.848809,61.628776],[26.825848,61.655563],[26.824082,61.667338],[26.848809,61.67087],[26.863527,61.665866],[26.874419,61.655269],[26.877657,61.641728],[26.86912,61.628776],[26.874713,61.626716],[26.878245,61.624949],[26.882072,61.623183],[26.889725,61.622595],[26.889725,61.61553],[26.8806,61.609054],[26.882661,61.602872],[26.891492,61.597868],[26.903561,61.595219],[26.894435,61.590803],[26.884427,61.588448],[26.874124,61.58786],[26.862938,61.589037],[26.873535,61.581972],[26.88531,61.577262],[26.898262,61.574908],[26.911508,61.574613],[26.897085,61.561956],[26.877068,61.554596],[26.855579,61.553713],[26.835268,61.561072],[26.82732,61.571375],[26.824377,61.582267],[26.818489,61.591392],[26.801122,61.595219],[26.818195,61.565488],[26.821433,61.561072],[26.811719,61.553419],[26.796412,61.553419],[26.780811,61.558129],[26.770214,61.56431],[26.766976,61.58315],[26.775512,61.60405],[26.775807,61.621417],[26.734301,61.634075],[26.71399,61.647027],[26.677489,61.677052],[26.668658,61.682939],[26.662476,61.684705],[26.658355,61.689121],[26.656883,61.701484],[26.650702,61.707077],[26.636572,61.712081],[26.609196,61.717968],[26.610374,61.730332],[26.599777,61.732392],[26.584176,61.731509],[26.570929,61.735336],[26.565042,61.739457],[26.560921,61.740046],[26.557683,61.741223],[26.553856,61.745933],[26.553856,61.75182],[26.555917,61.758591],[26.559155,61.764478],[26.560921,61.766539],[26.549735,61.779491],[26.533545,61.792443],[26.513822,61.802451],[26.49204,61.807455],[26.512939,61.78685],[26.487918,61.786261],[26.426691,61.792737],[26.40373,61.800685],[26.408734,61.805395],[26.417565,61.820996],[26.369584,61.838363],[26.364286,61.845428],[26.351922,61.845723],[26.328079,61.841601],[26.309828,61.842485],[26.287751,61.846017],[26.270089,61.856025],[26.265968,61.876336],[26.287751,61.87251],[26.300997,61.868389],[26.312183,61.870155],[26.328079,61.883107],[26.340442,61.896353],[26.346035,61.906362],[26.345741,61.91843],[26.341619,61.937858],[26.371056,61.977892],[26.405496,61.987312],[26.435522,61.987017],[26.431106,61.971416],[26.441703,61.968472],[26.451417,61.962879],[26.465841,61.951399],[26.428457,61.951105],[26.413444,61.948161],[26.399904,61.940802],[26.390484,61.929911],[26.384597,61.91637],[26.383714,61.90224],[26.39019,61.889288],[26.371645,61.876631],[26.356043,61.862207],[26.406085,61.85161],[26.458776,61.848372],[26.478793,61.853082],[26.477027,61.865445],[26.466136,61.881046],[26.458482,61.896942],[26.471728,61.893998],[26.500282,61.88399],[26.512939,61.883107],[26.550618,61.913132],[26.560921,61.930499],[26.547086,61.93462],[26.49204,61.930499],[26.526186,61.944335],[26.552384,61.950811],[26.5777,61.946984],[26.609196,61.930499],[26.595067,61.907245],[26.61891,61.876042],[26.660416,61.85838],[26.698094,61.876336],[26.678372,61.882224],[26.670719,61.883107],[26.670719,61.889288],[26.714579,61.891349],[26.730769,61.888111],[26.753141,61.876336],[26.739894,61.865151],[26.744015,61.854259],[26.75785,61.849255],[26.773746,61.855731],[26.782577,61.848961],[26.793174,61.854259],[26.814663,61.876336],[26.809953,61.88399],[26.822022,61.892526],[26.821433,61.903124],[26.811719,61.91637],[26.803477,61.914898],[26.793763,61.903124],[26.76727,61.903418],[26.736067,61.909011],[26.70457,61.91843],[26.677489,61.930499],[26.66071,61.942863],[26.615378,61.992316],[26.60537,61.999969],[26.58447,62.011155],[26.574461,62.019692],[26.570046,62.028523],[26.568869,62.037059],[26.565336,62.045596],[26.553856,62.053838],[26.579466,62.048834],[26.593301,62.034704],[26.604781,62.019692],[26.622443,62.012921],[26.65394,62.015865],[26.663948,62.012921],[26.673957,62.004974],[26.681021,61.995554],[26.682493,61.986429],[26.677489,61.978775],[26.690441,61.973477],[26.699861,61.965529],[26.715462,61.947867],[26.727531,61.937858],[26.766976,61.916664],[26.765798,61.931677],[26.741955,61.95817],[26.745781,61.971416],[26.761971,61.973182],[26.784932,61.96494],[26.832913,61.936387],[26.881778,61.899591],[26.895907,61.885462],[26.907093,61.86986],[26.911508,61.855731],[26.897673,61.860441],[26.877068,61.878986],[26.86912,61.883107],[26.85293,61.879574],[26.852047,61.870155],[26.862644,61.860441],[26.880011,61.855731],[26.901794,61.843368],[26.900617,61.81452],[26.883544,61.755941],[26.89002,61.745639],[26.918279,61.746522],[26.92446,61.735336],[26.925049,61.729743],[26.928876,61.715319],[26.931525,61.711198],[26.940062,61.706488],[26.942711,61.709432],[26.944772,61.71473],[26.951836,61.717968],[27.023956,61.717968],[27.030726,61.712964],[27.054275,61.677052]]]]}},{"type":"Feature","properties":{"min_zoom":4.7},"geometry":{"type":"MultiPolygon","coordinates":[[[[16.367974,59.294174],[16.403592,59.304183],[16.426258,59.319784],[16.412423,59.296235],[16.377099,59.281222],[16.128362,59.244721],[16.055359,59.221761],[16.020919,59.216757],[15.95557,59.216168],[15.942324,59.213224],[15.928194,59.204393],[15.90906,59.1988],[15.888455,59.196151],[15.870793,59.19674],[15.880801,59.186437],[15.909944,59.179667],[15.91171,59.168775],[15.901996,59.162299],[15.866672,59.156706],[15.825755,59.142282],[15.700062,59.142282],[15.667976,59.146992],[15.610575,59.170247],[15.579373,59.17584],[15.574957,59.179667],[15.586143,59.188498],[15.617934,59.204688],[15.646782,59.207337],[15.658557,59.209986],[15.637362,59.229709],[15.558767,59.23118],[15.534924,59.25208],[15.544638,59.252375],[15.569659,59.258262],[15.545226,59.267976],[15.452207,59.253846],[15.411291,59.25208],[15.341526,59.269153],[15.266169,59.270625],[15.239088,59.274452],[15.227019,59.285638],[15.256455,59.299473],[15.431896,59.278867],[15.446026,59.282988],[15.491358,59.301828],[15.518734,59.318018],[15.537867,59.322728],[15.57584,59.326554],[15.607043,59.311836],[15.645899,59.306243],[15.723317,59.306832],[15.751576,59.299178],[15.783956,59.268565],[15.816041,59.265032],[15.815453,59.281222],[15.82605,59.288581],[15.833703,59.29594],[15.823106,59.306832],[15.838413,59.323611],[15.850188,59.31684],[15.856075,59.301533],[15.854014,59.292997],[16.022391,59.289759],[16.056831,59.271803],[16.082735,59.26621],[16.108639,59.266798],[16.146318,59.281811],[16.226974,59.285638],[16.26583,59.301533],[16.289379,59.307421],[16.306158,59.303005],[16.331473,59.292702],[16.367974,59.294174]]]]}},{"type":"Feature","properties":{"min_zoom":4.7},"geometry":{"type":"MultiPolygon","coordinates":[[[[24.704366,61.64997],[24.684938,61.641139],[24.662861,61.645849],[24.621944,61.663511],[24.608698,61.665572],[24.577201,61.663511],[24.566015,61.661156],[24.560128,61.655858],[24.553063,61.642317],[24.548059,61.636135],[24.540994,61.624066],[24.536284,61.619062],[24.523332,61.614058],[24.51038,61.616707],[24.497428,61.621417],[24.484476,61.622595],[24.469464,61.615824],[24.42266,61.582267],[24.576612,61.536051],[24.60075,61.513385],[24.580145,61.516329],[24.532458,61.515446],[24.497134,61.533402],[24.471524,61.537818],[24.444443,61.537818],[24.42266,61.533697],[24.417361,61.530459],[24.414418,61.522805],[24.408825,61.519567],[24.387336,61.514857],[24.364376,61.513385],[24.294317,61.520156],[24.27224,61.513385],[24.285486,61.499845],[24.233384,61.493369],[24.224553,61.479239],[24.213072,61.477179],[24.20483,61.472469],[24.201298,61.465698],[24.203947,61.458045],[24.193939,61.44892],[24.162442,61.442738],[24.155671,61.433907],[24.158026,61.421249],[24.165385,61.416245],[24.197177,61.416245],[24.150079,61.402705],[24.142719,61.395934],[24.145369,61.385926],[24.161853,61.368853],[24.163031,61.355018],[24.153022,61.340005],[24.137421,61.338239],[24.120936,61.341477],[24.107984,61.341182],[24.09827,61.333823],[24.09621,61.324992],[24.101803,61.315867],[24.114755,61.307331],[24.139187,61.317928],[24.189229,61.330585],[24.210718,61.341182],[24.222198,61.332057],[24.224258,61.327347],[24.224553,61.317339],[24.230146,61.314395],[24.301382,61.289374],[24.317277,61.280249],[24.326991,61.265531],[24.307269,61.266414],[24.295789,61.272301],[24.287841,61.280249],[24.278421,61.287314],[24.261348,61.292612],[24.203947,61.293495],[24.19806,61.297322],[24.193056,61.303798],[24.187757,61.307919],[24.179809,61.304093],[24.141248,61.265236],[24.128884,61.259644],[24.107984,61.259349],[24.102392,61.261704],[24.028801,61.256994],[24.013494,61.250224],[24.000542,61.239332],[23.991122,61.224614],[24.017026,61.207247],[24.077959,61.17781],[24.135655,61.163386],[24.142719,61.163092],[24.150373,61.168979],[24.164502,61.18723],[24.173039,61.191057],[24.19129,61.187524],[24.207774,61.181048],[24.224847,61.17781],[24.245158,61.183698],[24.231323,61.211073],[24.242803,61.209013],[24.261937,61.199593],[24.289607,61.194295],[24.315217,61.18046],[24.352307,61.173395],[24.367614,61.162798],[24.388513,61.128946],[24.367614,61.133656],[24.344653,61.146313],[24.324636,61.153967],[24.312568,61.142781],[24.31816,61.135422],[24.326403,61.113345],[24.330524,61.108635],[24.341415,61.104808],[24.358783,61.096271],[24.374384,61.085674],[24.386453,61.071251],[24.416184,61.046524],[24.449447,61.039165],[24.467109,61.032689],[24.477706,61.019737],[24.451213,61.018265],[24.419127,61.022092],[24.392635,61.033866],[24.381449,61.057121],[24.370852,61.070367],[24.323459,61.094211],[24.307269,61.122764],[24.294611,61.122764],[24.281071,61.116583],[24.27224,61.108635],[24.270179,61.098038],[24.273123,61.0739],[24.27224,61.067718],[24.252223,61.065658],[24.223375,61.07596],[24.161853,61.111284],[24.145663,61.125708],[24.133005,61.132773],[24.10298,61.134539],[24.090617,61.139543],[24.081197,61.146019],[24.046168,61.15956],[24.032627,61.161326],[24.009078,61.15485],[24.004957,61.15956],[23.988767,61.168096],[23.791543,61.203126],[23.764462,61.218433],[23.778885,61.224614],[23.757397,61.282604],[23.750332,61.314984],[23.757691,61.341182],[23.775353,61.311746],[23.798019,61.259055],[23.823629,61.224909],[23.826867,61.218138],[23.833343,61.213134],[23.847472,61.211073],[23.898692,61.211073],[23.914882,61.206069],[23.935781,61.196944],[23.958153,61.191351],[23.977581,61.197238],[23.96198,61.20342],[23.950794,61.215783],[23.936665,61.245808],[23.94579,61.248458],[23.952855,61.248163],[23.960802,61.246692],[23.970811,61.245808],[23.978759,61.247869],[23.994066,61.257289],[24.001719,61.259349],[24.012905,61.264059],[24.027034,61.274656],[24.046462,61.293495],[24.055293,61.323815],[24.047934,61.350013],[24.027623,61.368558],[23.998187,61.375623],[23.990533,61.381216],[23.98023,61.395345],[23.971988,61.411241],[23.970811,61.423899],[23.984057,61.435379],[24.004368,61.436556],[24.042636,61.430669],[24.046757,61.428314],[24.050878,61.42331],[24.057059,61.418306],[24.066773,61.416245],[24.074427,61.418306],[24.087379,61.426842],[24.126235,61.445976],[24.155671,61.464815],[24.152139,61.479239],[24.27224,61.545471],[24.310507,61.552536],[24.345831,61.562839],[24.367908,61.589037],[24.360255,61.590803],[24.340532,61.6014],[24.348186,61.608759],[24.328169,61.609348],[24.307563,61.605521],[24.296672,61.608465],[24.306386,61.628776],[24.324636,61.648204],[24.340532,61.652914],[24.356428,61.647615],[24.374678,61.636135],[24.369674,61.626421],[24.37144,61.621123],[24.378505,61.618473],[24.40382,61.61288],[24.412946,61.61553],[24.421188,61.62024],[24.433257,61.622595],[24.455334,61.624066],[24.478295,61.629659],[24.48948,61.639962],[24.477706,61.656741],[24.511852,61.67087],[24.511852,61.677052],[24.483593,61.677346],[24.470052,61.679112],[24.457395,61.683234],[24.457395,61.690887],[24.475351,61.684705],[24.540405,61.683234],[24.560717,61.679996],[24.575435,61.679701],[24.587504,61.685],[24.60075,61.697657],[24.60075,61.705016],[24.587504,61.705016],[24.609581,61.715908],[24.62636,61.722384],[24.693475,61.727388],[24.740867,61.736513],[24.765888,61.738574],[24.780018,61.732392],[24.765888,61.711198],[24.730859,61.71738],[24.690237,61.710904],[24.664627,61.694419],[24.676402,61.67087],[24.662861,61.663511],[24.682878,61.655269],[24.704366,61.64997]]]]}},{"type":"Feature","properties":{"min_zoom":4.7},"geometry":{"type":"MultiPolygon","coordinates":[[[[23.541334,61.45363],[23.501594,61.420072],[23.490114,61.397995],[23.500123,61.382099],[23.539273,61.361788],[23.555169,61.350896],[23.569592,61.337944],[23.584605,61.332351],[23.625227,61.334118],[23.6423,61.331468],[23.657019,61.326464],[23.666733,61.326759],[23.676447,61.32823],[23.717952,61.329408],[23.723545,61.32823],[23.725311,61.320871],[23.720601,61.314984],[23.714125,61.312335],[23.710004,61.314101],[23.708827,61.311157],[23.706177,61.305859],[23.703528,61.299677],[23.703234,61.293495],[23.706766,61.293201],[23.715597,61.290552],[23.725017,61.285842],[23.73061,61.279955],[23.732376,61.266414],[23.72796,61.255817],[23.718246,61.246986],[23.703234,61.239038],[23.694403,61.249341],[23.683217,61.259349],[23.694697,61.273184],[23.686161,61.286725],[23.668499,61.297028],[23.652603,61.300855],[23.531914,61.307331],[23.539567,61.303209],[23.544572,61.2985],[23.553108,61.287314],[23.538684,61.288197],[23.511897,61.292907],[23.497768,61.293495],[23.501594,61.296439],[23.508365,61.303798],[23.511897,61.307331],[23.471275,61.337944],[23.463621,61.348247],[23.475985,61.360316],[23.458617,61.372679],[23.418878,61.385926],[23.401805,61.376212],[23.37649,61.369736],[23.349408,61.368853],[23.326448,61.375623],[23.347053,61.379155],[23.359711,61.382982],[23.365598,61.390636],[23.367364,61.406531],[23.375312,61.41654],[23.394151,61.416834],[23.433008,61.410358],[23.446254,61.414479],[23.541922,61.476884],[23.559878,61.485421],[23.600206,61.495429],[23.6423,61.498962],[23.688221,61.490131],[23.708238,61.493957],[23.716775,61.516329],[23.705883,61.520745],[23.656136,61.533991],[23.641712,61.539878],[23.634941,61.556657],[23.635236,61.574024],[23.631703,61.58786],[23.614336,61.595219],[23.634353,61.606404],[23.641712,61.608759],[23.586666,61.623772],[23.558407,61.636724],[23.556346,61.653208],[23.576657,61.657329],[23.631115,61.638196],[23.656136,61.642317],[23.64701,61.648793],[23.637002,61.653208],[23.62611,61.655858],[23.614336,61.656741],[23.614336,61.663511],[23.624933,61.662922],[23.633175,61.663805],[23.640829,61.666749],[23.649071,61.67087],[23.624344,61.681467],[23.56606,61.694419],[23.539273,61.705016],[23.571064,61.708549],[23.636413,61.702073],[23.669676,61.705016],[23.692048,61.717968],[23.692931,61.734453],[23.677035,61.747994],[23.649071,61.752115],[23.664378,61.760063],[23.67262,61.769188],[23.682923,61.776841],[23.703528,61.780079],[23.709121,61.782434],[23.710593,61.788616],[23.710004,61.803923],[23.704706,61.806866],[23.669676,61.814814],[23.669676,61.820996],[23.690576,61.832771],[23.711182,61.836597],[23.764462,61.83542],[23.754159,61.848961],[23.74209,61.857791],[23.710004,61.873098],[23.689399,61.878103],[23.667027,61.880457],[23.647599,61.886639],[23.63553,61.903124],[23.646422,61.901357],[23.675858,61.903124],[23.685278,61.899591],[23.699113,61.891055],[23.703528,61.889288],[23.727372,61.887817],[23.749449,61.883107],[23.825101,61.857791],[23.842762,61.856908],[23.857775,61.865739],[23.863957,61.871627],[23.869255,61.875159],[23.873082,61.878986],[23.874259,61.886345],[23.871021,61.896648],[23.863074,61.898119],[23.853948,61.896353],[23.847178,61.896942],[23.831871,61.91166],[23.835109,61.917253],[23.909289,61.91843],[23.926362,61.922552],[23.943435,61.930499],[23.951383,61.938447],[23.959625,61.950222],[23.970222,61.960525],[23.984352,61.96494],[24.030861,61.963174],[24.054116,61.964646],[24.072955,61.971416],[23.998775,61.992316],[24.013199,61.99261],[24.021441,61.997909],[24.025268,62.007328],[24.025268,62.019692],[24.021441,62.025873],[24.007018,62.027051],[24.004957,62.034116],[24.007018,62.041769],[24.011139,62.045007],[24.016732,62.047068],[24.022325,62.050894],[24.020264,62.066496],[23.999364,62.086512],[23.971988,62.102997],[23.950205,62.109178],[23.963746,62.094755],[23.953738,62.091517],[23.939903,62.092988],[23.907523,62.100642],[23.908111,62.100936],[23.880147,62.091811],[23.796547,62.103291],[23.785067,62.088573],[23.771526,62.089456],[23.750038,62.09917],[23.73738,62.102408],[23.682923,62.102408],[23.670559,62.105352],[23.657019,62.112416],[23.649071,62.119481],[23.652603,62.122719],[23.692931,62.125368],[23.703234,62.12949],[23.691754,62.138615],[23.678213,62.14303],[23.663789,62.144208],[23.649071,62.143325],[23.649071,62.150095],[23.65849,62.162753],[23.649954,62.177471],[23.634353,62.193955],[23.621401,62.211617],[23.665261,62.23134],[23.684689,62.234578],[23.710004,62.225747],[23.697052,62.218388],[23.682334,62.216033],[23.67262,62.208085],[23.671737,62.197782],[23.682923,62.187479],[23.694109,62.181298],[23.699407,62.175116],[23.696758,62.169229],[23.683217,62.163636],[23.696169,62.151567],[23.717069,62.144208],[23.739146,62.143325],[23.757691,62.150095],[23.756219,62.152744],[23.756514,62.161281],[23.759163,62.170995],[23.764462,62.17806],[23.775353,62.181003],[23.786539,62.18012],[23.795664,62.17541],[23.799491,62.167168],[23.803023,62.148034],[23.813915,62.144796],[23.830988,62.145974],[23.874554,62.133022],[23.892804,62.135671],[23.908994,62.144796],[23.922829,62.157454],[23.911938,62.167757],[23.905168,62.179531],[23.907523,62.192189],[23.922829,62.204552],[23.904285,62.218682],[23.909877,62.224569],[23.929011,62.224275],[23.950205,62.218388],[23.958153,62.238404],[23.974049,62.241054],[24.019087,62.231928],[24.007606,62.213972],[23.992888,62.200137],[23.975521,62.195133],[23.956976,62.204552],[23.944024,62.190423],[23.938725,62.182181],[23.936665,62.174233],[23.938725,62.164225],[23.948145,62.153922],[23.950205,62.146563],[23.954621,62.141264],[23.96404,62.14303],[23.977581,62.150095],[23.981408,62.155982],[23.983468,62.164519],[23.987884,62.172761],[23.998775,62.17806],[24.007018,62.163636],[24.019087,62.148034],[24.034393,62.135082],[24.053233,62.12949],[24.058237,62.130078],[24.062358,62.13155],[24.065596,62.134788],[24.069717,62.147446],[24.077076,62.148034],[24.094149,62.143325],[24.106807,62.144502],[24.115932,62.148034],[24.13536,62.157454],[24.185991,62.171289],[24.203653,62.169229],[24.190406,62.150095],[24.167446,62.140381],[24.106807,62.136554],[24.080609,62.12949],[24.095032,62.116538],[24.116521,62.116538],[24.140953,62.121247],[24.163031,62.122719],[24.150962,62.109473],[24.128296,62.093577],[24.104158,62.080331],[24.087379,62.075032],[24.087379,62.068262],[24.101803,62.060314],[24.115932,62.055899],[24.149195,62.053838],[24.167152,62.050894],[24.199237,62.037059],[24.21425,62.034116],[24.237505,62.042358],[24.257816,62.062375],[24.286075,62.109178],[24.272828,62.115654],[24.277244,62.120659],[24.291373,62.123014],[24.306386,62.122719],[24.318749,62.119187],[24.353484,62.105057],[24.357605,62.098581],[24.347303,62.09446],[24.33229,62.092105],[24.318749,62.087984],[24.312568,62.077976],[24.309035,62.068556],[24.300499,62.060314],[24.278421,62.047656],[24.288724,62.042063],[24.299616,62.040003],[24.323753,62.040297],[24.330524,62.037059],[24.334645,62.030289],[24.337883,62.023224],[24.340532,62.019692],[24.363198,62.021752],[24.39234,62.036765],[24.416184,62.034116],[24.456512,62.021164],[24.474173,62.019103],[24.57308,62.019103],[24.594568,62.026462],[24.565132,62.037648],[24.529808,62.091222],[24.498311,62.109178],[24.475057,62.109178],[24.459161,62.101819],[24.445031,62.092988],[24.426486,62.088573],[24.422365,62.090633],[24.417656,62.095343],[24.411768,62.100053],[24.391457,62.10388],[24.361138,62.116538],[24.368791,62.118598],[24.388513,62.12949],[24.30197,62.162164],[24.278421,62.17806],[24.300793,62.179237],[24.332584,62.175116],[24.364081,62.165991],[24.384981,62.153922],[24.391751,62.148623],[24.401466,62.144502],[24.411474,62.14303],[24.427664,62.149212],[24.437672,62.14568],[24.448269,62.139498],[24.457395,62.135671],[24.493307,62.133022],[24.505082,62.12949],[24.534224,62.10594],[24.560128,62.094166],[24.57308,62.078565],[24.587504,62.067967],[24.608109,62.075032],[24.60075,62.081214],[24.608109,62.088573],[24.60075,62.094755],[24.628715,62.122719],[24.611641,62.133316],[24.594274,62.14097],[24.580733,62.151567],[24.573963,62.170701],[24.576612,62.174822],[24.590153,62.181003],[24.594568,62.184241],[24.59398,62.188951],[24.587504,62.211617],[24.608109,62.197193],[24.61488,62.191012],[24.621061,62.219271],[24.621944,62.228985],[24.618412,62.240759],[24.61017,62.245469],[24.601044,62.249884],[24.594568,62.259893],[24.629892,62.26107],[24.662861,62.266663],[24.690531,62.277555],[24.69789,62.275789],[24.690237,62.259893],[24.697596,62.252534],[24.685527,62.23811],[24.669337,62.222803],[24.658445,62.206907],[24.662861,62.191012],[24.681995,62.183653],[24.702306,62.191012],[24.7235,62.201903],[24.745283,62.204552],[24.742928,62.208379],[24.738512,62.218388],[24.780018,62.218388],[24.757057,62.193661],[24.715258,62.175116],[24.684349,62.155394],[24.693769,62.126252],[24.704955,62.120953],[24.717613,62.119187],[24.727621,62.115949],[24.731742,62.105646],[24.72556,62.101525],[24.697007,62.107412],[24.686999,62.105646],[24.668159,62.093577],[24.64932,62.086512],[24.640195,62.075915],[24.649614,62.053838],[24.635191,62.027051],[24.628715,62.019692],[24.61694,62.014393],[24.592508,62.010861],[24.580145,62.00674],[24.640489,61.989078],[24.670809,61.974654],[24.683761,61.954932],[24.685527,61.939919],[24.690531,61.930499],[24.699951,61.925495],[24.71408,61.924023],[24.729682,61.918725],[24.738218,61.906656],[24.739101,61.894881],[24.731742,61.889288],[24.711137,61.897531],[24.649614,61.951399],[24.636662,61.957287],[24.594568,61.96494],[24.588092,61.969944],[24.586032,61.976715],[24.582794,61.982602],[24.573374,61.984957],[24.532458,61.984957],[24.532458,61.992316],[24.541583,61.992021],[24.54747,61.993788],[24.560422,61.999381],[24.528631,62.008506],[24.480355,62.012333],[24.430902,62.009389],[24.395873,61.999381],[24.405587,61.998203],[24.414418,61.995554],[24.422954,61.991138],[24.430608,61.984957],[24.412946,61.980247],[24.39028,61.984662],[24.348186,61.999381],[24.326697,62.002913],[24.310507,62.00203],[24.295789,61.995848],[24.278421,61.984957],[24.268707,61.997909],[24.253695,62.006445],[24.235739,62.01145],[24.172156,62.015276],[24.088262,62.040592],[24.072955,62.040297],[24.065007,62.02764],[24.067951,62.015571],[24.078842,62.007328],[24.094149,62.00674],[24.092383,61.990844],[24.105335,61.982307],[24.125941,61.979364],[24.145663,61.978775],[24.1542,61.979658],[24.160381,61.981424],[24.167152,61.981719],[24.176866,61.978775],[24.179515,61.974654],[24.181576,61.968178],[24.18658,61.961996],[24.197177,61.958464],[24.180692,61.954049],[24.107984,61.958464],[24.019087,61.94404],[24.028506,61.931088],[24.044402,61.922257],[24.080609,61.909894],[24.004957,61.916664],[23.988178,61.913721],[23.959625,61.904301],[23.943435,61.903124],[23.9505,61.903124],[23.957564,61.90224],[23.96404,61.90018],[23.970811,61.896942],[23.963452,61.878397],[23.951677,61.871921],[23.936665,61.868389],[23.919297,61.858969],[23.912821,61.853082],[23.906639,61.848961],[23.898986,61.848077],[23.888094,61.852199],[23.88103,61.85161],[23.854537,61.83542],[23.837169,61.829238],[23.796842,61.820996],[23.782123,61.811282],[23.758574,61.787733],[23.744445,61.778019],[23.73061,61.773309],[23.740912,61.770365],[23.745328,61.763301],[23.749155,61.75447],[23.757691,61.745933],[23.772998,61.74034],[23.804201,61.736513],[23.819213,61.732392],[23.819213,61.725622],[23.764462,61.725622],[23.77447,61.719735],[23.778885,61.717968],[23.771232,61.712081],[23.764462,61.705016],[23.772115,61.693242],[23.768877,61.682056],[23.758574,61.672048],[23.744739,61.663511],[23.735614,61.663805],[23.724722,61.667043],[23.718246,61.666749],[23.723545,61.656741],[23.731493,61.650853],[23.752687,61.644083],[23.760929,61.639373],[23.776236,61.635841],[23.80214,61.636724],[23.828633,61.640551],[23.868961,61.651442],[23.914587,61.650853],[23.936665,61.656741],[23.893393,61.63849],[23.789188,61.63172],[23.750921,61.622595],[23.76505,61.605816],[23.773292,61.601106],[23.782123,61.605227],[23.793015,61.614941],[23.806556,61.620828],[23.819213,61.62024],[23.826572,61.608759],[23.81362,61.606699],[23.801551,61.601695],[23.778885,61.589037],[23.791543,61.574908],[23.806261,61.554008],[23.81156,61.535168],[23.795959,61.526926],[23.766228,61.521039],[23.747683,61.507204],[23.731787,61.491308],[23.710004,61.479239],[23.68204,61.473941],[23.590492,61.472174],[23.565766,61.466876],[23.541334,61.45363]]]]}},{"type":"Feature","properties":{"min_zoom":4.7},"geometry":{"type":"MultiPolygon","coordinates":[[[[23.22342,61.445387],[23.231074,61.432141],[23.264337,61.402705],[23.22813,61.403882],[23.157483,61.415951],[23.120982,61.410358],[23.111856,61.405354],[23.085952,61.38622],[23.074472,61.371208],[23.062109,61.369736],[23.053867,61.375329],[23.059459,61.389164],[23.030906,61.405059],[23.005296,61.385926],[22.981747,61.356784],[22.960259,61.341182],[22.80454,61.323521],[22.788644,61.317339],[22.775987,61.30998],[22.741252,61.2985],[22.720352,61.287314],[22.692682,61.279955],[22.686206,61.276422],[22.668544,61.252579],[22.644112,61.235506],[22.640285,61.224614],[22.651471,61.207541],[22.64735,61.201065],[22.622623,61.202831],[22.579057,61.211073],[22.626744,61.211073],[22.618796,61.223142],[22.617325,61.230796],[22.620268,61.237272],[22.626744,61.245808],[22.660596,61.274067],[22.738603,61.322637],[22.775104,61.331468],[22.798064,61.345009],[22.808956,61.348247],[22.877837,61.344715],[22.88814,61.349719],[22.904624,61.352957],[22.936121,61.355018],[22.947601,61.358256],[22.956432,61.365909],[23.002647,61.421544],[23.02443,61.439794],[23.045919,61.44421],[23.051512,61.438323],[23.053278,61.429492],[23.060048,61.423016],[23.080654,61.423899],[23.116272,61.435085],[23.131579,61.436851],[23.146591,61.441266],[23.153067,61.45098],[23.158071,61.4604],[23.168963,61.464815],[23.38797,61.464815],[23.38797,61.458045],[23.372663,61.452746],[23.342049,61.453924],[23.326448,61.451275],[23.240788,61.451275],[23.22342,61.445387]]]]}},{"type":"Feature","properties":{"min_zoom":4.7},"geometry":{"type":"MultiPolygon","coordinates":[[[[26.63981,63.153582],[26.63304,63.135037],[26.623032,63.123263],[26.635689,63.109722],[26.629213,63.109722],[26.633923,63.103246],[26.635395,63.100302],[26.635689,63.095887],[26.623032,63.097359],[26.613318,63.095887],[26.605664,63.091766],[26.598305,63.08529],[26.588885,63.08058],[26.579171,63.082935],[26.569752,63.087056],[26.560921,63.088528],[26.542376,63.087056],[26.533839,63.082052],[26.536783,63.071749],[26.546203,63.06439],[26.581232,63.051438],[26.610374,63.034659],[26.62362,63.023179],[26.629213,63.010227],[26.630979,62.995214],[26.637455,62.982557],[26.648347,62.972843],[26.663948,62.965778],[26.663948,62.958713],[26.649524,62.95577],[26.643343,62.94164],[26.629508,62.938402],[26.619794,62.940757],[26.562981,62.966955],[26.529129,62.989033],[26.487918,62.995803],[26.474966,63.001985],[26.451417,63.020235],[26.456716,63.028478],[26.464664,63.031716],[26.474378,63.030833],[26.485564,63.027006],[26.485564,63.033187],[26.466136,63.03878],[26.455244,63.048494],[26.456421,63.060858],[26.472023,63.075576],[26.462603,63.087939],[26.436405,63.111194],[26.431106,63.126795],[26.418743,63.14063],[26.335438,63.171244],[26.293638,63.19391],[26.197675,63.27486],[26.222402,63.275155],[26.252722,63.270151],[26.28098,63.260437],[26.300703,63.246896],[26.293932,63.225702],[26.32072,63.196854],[26.362519,63.17566],[26.451417,63.150639],[26.452889,63.15476],[26.456716,63.160941],[26.458482,63.164768],[26.466136,63.159764],[26.473789,63.157703],[26.49204,63.157409],[26.489979,63.164474],[26.491451,63.175954],[26.495572,63.186845],[26.502342,63.191555],[26.545614,63.183607],[26.560921,63.184785],[26.566219,63.191555],[26.571518,63.202447],[26.579171,63.208923],[26.591535,63.202152],[26.60272,63.192438],[26.615967,63.185962],[26.630096,63.185079],[26.643343,63.191555],[26.627153,63.200092],[26.613906,63.213927],[26.591535,63.243069],[26.582115,63.24719],[26.569457,63.248662],[26.558566,63.252783],[26.549441,63.273389],[26.537666,63.276332],[26.491156,63.273977],[26.484092,63.275743],[26.472023,63.281042],[26.395488,63.335205],[26.383419,63.349334],[26.412856,63.364641],[26.424336,63.368468],[26.441409,63.369646],[26.449945,63.367879],[26.45495,63.36523],[26.460248,63.365525],[26.477321,63.378477],[26.487035,63.380243],[26.496749,63.37936],[26.50558,63.375827],[26.504697,63.35581],[26.521476,63.334028],[26.545908,63.3146],[26.567691,63.301353],[26.583881,63.314894],[26.605958,63.32343],[26.629213,63.327552],[26.716934,63.325785],[26.732829,63.32137],[26.716934,63.305474],[26.70722,63.298115],[26.698094,63.297821],[26.683965,63.301942],[26.635689,63.301353],[26.661005,63.276627],[26.690735,63.274566],[26.722527,63.277215],[26.753141,63.267207],[26.744015,63.265146],[26.735184,63.262203],[26.726942,63.258082],[26.718994,63.253077],[26.73489,63.246601],[26.746959,63.210395],[26.766976,63.198326],[26.723704,63.199503],[26.711635,63.198326],[26.703687,63.194205],[26.695445,63.18714],[26.686026,63.180664],[26.673957,63.178015],[26.650996,63.170361],[26.63981,63.153582]]]]}},{"type":"Feature","properties":{"min_zoom":4.7},"geometry":{"type":"MultiPolygon","coordinates":[[[[26.555622,61.629365],[26.581232,61.622595],[26.551501,61.604344],[26.543553,61.6014],[26.530013,61.603755],[26.499693,61.614058],[26.485564,61.61553],[26.462603,61.600812],[26.45024,61.596102],[26.444647,61.605227],[26.438465,61.611409],[26.424041,61.614941],[26.407851,61.616119],[26.396371,61.61553],[26.398726,61.62024],[26.40167,61.63172],[26.40373,61.636135],[26.368995,61.644966],[26.341619,61.656741],[26.318953,61.67352],[26.305118,61.680584],[26.287162,61.683234],[26.260964,61.692064],[26.238003,61.71267],[26.204446,61.759768],[26.197087,61.753587],[26.190316,61.746227],[26.185901,61.737985],[26.180897,61.71738],[26.173832,61.708549],[26.166767,61.706488],[26.163529,61.71473],[26.150577,61.723561],[26.121729,61.730921],[26.090527,61.73357],[26.070804,61.72886],[26.065506,61.719146],[26.070216,61.713553],[26.077869,61.709726],[26.081696,61.705016],[26.07993,61.700307],[26.071688,61.686766],[26.067272,61.677052],[26.061974,61.670282],[26.057264,61.668221],[26.057558,61.665866],[26.067272,61.656741],[26.077869,61.651442],[26.122024,61.642317],[26.117314,61.647027],[26.11231,61.653503],[26.108189,61.656741],[26.132327,61.679407],[26.159997,61.678818],[26.175598,61.663511],[26.163529,61.642317],[26.180602,61.636724],[26.197675,61.628776],[26.17236,61.60611],[26.150283,61.577557],[26.145279,61.552536],[26.1703,61.539878],[26.169416,61.535757],[26.168239,61.533108],[26.166473,61.530459],[26.163529,61.526926],[26.143512,61.534285],[26.120846,61.538406],[26.074337,61.539878],[26.058147,61.542527],[26.028122,61.556068],[26.012226,61.561072],[26.017819,61.565488],[26.01723,61.567254],[26.013992,61.567548],[26.012226,61.567843],[26.010165,61.583444],[26.003395,61.594041],[25.995742,61.602578],[25.992209,61.612292],[25.985439,61.624949],[25.969838,61.621123],[25.95247,61.61288],[25.94099,61.612292],[25.92951,61.626716],[25.922445,61.63378],[25.913614,61.637313],[25.896541,61.642317],[25.889476,61.643494],[25.883295,61.643494],[25.877113,61.644966],[25.868871,61.64997],[25.8621,61.655858],[25.856802,61.662628],[25.848854,61.677052],[25.86004,61.676463],[25.868871,61.671165],[25.87623,61.665866],[25.883,61.663511],[25.890654,61.667043],[25.898013,61.679996],[25.903606,61.683234],[25.919796,61.682939],[25.930982,61.681173],[25.939812,61.684411],[25.950704,61.697657],[25.951881,61.703839],[25.949821,61.719146],[25.950704,61.725622],[25.956297,61.732687],[25.972192,61.74505],[25.97808,61.752115],[25.978669,61.763889],[25.968954,61.771248],[25.951881,61.774192],[25.930098,61.773309],[25.937163,61.783317],[25.936574,61.789205],[25.932453,61.794798],[25.930098,61.803923],[25.935691,61.813637],[25.947172,61.815697],[25.958946,61.80981],[25.964245,61.796858],[25.976608,61.78891],[26.046961,61.773309],[26.056381,61.766539],[26.06374,61.757413],[26.073159,61.749465],[26.088172,61.745933],[26.135859,61.745344],[26.146162,61.742401],[26.158231,61.744461],[26.184135,61.807455],[26.181191,61.820407],[26.188844,61.836303],[26.200913,61.850138],[26.211216,61.855731],[26.23035,61.849844],[26.25125,61.836303],[26.258903,61.822173],[26.238886,61.814814],[26.281864,61.770071],[26.293932,61.752115],[26.28569,61.752115],[26.265968,61.745933],[26.280686,61.722384],[26.300408,61.703545],[26.325429,61.690593],[26.356043,61.683234],[26.373411,61.686472],[26.371939,61.699718],[26.358987,61.717085],[26.341619,61.732392],[26.358987,61.735336],[26.370467,61.730037],[26.380181,61.72209],[26.393133,61.717968],[26.411384,61.719146],[26.420803,61.718263],[26.427574,61.71473],[26.439054,61.699424],[26.437877,61.697657],[26.444353,61.692064],[26.450829,61.68971],[26.458482,61.690887],[26.463192,61.695302],[26.466136,61.702073],[26.466136,61.708549],[26.462014,61.711198],[26.410795,61.732392],[26.441703,61.749171],[26.48262,61.745639],[26.518238,61.729449],[26.540021,61.697069],[26.567985,61.672931],[26.574461,61.663511],[26.567102,61.648204],[26.555622,61.637313],[26.555622,61.629365]]]]}},{"type":"Feature","properties":{"min_zoom":4.7},"geometry":{"type":"MultiPolygon","coordinates":[[[[37.251048,60.135173],[37.239863,60.144887],[37.22014,60.173146],[37.221612,60.193751],[37.246927,60.220538],[37.278424,60.24497],[37.364379,60.293246],[37.431494,60.31915],[37.50273,60.335635],[37.815639,60.34005],[37.885109,60.318561],[38.008153,60.225837],[38.01875,60.211119],[38.023165,60.186392],[38.014923,60.170496],[37.999911,60.155778],[37.984604,60.135173],[37.978128,60.108974],[37.988725,60.093962],[38.032585,60.073945],[38.012863,60.073062],[37.956639,60.06011],[37.67714,60.07056],[37.397642,60.08101],[37.312865,60.107502],[37.251048,60.135173]]]]}},{"type":"Feature","properties":{"min_zoom":4.7},"geometry":{"type":"MultiPolygon","coordinates":[[[[17.86982,46.863766],[17.845682,46.848165],[17.563092,46.764565],[17.546608,46.75544],[17.531596,46.743371],[17.490385,46.722471],[17.474489,46.717173],[17.431217,46.713935],[17.353211,46.724237],[17.309939,46.724826],[17.275204,46.716584],[17.258426,46.718056],[17.247828,46.731596],[17.262841,46.767803],[17.303169,46.768392],[17.345263,46.758089],[17.364691,46.76221],[17.370873,46.775457],[17.38618,46.787526],[17.405019,46.796945],[17.422975,46.800478],[17.460654,46.798417],[17.478904,46.794296],[17.495683,46.786348],[17.546902,46.812841],[17.575456,46.823144],[17.627853,46.828442],[17.639627,46.833152],[17.659055,46.854346],[17.671713,46.865532],[17.682604,46.869948],[17.695556,46.871419],[17.82125,46.906154],[17.837734,46.919989],[17.84421,46.91734],[17.878062,46.897029],[17.89278,46.895557],[17.901906,46.907037],[17.89543,46.920284],[17.880711,46.93147],[17.86511,46.937063],[17.86511,46.943833],[17.964311,46.982395],[17.995513,46.999173],[18.009054,47.010065],[18.022889,47.024489],[18.033486,47.040679],[18.037313,47.056869],[18.046733,47.060401],[18.068221,47.057752],[18.112082,47.04686],[18.130038,47.039501],[18.152115,47.027432],[18.168599,47.013597],[18.169483,47.002117],[18.155059,46.985338],[18.135925,46.955902],[18.118852,46.943833],[18.07823,46.927349],[17.938995,46.894085],[17.932225,46.893497],[17.919567,46.895557],[17.914269,46.891142],[17.899551,46.87554],[17.86982,46.863766]]]]}},{"type":"Feature","properties":{"min_zoom":4.7},"geometry":{"type":"MultiPolygon","coordinates":[[[[30.666123,63.822083],[30.78799,63.824438],[30.810067,63.835918],[30.787695,63.840334],[30.786518,63.850637],[30.802708,63.876835],[30.802413,63.892142],[30.797409,63.903917],[30.782102,63.924522],[30.823608,63.924522],[30.840092,63.918929],[30.879537,63.915397],[30.8919,63.910981],[30.900437,63.896557],[30.890428,63.889198],[30.87365,63.885077],[30.861286,63.880367],[30.851867,63.865355],[30.85952,63.859468],[30.916332,63.856524],[30.919865,63.852992],[30.922808,63.845338],[30.929873,63.840039],[30.938704,63.836801],[31.13946,63.820023],[31.173018,63.812369],[31.202454,63.797651],[31.220999,63.774396],[31.179788,63.765565],[31.159477,63.764094],[31.138872,63.767626],[31.152707,63.773219],[31.180966,63.777634],[31.193623,63.787348],[31.170957,63.799712],[31.141815,63.805893],[31.049679,63.809131],[31.046736,63.806482],[31.044086,63.801772],[31.042615,63.797062],[31.042615,63.795002],[31.028485,63.794707],[30.987568,63.801772],[31.002287,63.776457],[31.025836,63.766448],[31.083826,63.760856],[31.107669,63.752613],[31.131218,63.739367],[31.173312,63.705515],[31.144465,63.716995],[31.130629,63.719056],[31.117972,63.712285],[31.128863,63.711108],[31.139166,63.705809],[31.145642,63.696979],[31.145348,63.68491],[31.131218,63.676079],[31.107375,63.67755],[31.06322,63.68491],[31.06322,63.67755],[31.097366,63.669014],[31.14417,63.651352],[31.173018,63.630158],[31.152118,63.609847],[31.158888,63.595717],[31.145642,63.599838],[31.131218,63.608081],[31.107375,63.626625],[31.08883,63.636928],[31.044086,63.644876],[31.025247,63.654296],[31.009057,63.666953],[30.992278,63.676079],[30.974028,63.681966],[30.954011,63.68491],[30.911034,63.68226],[30.888957,63.685498],[30.871589,63.699333],[30.895138,63.699628],[30.921631,63.70316],[30.940176,63.712874],[30.939587,63.732891],[30.923986,63.746432],[30.90603,63.755263],[30.903675,63.76321],[30.9337,63.774396],[30.919865,63.7794],[30.893961,63.783227],[30.865407,63.804127],[30.849512,63.806482],[30.813305,63.801772],[30.666123,63.822083]]]]}},{"type":"Feature","properties":{"min_zoom":4.7},"geometry":{"type":"MultiPolygon","coordinates":[[[[38.646629,61.304976],[38.638975,61.317339],[38.636032,61.329408],[38.64604,61.340299],[38.660169,61.350602],[38.669883,61.361788],[38.67165,61.373562],[38.667234,61.393874],[38.669883,61.402705],[38.683719,61.41389],[38.719337,61.424782],[38.770262,61.455396],[38.80794,61.463932],[38.88889,61.472174],[38.945408,61.485421],[38.964836,61.485421],[38.951884,61.46511],[38.933045,61.443621],[38.895661,61.410358],[38.874172,61.389164],[38.860337,61.366498],[38.850329,61.315573],[38.851506,61.306153],[38.861515,61.297322],[38.887419,61.281132],[38.895955,61.272007],[38.902726,61.259349],[38.901254,61.254345],[38.901254,61.218433],[38.902726,61.211073],[38.820009,61.197238],[38.778209,61.205186],[38.755543,61.205186],[38.745535,61.194295],[38.738176,61.179871],[38.720514,61.178105],[38.699909,61.183698],[38.683424,61.191057],[38.657815,61.207835],[38.645746,61.223437],[38.641919,61.242276],[38.641919,61.269358],[38.643685,61.283193],[38.646629,61.294379],[38.646629,61.304976]]]]}},{"type":"Feature","properties":{"min_zoom":4.7},"geometry":{"type":"MultiPolygon","coordinates":[[[[28.740981,66.342429],[28.786019,66.344489],[28.830468,66.337719],[28.863437,66.32359],[28.872268,66.314759],[28.884926,66.295625],[28.890813,66.289443],[28.91083,66.282379],[28.932613,66.282673],[28.954101,66.287972],[28.97294,66.295625],[28.97294,66.302984],[28.962049,66.302395],[28.951452,66.303573],[28.941443,66.305928],[28.932024,66.309166],[28.950274,66.322707],[28.983538,66.319174],[29.048592,66.302984],[29.172225,66.302984],[29.172225,66.295625],[29.034757,66.295625],[29.04241,66.289149],[29.050358,66.28385],[29.057717,66.277669],[29.062133,66.268249],[29.011796,66.283262],[28.986187,66.282673],[28.96617,66.268249],[28.994723,66.259124],[29.060072,66.247644],[29.090097,66.248527],[29.067137,66.232042],[29.030047,66.232337],[28.959694,66.241168],[28.94321,66.238813],[28.937617,66.236163],[28.939089,66.207905],[28.937617,66.204372],[28.822226,66.182589],[28.794556,66.172581],[28.72538,66.131664],[28.699182,66.124305],[28.699182,66.117535],[28.706541,66.117535],[28.686818,66.110764],[28.428955,66.100756],[28.38539,66.092514],[28.343296,66.076029],[28.388333,66.069553],[28.567601,66.083094],[28.614405,66.095752],[28.661503,66.102228],[28.706541,66.090159],[28.683875,66.076324],[28.657971,66.064255],[28.610284,66.049242],[28.50549,66.048065],[28.47311,66.042472],[28.476937,66.033052],[28.479292,66.02952],[28.322101,66.042472],[28.072186,66.028931],[28.041867,66.035702],[28.037157,66.039234],[28.029503,66.046887],[28.023027,66.055718],[28.021261,66.062783],[28.029209,66.070142],[28.043927,66.074263],[28.076013,66.076029],[28.064238,66.090748],[28.051581,66.095163],[28.037746,66.096929],[28.021261,66.103994],[28.047754,66.121656],[28.016257,66.134313],[27.917645,66.144911],[27.902338,66.15227],[27.849353,66.166105],[27.862893,66.176113],[27.888797,66.182295],[27.916762,66.182884],[27.935012,66.176113],[27.95238,66.166694],[27.976223,66.164633],[28.027443,66.166105],[28.07719,66.156685],[28.104861,66.147266],[28.119873,66.131664],[28.140773,66.114297],[28.139596,66.109587],[28.109865,66.090159],[28.118696,66.085743],[28.121051,66.083094],[28.11693,66.076029],[28.143128,66.060428],[28.175508,66.062194],[28.236736,66.076029],[28.299435,66.083094],[28.363312,66.097518],[28.4475,66.13343],[28.476348,66.138729],[28.617349,66.144911],[28.595566,66.155508],[28.527862,66.179646],[28.552294,66.188182],[28.613522,66.192892],[28.610284,66.199368],[28.610284,66.207021],[28.740098,66.207021],[28.752756,66.210848],[28.776011,66.2238],[28.787785,66.227333],[28.803387,66.226449],[28.818988,66.222917],[28.834589,66.22174],[28.849896,66.227333],[28.842537,66.228804],[28.828996,66.232925],[28.821932,66.234103],[28.821932,66.241168],[28.849896,66.248527],[28.849896,66.254708],[28.840477,66.255297],[28.834295,66.258241],[28.821932,66.268249],[28.832234,66.279435],[28.836355,66.282673],[28.804564,66.294742],[28.735389,66.313287],[28.706541,66.33036],[28.740981,66.342429]]]]}},{"type":"Feature","properties":{"min_zoom":4.7},"geometry":{"type":"MultiPolygon","coordinates":[[[[32.762879,65.857022],[32.896814,65.861144],[32.903585,65.864382],[32.887983,65.865853],[32.872676,65.871152],[32.884745,65.884693],[32.865023,65.894112],[32.817336,65.905298],[32.842357,65.913835],[32.865317,65.925609],[32.83382,65.934146],[32.728438,65.925609],[32.746394,65.954163],[32.749043,65.963582],[32.747277,65.973002],[32.744039,65.978595],[32.743451,65.984188],[32.749043,65.993902],[32.769943,66.009209],[32.799968,66.018923],[32.859136,66.02952],[32.839708,66.035407],[32.797319,66.030109],[32.776419,66.035702],[32.806739,66.046593],[32.840296,66.05042],[32.909472,66.049242],[32.940086,66.049537],[32.952743,66.04571],[32.96128,66.035702],[32.880035,66.021572],[32.847067,66.005088],[32.855309,65.977712],[32.872382,65.972413],[32.944501,65.98095],[32.958925,65.976534],[32.948034,65.966526],[32.913593,65.946804],[32.931844,65.938856],[32.952743,65.93915],[32.995426,65.946804],[33.018387,65.947098],[33.120825,65.933852],[33.114938,65.924138],[33.099042,65.910008],[33.105224,65.891463],[33.092272,65.886165],[33.07932,65.878217],[33.067545,65.868208],[33.057537,65.857022],[33.105224,65.837006],[33.099042,65.824348],[33.076965,65.820521],[33.030161,65.822582],[33.033694,65.819933],[33.043113,65.80963],[32.989245,65.796089],[32.913593,65.796089],[32.889161,65.78873],[32.853837,65.765475],[32.831171,65.755172],[32.806444,65.753112],[32.735503,65.760471],[32.714897,65.768713],[32.710187,65.784903],[32.730793,65.791085],[32.78319,65.796089],[32.767294,65.806392],[32.749338,65.810219],[32.71107,65.80963],[32.69282,65.812868],[32.689582,65.819933],[32.69753,65.826997],[32.714897,65.830235],[32.714897,65.837006],[32.704594,65.837594],[32.692526,65.840832],[32.682812,65.847014],[32.680751,65.857022],[32.693997,65.865559],[32.71843,65.86497],[32.762879,65.857022]]],[[[32.914476,65.850546],[32.823812,65.847897],[32.781423,65.841716],[32.762879,65.830235],[32.787016,65.814634],[32.947739,65.815812],[32.924484,65.823465],[32.844712,65.822582],[32.869733,65.837594],[32.908589,65.841127],[32.982474,65.837006],[32.971583,65.84878],[32.953921,65.852607],[32.914476,65.850546]]]]}},{"type":"Feature","properties":{"min_zoom":4.7},"geometry":{"type":"MultiPolygon","coordinates":[[[[26.122024,58.388121],[26.149105,58.364572],[26.153521,58.338963],[26.142335,58.274791],[26.141746,58.243589],[26.138214,58.230342],[26.129677,58.216802],[26.115842,58.206499],[26.09818,58.196196],[26.082285,58.184127],[26.074337,58.168526],[26.077869,58.149981],[26.087878,58.137323],[26.093471,58.125843],[26.08464,58.109947],[26.071688,58.102],[26.064917,58.10877],[26.059619,58.123194],[26.044017,58.149098],[26.040779,58.177357],[26.033126,58.189426],[26.012815,58.202378],[25.99633,58.209737],[25.988383,58.220628],[25.992209,58.244766],[25.938929,58.283622],[25.930098,58.295397],[25.927155,58.303345],[25.920384,58.309526],[25.91332,58.316885],[25.910376,58.329837],[25.914203,58.33808],[25.94099,58.356919],[25.954531,58.377819],[25.963362,58.395775],[25.977197,58.408727],[26.00575,58.414909],[26.034892,58.414614],[26.066683,58.411082],[26.095531,58.402545],[26.115842,58.388121],[26.122024,58.388121]]]]}},{"type":"Feature","properties":{"min_zoom":4.7},"geometry":{"type":"MultiPolygon","coordinates":[[[[12.941576,63.598955],[12.924208,63.618678],[12.856504,63.671369],[12.898304,63.669603],[12.911256,63.671369],[12.920381,63.674607],[12.928918,63.682849],[12.938043,63.688442],[13.007219,63.717878],[13.064031,63.732008],[13.244476,63.732891],[13.27303,63.726121],[13.3216,63.67755],[13.306882,63.676962],[13.290397,63.683438],[13.259489,63.699333],[13.234468,63.706398],[13.023703,63.705221],[12.979549,63.691974],[13.001626,63.688148],[13.033712,63.679022],[13.062559,63.666953],[13.074923,63.654296],[13.088758,63.636928],[13.119666,63.626331],[13.154107,63.618972],[13.177361,63.609847],[13.037244,63.595717],[13.016344,63.586886],[13.024292,63.567458],[13.044897,63.546558],[13.061382,63.534195],[13.175301,63.486214],[13.237412,63.47179],[13.323955,63.46237],[13.354863,63.451184],[13.373997,63.433817],[13.363105,63.411445],[13.353685,63.411151],[13.341028,63.417333],[13.306882,63.440587],[13.293341,63.447063],[13.278917,63.45089],[13.22652,63.455306],[13.158816,63.474439],[13.051079,63.522421],[13.005158,63.530957],[12.989851,63.539788],[12.965714,63.56216],[12.949524,63.573051],[12.948052,63.575112],[12.945108,63.578055],[12.943931,63.593068],[12.941576,63.598955]]]]}},{"type":"Feature","properties":{"min_zoom":4.7},"geometry":{"type":"MultiPolygon","coordinates":[[[[45.0,40.49805593893315],[44.993708,40.49873],[44.971925,40.506973],[44.960445,40.51963],[44.966627,40.536998],[44.982817,40.545534],[45.0,40.55017074137187],[45.0,40.57769758443836],[44.995769,40.580564],[44.98576,40.584685],[44.977518,40.590572],[44.973986,40.602052],[44.974869,40.615299],[44.978107,40.623835],[44.986349,40.627368],[45.0,40.62549385191846]]]]}},{"type":"Feature","properties":{"min_zoom":5},"geometry":{"type":"MultiPolygon","coordinates":[[[[17.948121,65.901471],[17.953419,65.898822],[18.014941,65.886753],[18.037313,65.871152],[18.065278,65.817283],[18.077347,65.802271],[18.097952,65.786964],[18.12209,65.774601],[18.1477,65.76577],[18.172721,65.761354],[18.17066,65.766064],[18.168011,65.777544],[18.16595,65.782254],[18.180668,65.780193],[18.206867,65.770774],[18.221291,65.768713],[18.317548,65.779016],[18.330205,65.777839],[18.341391,65.771657],[18.350517,65.765181],[18.364057,65.757822],[18.378775,65.75164],[18.392611,65.748108],[18.384957,65.745458],[18.364646,65.733978],[18.401147,65.703953],[18.529784,65.658915],[18.480625,65.650968],[18.380247,65.645963],[18.3305,65.651262],[18.218936,65.688941],[18.186556,65.686291],[18.213637,65.668629],[18.227472,65.656855],[18.224529,65.651262],[18.204512,65.655677],[18.179785,65.674517],[18.16595,65.679227],[18.153587,65.674811],[18.139752,65.663331],[18.129449,65.650673],[18.128566,65.641842],[18.140341,65.634483],[18.179197,65.620354],[18.193915,65.617999],[18.18214,65.605636],[18.169188,65.600926],[18.155059,65.60122],[18.127094,65.607402],[18.089416,65.62212],[18.077347,65.63154],[18.087649,65.642137],[18.091476,65.64508],[18.083234,65.649496],[18.077052,65.655383],[18.072931,65.663037],[18.071165,65.672456],[18.081762,65.671573],[18.111493,65.664803],[18.118852,65.665097],[18.12209,65.677755],[18.112082,65.686291],[18.096775,65.69159],[18.084706,65.693062],[18.084706,65.699832],[18.112082,65.706014],[18.112082,65.713373],[18.082351,65.71249],[18.071165,65.716316],[18.0641,65.727797],[18.055858,65.747519],[18.054386,65.757527],[18.05733,65.768713],[18.04791,65.774895],[18.021123,65.801976],[18.005522,65.831118],[17.956363,65.841127],[17.940762,65.857022],[17.960778,65.86291],[17.971376,65.864382],[17.982267,65.864382],[17.961073,65.881455],[17.933697,65.890874],[17.948121,65.901471]]]]}},{"type":"Feature","properties":{"min_zoom":5},"geometry":{"type":"MultiPolygon","coordinates":[[[[17.933697,65.890874],[17.87188,65.912069],[17.8604,65.899705],[17.85363,65.894112],[17.847743,65.891463],[17.843621,65.889108],[17.843621,65.883515],[17.844799,65.876745],[17.843916,65.871152],[17.834791,65.860555],[17.824488,65.852901],[17.812125,65.847308],[17.796523,65.843187],[17.783571,65.841421],[17.748248,65.843187],[17.739417,65.845837],[17.734412,65.852313],[17.731763,65.859377],[17.727642,65.864382],[17.711746,65.870858],[17.659055,65.884693],[17.676717,65.890874],[17.696145,65.887048],[17.714101,65.885576],[17.727642,65.898233],[17.726465,65.902649],[17.724993,65.904415],[17.724993,65.906476],[17.727642,65.912069],[17.712629,65.915895],[17.689963,65.917956],[17.668769,65.922077],[17.659055,65.932674],[17.667003,65.938267],[17.707625,65.937384],[17.720872,65.939444],[17.717045,65.947981],[17.730586,65.949453],[17.768853,65.946804],[17.748248,65.968586],[17.711158,65.984777],[17.639038,66.007737],[17.637861,66.024221],[17.614606,66.031286],[17.586347,66.028637],[17.569568,66.015096],[17.581637,66.013624],[17.592235,66.009209],[17.602243,66.002733],[17.611074,65.993902],[17.515405,66.015096],[17.535422,66.020983],[17.54337,66.021866],[17.533067,66.026576],[17.526591,66.032464],[17.524825,66.040117],[17.529829,66.049242],[17.513639,66.05248],[17.503925,66.060134],[17.495094,66.068965],[17.481554,66.076029],[17.464186,66.077796],[17.443286,66.076618],[17.405608,66.070436],[17.379998,66.059545],[17.376466,66.047476],[17.382647,66.030992],[17.385885,66.007737],[17.378526,66.007737],[17.364397,66.026871],[17.341731,66.046299],[17.327307,66.065138],[17.337315,66.083388],[17.326129,66.086627],[17.315827,66.092219],[17.307879,66.100462],[17.303169,66.111353],[17.338787,66.109881],[17.371461,66.103994],[17.392067,66.092219],[17.399426,66.090159],[17.408846,66.091336],[17.411495,66.094869],[17.413555,66.099579],[17.420032,66.103994],[17.451823,66.111353],[17.478316,66.109881],[17.502159,66.099579],[17.553084,66.052775],[17.563387,66.049242],[17.58046,66.047476],[17.59665,66.048065],[17.603715,66.052775],[17.594589,66.073086],[17.572806,66.088098],[17.546314,66.098401],[17.522176,66.103994],[17.53395,66.112825],[17.547786,66.113414],[17.576928,66.103994],[17.597239,66.100167],[17.603715,66.097518],[17.608719,66.092219],[17.609308,66.086038],[17.609308,66.080445],[17.611074,66.076029],[17.633446,66.0619],[17.655523,66.056013],[17.678189,66.060134],[17.700561,66.076029],[17.692613,66.085449],[17.699383,66.087215],[17.724404,66.083388],[17.732352,66.078679],[17.75178,66.056601],[17.762083,66.049242],[17.773857,66.046299],[17.782099,66.046887],[17.787692,66.053363],[17.789164,66.06661],[17.798289,66.071614],[17.842444,66.073674],[17.857751,66.076029],[17.844505,66.08015],[17.80977,66.097518],[17.759433,66.111647],[17.745304,66.120773],[17.730586,66.125777],[17.66612,66.131075],[17.653168,66.134902],[17.644337,66.143144],[17.637861,66.15227],[17.631679,66.158451],[17.597239,66.169637],[17.583992,66.178468],[17.597533,66.185827],[17.604303,66.184061],[17.61961,66.174641],[17.624615,66.172581],[17.632268,66.175524],[17.63845,66.17994],[17.639627,66.184061],[17.631974,66.185827],[17.611957,66.187888],[17.620199,66.217913],[17.64522,66.213792],[17.665826,66.214381],[17.673185,66.213792],[17.678189,66.211437],[17.681427,66.203195],[17.686725,66.199368],[17.726465,66.190537],[17.812125,66.187888],[17.851275,66.179646],[17.834202,66.173464],[17.799761,66.176113],[17.782982,66.172581],[17.816246,66.161984],[17.827137,66.155508],[17.831258,66.14962],[17.833907,66.136668],[17.837734,66.131075],[17.85569,66.124599],[17.903083,66.11989],[17.912797,66.114297],[17.923689,66.095457],[17.949004,66.086921],[17.978735,66.087215],[18.026127,66.100167],[18.052914,66.097518],[18.078524,66.088687],[18.098541,66.076029],[18.112082,66.058956],[18.108255,66.05042],[18.090887,66.048065],[17.940467,66.062783],[17.909853,66.051008],[17.962839,65.996845],[17.933403,65.98095],[17.942233,65.972708],[17.951947,65.966526],[17.962839,65.962405],[17.974908,65.960639],[17.957835,65.947981],[17.930753,65.941799],[17.91368,65.932968],[17.926338,65.912069],[17.948121,65.901471],[17.933697,65.890874]]]]}},{"type":"Feature","properties":{"min_zoom":5},"geometry":{"type":"MultiPolygon","coordinates":[[[[15.519322,63.762622],[15.541694,63.781167],[15.543755,63.791764],[15.541105,63.836507],[15.538456,63.838273],[15.53875,63.839745],[15.545226,63.846221],[15.54817,63.852697],[15.546109,63.858879],[15.541105,63.864766],[15.534924,63.869476],[15.519911,63.873008],[15.481349,63.869182],[15.466042,63.869476],[15.40452,63.89744],[15.335345,63.913631],[15.30267,63.925111],[15.275,63.945716],[15.264992,63.933942],[15.253806,63.932764],[15.24262,63.939535],[15.2332,63.952487],[15.259104,63.975153],[15.261165,63.979274],[15.272351,63.972798],[15.276178,63.95072],[15.285008,63.945716],[15.312679,63.940418],[15.372435,63.91628],[15.400988,63.910981],[15.424243,63.909509],[15.429836,63.914219],[15.431896,63.928349],[15.426892,63.939829],[15.415117,63.943656],[15.401577,63.946011],[15.391568,63.952487],[15.391568,63.966616],[15.450441,63.951309],[15.466042,63.962495],[15.452207,63.978685],[15.356833,64.001057],[15.337405,64.012537],[15.317094,64.030787],[15.310618,64.047566],[15.353595,64.062873],[15.354184,64.081418],[15.343293,64.102024],[15.329457,64.117036],[15.303259,64.131166],[15.253512,64.149711],[15.207002,64.185034],[15.149601,64.206228],[15.123403,64.219475],[15.14548,64.224773],[15.139298,64.243907],[15.118987,64.264513],[15.099853,64.274227],[15.075716,64.279231],[14.993588,64.315143],[14.808139,64.346051],[14.729249,64.339575],[14.692159,64.342813],[14.592075,64.374016],[14.337156,64.385496],[14.322143,64.390795],[14.307425,64.401686],[14.297122,64.412872],[14.285642,64.421409],[14.236778,64.428768],[14.204987,64.439365],[14.17555,64.454672],[14.134633,64.485874],[14.130512,64.493233],[14.138755,64.504125],[14.1364,64.515605],[14.125803,64.524436],[14.109907,64.527968],[14.063103,64.531206],[13.883247,64.590079],[13.84439,64.613628],[13.831733,64.616572],[13.747839,64.625109],[13.72635,64.630996],[13.710455,64.641299],[13.709277,64.649835],[13.71958,64.656017],[13.739302,64.658372],[13.834676,64.651307],[14.076055,64.55711],[14.109907,64.54828],[14.102842,64.555933],[14.114617,64.55976],[14.127863,64.559171],[14.140815,64.55505],[14.151412,64.54828],[14.165542,64.534739],[14.166425,64.528263],[14.161421,64.52267],[14.158183,64.51119],[14.164659,64.487641],[14.180554,64.472334],[14.241782,64.447018],[14.317139,64.432889],[14.32597,64.427296],[14.339217,64.414638],[14.371008,64.401686],[14.416929,64.399626],[14.500234,64.405219],[14.538795,64.400803],[14.618862,64.381964],[14.658307,64.377843],[14.671554,64.374605],[14.69893,64.359887],[14.712765,64.356649],[14.962974,64.342813],[14.988878,64.337515],[15.042747,64.311022],[15.068651,64.301308],[15.12929,64.287767],[15.159315,64.273343],[15.172267,64.250383],[15.179626,64.230661],[15.197288,64.211821],[15.21966,64.20093],[15.240854,64.205934],[15.234967,64.216237],[15.234084,64.225362],[15.234967,64.235076],[15.2332,64.246851],[15.227313,64.258625],[15.21024,64.283941],[15.206708,64.291888],[15.184925,64.314554],[15.13606,64.316321],[15.08278,64.311611],[15.048928,64.315143],[15.040098,64.327506],[15.040981,64.340459],[15.049517,64.351056],[15.062469,64.356649],[15.073655,64.341342],[15.075421,64.33987],[15.08072,64.336926],[15.116927,64.336632],[15.133705,64.339281],[15.145186,64.342813],[15.155488,64.342519],[15.168735,64.333099],[15.186102,64.326918],[15.261165,64.329273],[15.261165,64.322502],[15.236733,64.308373],[15.236144,64.291594],[15.248213,64.274521],[15.261165,64.260391],[15.270585,64.245968],[15.279416,64.227128],[15.285892,64.207112],[15.288541,64.188567],[15.291779,64.178558],[15.305908,64.164723],[15.308852,64.154715],[15.311796,64.137053],[15.319155,64.133815],[15.329752,64.13617],[15.34241,64.136759],[15.357422,64.133521],[15.366547,64.129988],[15.383915,64.117036],[15.386858,64.113504],[15.393334,64.101435],[15.39775,64.096431],[15.40452,64.093487],[15.421593,64.089955],[15.428364,64.086128],[15.424537,64.07347],[15.375673,64.046389],[15.363604,64.031376],[15.371257,64.019602],[15.389508,64.011948],[15.410113,64.008121],[15.433368,64.006944],[15.436606,64.005472],[15.438372,64.002528],[15.442493,63.99723],[15.449852,63.993992],[15.457212,63.996052],[15.466042,64.001057],[15.476345,63.993992],[15.479878,63.989576],[15.481055,63.983689],[15.486648,63.973092],[15.504604,63.948365],[15.516084,63.924522],[15.532863,63.910393],[15.544049,63.895969],[15.534924,63.876835],[15.543755,63.874186],[15.549347,63.870653],[15.559061,63.859762],[15.569953,63.85358],[15.59674,63.850931],[15.632064,63.835624],[15.691525,63.839156],[15.730087,63.828854],[15.752459,63.826499],[15.761584,63.822083],[15.765705,63.815019],[15.770121,63.795885],[15.774536,63.787348],[15.782484,63.780872],[15.800734,63.773513],[15.80986,63.767626],[15.824284,63.755557],[15.82811,63.749375],[15.829876,63.74025],[15.765705,63.749964],[15.747749,63.760856],[15.739801,63.77057],[15.734503,63.78205],[15.735974,63.792941],[15.747749,63.801772],[15.733325,63.813841],[15.713014,63.821495],[15.672097,63.828559],[15.626471,63.830031],[15.608515,63.824144],[15.611458,63.809131],[15.591736,63.80501],[15.57584,63.796474],[15.570542,63.783816],[15.582905,63.767626],[15.568481,63.760856],[15.535512,63.74025],[15.520794,63.74025],[15.511963,63.751436],[15.519322,63.762622]]]]}},{"type":"Feature","properties":{"min_zoom":5},"geometry":{"type":"MultiPolygon","coordinates":[[[[13.61096,64.679566],[13.366932,64.704587],[13.32837,64.699288],[13.332197,64.68928],[13.335141,64.685748],[13.298934,64.680155],[13.216806,64.658372],[13.184426,64.665731],[13.174418,64.678977],[13.186487,64.683981],[13.206209,64.688397],[13.219161,64.699288],[13.204443,64.706942],[13.21033,64.71489],[13.225343,64.72166],[13.347209,64.749625],[13.362222,64.756689],[13.376646,64.767581],[13.378118,64.771996],[13.377529,64.786126],[13.379884,64.791719],[13.386654,64.794662],[13.397251,64.79584],[13.406671,64.794957],[13.410792,64.791719],[13.416974,64.777001],[13.431398,64.771996],[13.448176,64.769936],[13.462306,64.764343],[13.503517,64.729608],[13.533836,64.712829],[13.61096,64.699288],[13.643634,64.685748],[13.61096,64.679566]]]]}},{"type":"Feature","properties":{"min_zoom":5},"geometry":{"type":"MultiPolygon","coordinates":[[[[19.48058,42.113023],[19.474987,42.072107],[19.482347,42.065336],[19.423768,42.071812],[19.37196,42.088002],[19.247738,42.143931],[19.225367,42.158355],[19.208294,42.176606],[19.191809,42.22341],[19.167671,42.234007],[19.105855,42.235773],[19.119396,42.243427],[19.108799,42.254907],[19.106738,42.264915],[19.107915,42.274629],[19.105855,42.284343],[19.094669,42.294057],[19.082306,42.300533],[19.07789,42.305832],[19.091431,42.310836],[19.104089,42.29759],[19.145888,42.270802],[19.155014,42.276984],[19.165905,42.277573],[19.175325,42.272863],[19.180918,42.263738],[19.201523,42.271391],[19.227427,42.270508],[19.320741,42.254318],[19.337225,42.255201],[19.344879,42.270802],[19.340169,42.268448],[19.324862,42.263738],[19.317503,42.284343],[19.348117,42.278456],[19.36519,42.280222],[19.379614,42.310247],[19.396687,42.324377],[19.417292,42.334974],[19.43466,42.338801],[19.410522,42.304654],[19.378436,42.268153],[19.365778,42.231063],[19.399336,42.194856],[19.41111,42.190147],[19.426417,42.187203],[19.43466,42.181316],[19.440547,42.171896],[19.443196,42.163065],[19.449083,42.156589],[19.464979,42.15394],[19.47852,42.141282],[19.48058,42.113023]]]]}},{"type":"Feature","properties":{"min_zoom":5},"geometry":{"type":"MultiPolygon","coordinates":[[[[9.065978,47.723015],[9.103656,47.700643],[9.1275,47.670618],[9.015936,47.679155],[8.997391,47.67415],[8.981201,47.662376],[8.9447,47.654428],[8.905549,47.652073],[8.881117,47.656489],[8.914674,47.656489],[8.93528,47.668263],[8.986205,47.686514],[9.00475,47.704175],[8.957357,47.728313],[8.946171,47.73214],[8.942933,47.733906],[8.943228,47.738322],[8.946171,47.743326],[8.949409,47.74627],[8.95618,47.747447],[8.961478,47.744503],[8.966483,47.740971],[8.971192,47.73891],[8.981495,47.738322],[8.989149,47.737144],[9.00475,47.73214],[9.00475,47.73891],[8.983556,47.74627],[8.983556,47.752451],[9.065978,47.723015]]]]}},{"type":"Feature","properties":{"min_zoom":5},"geometry":{"type":"MultiPolygon","coordinates":[[[[36.772707,62.274611],[36.806559,62.294333],[36.819511,62.314645],[36.797728,62.324064],[36.798316,62.33525],[36.813329,62.346436],[36.833346,62.355561],[36.812446,62.366453],[36.787719,62.375284],[36.771824,62.388236],[36.778005,62.410607],[36.795667,62.420616],[36.817744,62.426797],[36.830108,62.436806],[36.819511,62.459177],[36.885448,62.477428],[36.919006,62.480372],[36.936373,62.46477],[36.943144,62.455645],[36.952858,62.450641],[36.97729,62.444754],[36.968459,62.434156],[36.964632,62.422971],[36.96787,62.414434],[36.980822,62.410607],[36.996718,62.413257],[37.004666,62.419144],[37.010553,62.425914],[37.018206,62.431213],[37.029981,62.435628],[37.041461,62.437689],[37.052647,62.435923],[37.06295,62.42768],[37.075019,62.414728],[37.072075,62.410607],[37.032041,62.369691],[37.031158,62.366747],[37.032336,62.358799],[37.032041,62.355561],[37.027037,62.349085],[37.024094,62.346436],[37.020856,62.344081],[37.014968,62.338488],[37.004666,62.332601],[36.992597,62.327302],[36.983766,62.320237],[36.98406,62.30758],[36.992597,62.301398],[37.007315,62.299632],[37.039401,62.300809],[37.029981,62.285208],[37.015263,62.276966],[36.998778,62.270196],[36.98406,62.259893],[37.054413,62.25901],[37.080612,62.253122],[37.065893,62.239582],[37.050881,62.236344],[37.027037,62.241642],[37.011436,62.239582],[36.997895,62.233106],[36.993774,62.226335],[36.992597,62.217504],[36.987887,62.204552],[36.969048,62.188068],[36.939611,62.177765],[36.908409,62.172172],[36.884565,62.170701],[36.885448,62.17335],[36.878383,62.178943],[36.869847,62.183653],[36.867492,62.184241],[36.862193,62.186007],[36.855129,62.188068],[36.851302,62.192189],[36.857189,62.201314],[36.902227,62.239582],[36.886626,62.250179],[36.881621,62.252534],[36.869847,62.255477],[36.865726,62.2543],[36.862488,62.250473],[36.842177,62.239582],[36.830108,62.229573],[36.809208,62.208085],[36.795961,62.201609],[36.780066,62.201609],[36.770352,62.208085],[36.774767,62.222214],[36.782421,62.235166],[36.783009,62.246941],[36.775062,62.255772],[36.757988,62.259893],[36.772707,62.274611]]]]}},{"type":"Feature","properties":{"min_zoom":5},"geometry":{"type":"MultiPolygon","coordinates":[[[[38.947763,60.80279],[38.957183,60.806912],[38.966897,60.800141],[38.982793,60.772765],[38.995156,60.766584],[39.009285,60.762168],[39.020177,60.751277],[39.02783,60.737442],[39.032834,60.73126],[39.068158,60.714187],[39.121144,60.702707],[39.169714,60.685928],[39.190614,60.652959],[39.197384,60.590848],[39.193852,60.572598],[39.178545,60.537274],[39.177073,60.519023],[39.18296,60.499595],[39.189142,60.487526],[39.189436,60.475752],[39.177073,60.457501],[39.123204,60.419528],[39.114962,60.40952],[39.109663,60.38862],[39.096123,60.391564],[39.079344,60.400689],[39.063743,60.399217],[39.043726,60.392152],[38.996922,60.407459],[38.970724,60.40952],[38.992801,60.422472],[39.027536,60.425121],[39.06021,60.43513],[39.074634,60.471336],[39.072868,60.499595],[39.066686,60.520201],[39.054029,60.538746],[39.010168,60.579662],[38.979555,60.601151],[38.945997,60.613809],[38.916266,60.608216],[38.90979,60.598207],[38.907435,60.571126],[38.902726,60.55994],[38.889185,60.55052],[38.878293,60.551992],[38.871229,60.561412],[38.868285,60.577308],[38.879176,60.603212],[38.921565,60.635297],[38.923037,60.656786],[38.913028,60.667089],[38.898016,60.674153],[38.868285,60.684162],[38.855333,60.69211],[38.843853,60.701235],[38.823836,60.721546],[38.822364,60.731849],[38.830312,60.743329],[38.851212,60.762757],[38.869462,60.773943],[38.887124,60.774237],[38.90508,60.771293],[38.923037,60.772765],[38.933634,60.780713],[38.947763,60.80279]]]]}},{"type":"Feature","properties":{"min_zoom":5},"geometry":{"type":"MultiPolygon","coordinates":[[[[31.619568,64.466741],[31.649888,64.472334],[31.666078,64.472628],[31.652243,64.478515],[31.638702,64.487052],[31.754093,64.465269],[31.81532,64.46262],[31.850938,64.487052],[31.827978,64.492056],[31.797953,64.504714],[31.770283,64.520021],[31.75527,64.534739],[31.772638,64.541804],[31.770283,64.551518],[31.756742,64.561526],[31.741729,64.569474],[31.804429,64.570651],[31.835337,64.564764],[31.850938,64.54828],[31.859475,64.53415],[31.883907,64.522081],[31.912461,64.512956],[31.934244,64.500593],[31.91982,64.487052],[31.949256,64.480281],[32.013133,64.492939],[32.044041,64.487052],[32.06082,64.469979],[32.038448,64.464091],[31.96839,64.465858],[31.976338,64.456144],[31.999887,64.44643],[32.009306,64.438482],[32.011367,64.428768],[32.006951,64.420526],[32.003713,64.411106],[32.009306,64.397565],[31.933066,64.407868],[31.916287,64.414638],[31.89892,64.429651],[31.882141,64.437304],[31.864479,64.438187],[31.844757,64.431711],[31.800308,64.395799],[31.78294,64.390795],[31.773521,64.393738],[31.770871,64.400214],[31.770871,64.407279],[31.769105,64.411106],[31.714354,64.424941],[31.705228,64.428768],[31.699047,64.433478],[31.691687,64.43701],[31.679619,64.438482],[31.650771,64.43701],[31.638408,64.434066],[31.625161,64.428179],[31.605144,64.426707],[31.528904,64.445841],[31.516246,64.444369],[31.506532,64.441425],[31.497113,64.441425],[31.485044,64.449079],[31.47533,64.452611],[31.353169,64.451728],[31.341394,64.454083],[31.330797,64.459676],[31.356112,64.466741],[31.367887,64.472334],[31.378484,64.480281],[31.339628,64.497355],[31.322261,64.50854],[31.309603,64.527968],[31.348165,64.507069],[31.369947,64.500887],[31.408804,64.50177],[31.429115,64.492939],[31.467971,64.46939],[31.480923,64.466152],[31.487693,64.469979],[31.493286,64.476455],[31.501528,64.480281],[31.545094,64.474689],[31.55628,64.476455],[31.571587,64.48087],[31.582184,64.476749],[31.591898,64.469979],[31.604556,64.465858],[31.619568,64.466741]]]]}},{"type":"Feature","properties":{"min_zoom":5},"geometry":{"type":"MultiPolygon","coordinates":[[[[35.012115,67.785696],[34.996219,67.79335],[34.982384,67.803947],[35.014764,67.82102],[35.120146,67.851045],[35.107489,67.867824],[35.11632,67.876066],[35.154293,67.88578],[35.170188,67.89726],[35.180785,67.911684],[35.179902,67.925519],[35.161652,67.93435],[35.150466,67.910801],[35.118675,67.915216],[35.082468,67.932584],[35.058036,67.947891],[35.068044,67.951129],[35.08865,67.954956],[35.099541,67.954661],[35.094537,67.961726],[35.088944,67.965553],[35.082174,67.967319],[35.072165,67.968496],[35.078052,67.976739],[35.086,67.97821],[35.093654,67.977916],[35.099541,67.981448],[35.1069,67.993812],[35.110727,68.002937],[35.147228,68.032079],[35.161652,68.036789],[35.177842,68.031196],[35.205512,68.010296],[35.222585,68.009413],[35.23171,68.017361],[35.25732,68.0571],[35.239658,68.06181],[35.227001,68.075645],[35.224351,68.092129],[35.236126,68.105081],[35.25526,68.104493],[35.275571,68.092718],[35.291761,68.075056],[35.298237,68.0571],[35.298237,68.05033],[35.303535,68.037378],[35.30589,68.019127],[35.304713,68.000876],[35.298237,67.988807],[35.276748,67.983803],[35.254082,67.988807],[35.231122,67.990868],[35.209339,67.975267],[35.219053,67.964081],[35.232299,67.960549],[35.247901,67.959371],[35.264091,67.954661],[35.243779,67.944653],[35.235243,67.938766],[35.238481,67.931112],[35.253788,67.916983],[35.276748,67.889312],[35.286757,67.872534],[35.287934,67.861937],[35.276159,67.857227],[35.243779,67.859582],[35.229944,67.858404],[35.220819,67.8534],[35.195798,67.831323],[35.157825,67.812483],[35.139575,67.800414],[35.126917,67.782753],[35.146051,67.77245],[35.148405,67.761558],[35.140163,67.749195],[35.099541,67.704157],[35.081879,67.698564],[35.058036,67.70769],[35.048616,67.717404],[35.039785,67.731533],[35.033309,67.746546],[35.03066,67.758909],[35.025361,67.775688],[35.012115,67.785696]]]]}},{"type":"Feature","properties":{"min_zoom":5},"geometry":{"type":"MultiPolygon","coordinates":[[[[11.792378,62.003796],[11.784136,62.005857],[11.76618,62.00674],[11.774128,61.99261],[11.796205,61.967001],[11.800915,61.951399],[11.795027,61.930794],[11.781192,61.920491],[11.765002,61.922552],[11.751756,61.937858],[11.759115,61.956992],[11.753228,61.977303],[11.739981,61.994965],[11.725852,62.00674],[11.758821,62.04383],[11.77766,62.055899],[11.793556,62.040297],[11.788551,62.029111],[11.789729,62.019397],[11.800915,61.999381],[11.792378,62.003796]]]]}},{"type":"Feature","properties":{"min_zoom":5},"geometry":{"type":"MultiPolygon","coordinates":[[[[11.95104,62.410607],[11.968997,62.390591],[11.969585,62.355267],[11.958105,62.317588],[11.933673,62.276083],[11.933084,62.25901],[11.9375,62.222214],[11.939855,62.214266],[11.943976,62.205435],[11.946036,62.196605],[11.941032,62.187479],[11.931907,62.180709],[11.903353,62.163636],[11.890107,62.151272],[11.882454,62.137732],[11.878038,62.121836],[11.874506,62.075327],[11.875978,62.068262],[11.882454,62.063552],[11.893345,62.058548],[11.901587,62.052366],[11.900115,62.04383],[11.895994,62.030289],[11.896877,62.011155],[11.900998,61.992905],[11.906886,61.982013],[11.914834,61.969944],[11.931024,61.924023],[11.896877,61.928144],[11.882159,61.947867],[11.869207,62.00674],[11.853606,62.03647],[11.833295,62.056782],[11.806802,62.070911],[11.735566,62.089162],[11.718493,62.096521],[11.711428,62.109178],[11.736743,62.155982],[11.738804,62.163636],[11.753228,62.163341],[11.787963,62.148918],[11.807096,62.150095],[11.818282,62.15716],[11.818282,62.164813],[11.812689,62.175116],[11.807096,62.191012],[11.828291,62.185713],[11.845952,62.18483],[11.857433,62.193072],[11.865675,62.232223],[11.875094,62.24959],[11.897172,62.280498],[11.910418,62.313173],[11.910418,62.347908],[11.894817,62.379699],[11.861554,62.403837],[11.902176,62.401776],[11.917483,62.404426],[11.910124,62.417672],[11.919838,62.420321],[11.929846,62.419438],[11.940443,62.415906],[11.95104,62.410607]]]]}},{"type":"Feature","properties":{"min_zoom":5},"geometry":{"type":"MultiPolygon","coordinates":[[[[-4.340101,57.389933],[-4.33804,57.385223],[-4.337451,57.379924],[-4.337746,57.374037],[-4.396619,57.341657],[-4.415605,57.31958],[-4.517602,57.235392],[-4.553662,57.223911],[-4.604587,57.181523],[-4.670819,57.142667],[-4.677,57.148554],[-4.679061,57.156796],[-4.660516,57.16445],[-4.495378,57.27101],[-4.461232,57.305745],[-4.450046,57.322818],[-4.442687,57.329588],[-4.430176,57.332237],[-4.410748,57.340185],[-4.343927,57.394348],[-4.340101,57.389933]]]]}},{"type":"Feature","properties":{"min_zoom":5.7},"geometry":{"type":"MultiPolygon","coordinates":[[[[18.89038,49.948408],[18.916579,49.946053],[18.941305,49.938694],[18.93218,49.924564],[18.923055,49.921326],[18.895973,49.924858],[18.890969,49.921915],[18.882727,49.915144],[18.871835,49.90808],[18.858295,49.904547],[18.858295,49.911318],[18.865359,49.911318],[18.865359,49.918088],[18.845343,49.925153],[18.805603,49.916028],[18.789708,49.918088],[18.80737,49.923681],[18.823854,49.931334],[18.820322,49.933984],[18.817672,49.938694],[18.827092,49.938694],[18.833274,49.94046],[18.838278,49.942815],[18.84446,49.944875],[18.89038,49.948408]]]]}},{"type":"Feature","properties":{"min_zoom":5.7},"geometry":{"type":"MultiPolygon","coordinates":[[[[-5.221574,39.816983],[-5.211271,39.809624],[-5.226284,39.798144],[-5.252777,39.787547],[-5.276767,39.782837],[-5.302966,39.785192],[-5.32784,39.791079],[-5.349328,39.799616],[-5.366254,39.810213],[-5.377587,39.801382],[-5.390539,39.795494],[-5.403344,39.793728],[-5.413941,39.796672],[-5.400253,39.80933],[-5.406729,39.815806],[-5.42027,39.815217],[-5.427629,39.806975],[-5.435135,39.795789],[-5.451472,39.798438],[-5.474874,39.810213],[-5.502839,39.817572],[-5.533453,39.820221],[-5.560682,39.814334],[-5.578491,39.796672],[-5.591443,39.798144],[-5.621468,39.786369],[-5.636627,39.782837],[-5.752901,39.796672],[-5.762615,39.793434],[-5.784987,39.779304],[-5.800735,39.776066],[-5.823549,39.777244],[-5.834587,39.77901],[-5.845332,39.782837],[-5.853721,39.798438],[-5.85902,39.803442],[-5.866526,39.804914],[-5.882863,39.803737],[-5.890075,39.806975],[-5.900378,39.813451],[-5.984566,39.844653],[-5.995605,39.851718],[-5.98854,39.857017],[-5.982211,39.8579],[-5.975735,39.855839],[-5.968229,39.851718],[-5.95719,39.852012],[-5.948801,39.850835],[-5.934671,39.844948],[-5.928195,39.840827],[-5.912152,39.827286],[-5.910533,39.824637],[-5.890811,39.821987],[-5.83915,39.803442],[-5.821341,39.800204],[-5.766442,39.803442],[-5.680929,39.796672],[-5.64222,39.798144],[-5.480909,39.855545],[-5.464866,39.858194],[-5.429542,39.856722],[-5.413352,39.860549],[-5.400253,39.871735],[-5.39937,39.877622],[-5.403344,39.881449],[-5.413941,39.885276],[-5.413941,39.892929],[-5.402902,39.894401],[-5.399076,39.894106],[-5.392894,39.892929],[-5.390539,39.89705],[-5.38789,39.899699],[-5.379206,39.90647],[-5.369492,39.899699],[-5.361986,39.891163],[-5.356246,39.881743],[-5.351977,39.871735],[-5.375085,39.860549],[-5.363605,39.844065],[-5.298109,39.802854],[-5.286334,39.797849],[-5.269408,39.796672],[-5.256162,39.800793],[-5.233643,39.815217],[-5.221574,39.816983]]]]}},{"type":"Feature","properties":{"min_zoom":5.7},"geometry":{"type":"MultiPolygon","coordinates":[[[[26.954191,61.139543],[26.954191,61.123353],[26.925638,61.12924],[26.905916,61.12247],[26.885899,61.11305],[26.86912,61.108635],[26.852341,61.112461],[26.838212,61.120998],[26.814663,61.142781],[26.787287,61.178399],[26.776984,61.183698],[26.769919,61.176633],[26.77198,61.160443],[26.778161,61.143075],[26.784049,61.132773],[26.793174,61.121292],[26.79965,61.108635],[26.798767,61.097155],[26.787287,61.088029],[26.771391,61.086852],[26.722821,61.091562],[26.711635,61.094211],[26.713107,61.123059],[26.711046,61.137188],[26.704865,61.146019],[26.670719,61.160443],[26.635689,61.169862],[26.635689,61.177516],[26.64452,61.176633],[26.670719,61.177516],[26.670719,61.183698],[26.633629,61.19194],[26.617144,61.199005],[26.601837,61.211073],[26.595361,61.222259],[26.593006,61.233151],[26.588297,61.241687],[26.574461,61.245808],[26.574461,61.252579],[26.597716,61.251696],[26.632746,61.243748],[26.649524,61.245808],[26.652174,61.249635],[26.654823,61.256406],[26.660121,61.262587],[26.670719,61.265531],[26.718994,61.265531],[26.718994,61.259349],[26.698094,61.231973],[26.747253,61.243454],[26.781988,61.276128],[26.784932,61.312629],[26.739011,61.334412],[26.70251,61.329997],[26.694562,61.331468],[26.688086,61.340299],[26.685731,61.348542],[26.68161,61.356784],[26.670719,61.365615],[26.601249,61.390341],[26.595067,61.395934],[26.589474,61.403882],[26.58653,61.406826],[26.581232,61.410358],[26.60272,61.426548],[26.624798,61.431552],[26.64246,61.440383],[26.649524,61.468642],[26.645698,61.476884],[26.638633,61.486893],[26.635395,61.495429],[26.642754,61.498962],[26.65394,61.495724],[26.663065,61.489836],[26.672485,61.486893],[26.683671,61.491602],[26.687497,61.49955],[26.69103,61.533697],[26.703982,61.55754],[26.707514,61.569609],[26.701332,61.574613],[26.681021,61.581089],[26.65865,61.596102],[26.643048,61.613764],[26.643343,61.628776],[26.635395,61.630542],[26.615378,61.642317],[26.625681,61.654091],[26.61214,61.679407],[26.615378,61.697657],[26.66542,61.648793],[26.692796,61.629071],[26.72547,61.622595],[26.707514,61.619357],[26.672485,61.618768],[26.656883,61.61553],[26.706925,61.597574],[26.718994,61.589037],[26.728414,61.574319],[26.729886,61.561956],[26.72547,61.536935],[26.727531,61.520745],[26.729886,61.510442],[26.727825,61.501316],[26.690147,61.464815],[26.68161,61.450097],[26.683671,61.436851],[26.691324,61.432141],[26.700449,61.432141],[26.726648,61.439794],[26.744015,61.449214],[26.745781,61.451275],[26.76727,61.449214],[26.80436,61.434201],[26.985983,61.402705],[26.963905,61.403293],[26.944183,61.400938],[26.93182,61.391519],[26.931525,61.369147],[26.903561,61.387692],[26.900028,61.396229],[26.911508,61.410358],[26.655706,61.427137],[26.623032,61.416245],[26.661593,61.395051],[26.677489,61.389164],[26.722232,61.382982],[26.735773,61.358256],[26.757556,61.343243],[26.809953,61.320283],[26.829086,61.300855],[26.808775,61.282898],[26.784637,61.252873],[26.770508,61.222848],[26.780516,61.204303],[26.796118,61.225792],[26.817018,61.234623],[26.82997,61.230207],[26.821433,61.211073],[26.829086,61.211073],[26.816429,61.192529],[26.818489,61.177222],[26.832324,61.166919],[26.854991,61.163092],[26.848809,61.158677],[26.84616,61.157205],[26.842038,61.155733],[26.881189,61.142781],[26.904149,61.140132],[26.921222,61.146019],[26.942711,61.153967],[26.954191,61.139543]]]]}},{"type":"Feature","properties":{"min_zoom":5.7},"geometry":{"type":"MultiPolygon","coordinates":[[[[11.802092,62.608714],[11.743219,62.620195],[11.682286,62.643744],[11.643136,62.664055],[11.597803,62.679067],[11.503018,62.678479],[11.463868,62.698201],[11.745574,62.692019],[11.823875,62.680834],[11.841831,62.670825],[11.805625,62.669648],[11.701714,62.681128],[11.683758,62.664055],[11.705835,62.641683],[11.750873,62.629614],[11.835061,62.623138],[11.802092,62.608714]]]]}},{"type":"Feature","properties":{"min_zoom":5.7},"geometry":{"type":"MultiPolygon","coordinates":[[[[11.21984,59.476974],[11.222489,59.474325],[11.224844,59.470498],[11.213658,59.447832],[11.194525,59.418102],[11.172742,59.392198],[11.152725,59.381306],[11.127115,59.376302],[11.096796,59.364822],[11.067654,59.34922],[11.046165,59.333913],[11.07148,59.332147],[11.073541,59.318018],[11.056762,59.306538],[11.026148,59.313014],[11.01143,59.329498],[11.018495,59.345099],[11.038806,59.356874],[11.086199,59.367471],[11.117107,59.382484],[11.144188,59.399262],[11.155963,59.412214],[11.162733,59.430759],[11.179512,59.454014],[11.199823,59.474619],[11.218074,59.484922],[11.218074,59.479918],[11.21984,59.476974]]]]}},{"type":"Feature","properties":{"min_zoom":5.7},"geometry":{"type":"MultiPolygon","coordinates":[[[[11.231909,59.744846],[11.229848,59.737192],[11.247216,59.670077],[11.24545,59.642996],[11.216013,59.651827],[11.205416,59.676848],[11.199529,59.74985],[11.188343,59.761036],[11.190698,59.779875],[11.190992,59.795771],[11.186282,59.809606],[11.174508,59.822558],[11.123877,59.845518],[11.112986,59.856704],[11.109748,59.874072],[11.110925,59.887024],[11.107982,59.898209],[11.092675,59.912045],[11.059411,59.932944],[11.050875,59.947663],[11.058528,59.966502],[11.063533,59.962675],[11.073541,59.957377],[11.078839,59.95355],[11.096796,59.946485],[11.11122,59.935594],[11.136829,59.908512],[11.145955,59.902331],[11.166854,59.89556],[11.178335,59.887907],[11.189226,59.872894],[11.195702,59.866418],[11.20571,59.863474],[11.210715,59.855821],[11.226316,59.818731],[11.231909,59.794888],[11.241328,59.778992],[11.243389,59.771044],[11.241328,59.760741],[11.231909,59.744846]]]]}},{"type":"Feature","properties":{"min_zoom":5.7},"geometry":{"type":"MultiPolygon","coordinates":[[[[16.402415,60.155778],[16.426847,60.157839],[16.433912,60.156367],[16.433029,60.149596],[16.417722,60.144298],[16.381515,60.144298],[16.368268,60.138705],[16.35826,60.131346],[16.345897,60.126342],[16.331767,60.123104],[16.317049,60.121632],[16.321759,60.138705],[16.329412,60.149302],[16.34207,60.154306],[16.402415,60.155778]]]]}},{"type":"Feature","properties":{"min_zoom":5.7},"geometry":{"type":"MultiPolygon","coordinates":[[[[17.298753,60.384793],[17.261664,60.375668],[17.245768,60.36772],[17.23105,60.358006],[17.224868,60.351236],[17.215448,60.336812],[17.21015,60.33063],[17.199847,60.327687],[17.171588,60.333574],[17.158636,60.333868],[17.155398,60.33063],[17.149805,60.323566],[17.142741,60.316501],[17.135087,60.313557],[17.116836,60.318267],[17.106828,60.330042],[17.108594,60.343877],[17.12449,60.355063],[17.082101,60.351236],[17.059435,60.345643],[17.049427,60.337695],[17.045306,60.324449],[17.0247,60.289419],[17.015281,60.278822],[16.997913,60.27058],[16.98084,60.271463],[16.962884,60.275879],[16.94375,60.278822],[16.85809,60.272641],[16.866333,60.260572],[16.871042,60.255862],[16.878696,60.251446],[16.868982,60.24497],[16.837191,60.232313],[16.848965,60.221716],[16.849259,60.208764],[16.840429,60.198755],[16.823944,60.196695],[16.83042,60.190513],[16.827477,60.182271],[16.833364,60.176089],[16.84455,60.171968],[16.85809,60.170202],[16.85809,60.162548],[16.816291,60.167258],[16.806282,60.161665],[16.816585,60.142237],[16.806577,60.144592],[16.797746,60.148125],[16.791564,60.154601],[16.789209,60.166375],[16.780967,60.171674],[16.662044,60.184626],[16.630547,60.180505],[16.60376,60.162548],[16.583154,60.171085],[16.564609,60.167847],[16.546948,60.160488],[16.528697,60.155778],[16.508386,60.157544],[16.495728,60.165198],[16.487486,60.176678],[16.480716,60.190513],[16.505737,60.179916],[16.516039,60.177267],[16.531641,60.176384],[16.544298,60.17815],[16.553129,60.182565],[16.560488,60.187569],[16.569614,60.190513],[16.579622,60.189336],[16.589336,60.185509],[16.598461,60.183154],[16.621422,60.193457],[16.645559,60.19905],[16.686182,60.204348],[16.746526,60.191985],[16.768898,60.196695],[16.764483,60.206997],[16.761539,60.211119],[16.772136,60.222304],[16.799218,60.227309],[16.809815,60.2382],[16.81217,60.251446],[16.806871,60.260572],[16.79804,60.26852],[16.789209,60.278822],[16.838662,60.277056],[16.885761,60.283238],[16.929032,60.297956],[17.042068,60.368015],[17.066795,60.374491],[17.121841,60.380084],[17.145684,60.38862],[17.140091,60.391858],[17.137442,60.394802],[17.135381,60.39804],[17.131849,60.402161],[17.206912,60.40952],[17.224868,60.413641],[17.234288,60.423355],[17.24253,60.434541],[17.255482,60.443666],[17.273144,60.446315],[17.313177,60.443372],[17.347912,60.452497],[17.384119,60.457501],[17.399426,60.46486],[17.385002,60.475752],[17.36999,60.482817],[17.337315,60.492236],[17.352328,60.508132],[17.380292,60.517257],[17.407668,60.517257],[17.420032,60.505777],[17.41856,60.50195],[17.418265,60.498418],[17.416794,60.49518],[17.412378,60.492236],[17.423858,60.463389],[17.392361,60.436307],[17.345557,60.416585],[17.309939,60.40952],[17.311411,60.39333],[17.298753,60.384793]]]]}},{"type":"Feature","properties":{"min_zoom":5.7},"geometry":{"type":"MultiPolygon","coordinates":[[[[30.02853,60.67327],[29.99615,60.654137],[29.845436,60.664439],[29.799221,60.659729],[29.767724,60.649132],[29.723275,60.651193],[29.678531,60.660907],[29.644679,60.67327],[29.631433,60.681512],[29.603468,60.711243],[29.596404,60.716836],[29.596404,60.71713],[29.596992,60.717719],[29.597287,60.718014],[29.639381,60.722135],[29.658809,60.720074],[29.67912,60.711243],[29.695016,60.69888],[29.706201,60.688283],[29.718859,60.680335],[29.741231,60.676508],[29.830129,60.684162],[29.877816,60.676214],[29.902248,60.675919],[29.925503,60.684162],[29.904897,60.700057],[29.881348,60.709183],[29.786268,60.725667],[29.775377,60.73126],[29.766252,60.743035],[29.767724,60.749805],[29.773316,60.756281],[29.775377,60.766584],[29.775083,60.788367],[29.771845,60.796609],[29.761542,60.800141],[29.748884,60.801907],[29.73711,60.807206],[29.730045,60.816037],[29.730634,60.827811],[29.731811,60.833699],[29.728867,60.840763],[29.730634,60.844296],[29.736521,60.847239],[29.749767,60.846062],[29.754772,60.847828],[29.76007,60.851361],[29.77155,60.857248],[29.774788,60.860191],[29.795688,60.841058],[29.786268,60.833699],[29.78303,60.82634],[29.785091,60.818392],[29.79245,60.809855],[29.797454,60.801024],[29.797749,60.791016],[29.795983,60.781007],[29.795688,60.772765],[29.805697,60.748627],[29.821592,60.739796],[29.871045,60.73126],[29.905192,60.713598],[29.929624,60.7083],[29.950229,60.69417],[29.959649,60.690049],[29.987908,60.692404],[30.04472,60.71036],[30.076512,60.711243],[30.268143,60.679452],[30.40355,60.64089],[30.425922,60.628821],[30.464778,60.588788],[30.480379,60.580251],[30.47773,60.574069],[30.459774,60.577896],[30.442112,60.585255],[30.42651,60.594969],[30.415325,60.604978],[30.37794,60.627349],[30.283744,60.646189],[30.244593,60.666205],[30.201616,60.679452],[30.12832,60.686811],[30.059438,60.685928],[30.02853,60.67327]]]]}},{"type":"Feature","properties":{"min_zoom":5.7},"geometry":{"type":"MultiPolygon","coordinates":[[[[28.461041,59.320373],[28.47988,59.316252],[28.493127,59.306538],[28.486945,59.301533],[28.470461,59.299473],[28.332404,59.299473],[28.304734,59.296529],[28.291193,59.28446],[28.301201,59.258262],[28.273531,59.262089],[28.259402,59.266798],[28.253514,59.275041],[28.255869,59.285932],[28.259402,59.294174],[28.258224,59.30065],[28.24645,59.306832],[28.225256,59.3033],[28.186694,59.267387],[28.164028,59.258262],[28.157257,59.249431],[28.150781,59.228825],[28.144305,59.186437],[28.134003,59.169364],[28.111042,59.156412],[28.085727,59.149053],[28.069243,59.148464],[28.080134,59.153763],[28.091025,59.163182],[28.099856,59.174368],[28.103389,59.186437],[28.103389,59.216757],[28.106332,59.223233],[28.114869,59.235007],[28.11693,59.241189],[28.1028,59.274158],[28.069831,59.26827],[28.03333,59.247959],[28.007132,59.237951],[27.998301,59.243544],[27.975929,59.266798],[27.966215,59.275041],[27.946493,59.278573],[27.93619,59.267093],[27.927948,59.25208],[27.914407,59.244721],[27.897923,59.23118],[27.886442,59.201744],[27.870841,59.172896],[27.841993,59.161416],[27.872902,59.236773],[27.890269,59.258262],[27.881733,59.275924],[27.903221,59.290642],[27.95915,59.306832],[28.076013,59.305654],[28.096324,59.319784],[28.072481,59.319195],[28.000067,59.333913],[28.031858,59.342156],[28.113103,59.345688],[28.156963,59.364233],[28.17698,59.358346],[28.224372,59.332147],[28.274709,59.314191],[28.320041,59.310953],[28.329166,59.313014],[28.334465,59.317135],[28.343884,59.330087],[28.348888,59.333913],[28.363018,59.337446],[28.379502,59.339506],[28.395692,59.33774],[28.424834,59.318901],[28.442496,59.318312],[28.461041,59.320373]]]]}},{"type":"Feature","properties":{"min_zoom":5.7},"geometry":{"type":"MultiPolygon","coordinates":[[[[30.480379,46.156115],[30.480379,46.156115],[30.480379,46.156115],[30.480379,46.156115],[30.491271,46.149344],[30.497747,46.146401],[30.500985,46.143163],[30.501573,46.135803],[30.498041,46.124912],[30.490682,46.11667],[30.483617,46.110194],[30.480379,46.104601],[30.475375,46.099597],[30.451531,46.083701],[30.442995,46.080463],[30.43122,46.083701],[30.422978,46.091354],[30.366755,46.175248],[30.341145,46.201741],[30.302878,46.223818],[30.23223,46.243246],[30.210153,46.245601],[30.192197,46.252372],[30.125376,46.305063],[30.11419,46.320075],[30.110658,46.327434],[30.108892,46.338326],[30.111541,46.344802],[30.115368,46.350395],[30.117428,46.357754],[30.128614,46.373944],[30.206915,46.396316],[30.218101,46.396316],[30.227815,46.393372],[30.235468,46.388368],[30.240767,46.382186],[30.233996,46.362758],[30.243122,46.341858],[30.2599,46.324196],[30.274913,46.313305],[30.294635,46.310361],[30.301406,46.325963],[30.303761,46.350395],[30.309354,46.374827],[30.320539,46.361286],[30.327015,46.343036],[30.329665,46.322725],[30.330253,46.302708],[30.339379,46.289756],[30.398546,46.265912],[30.407671,46.259142],[30.412675,46.254432],[30.415325,46.248251],[30.418563,46.238242],[30.419151,46.229411],[30.416796,46.222346],[30.413853,46.215282],[30.412381,46.207628],[30.421212,46.194676],[30.480379,46.156115]]]]}},{"type":"Feature","properties":{"min_zoom":5.7},"geometry":{"type":"MultiPolygon","coordinates":[[[[13.314829,61.622889],[13.335141,61.608759],[13.383416,61.564016],[13.397251,61.554302],[13.424922,61.543999],[13.513231,61.526926],[13.565333,61.509264],[13.593003,61.505143],[13.616847,61.513385],[13.613903,61.517212],[13.609488,61.526926],[13.67778,61.485421],[13.715165,61.44421],[13.72635,61.420661],[13.711927,61.410358],[13.698975,61.4186],[13.680135,61.458928],[13.67101,61.472174],[13.644223,61.482183],[13.582112,61.490425],[13.53884,61.511914],[13.475847,61.52516],[13.424038,61.52987],[13.397546,61.537523],[13.330725,61.570786],[13.323955,61.576968],[13.317773,61.598457],[13.309236,61.606993],[13.282449,61.623772],[13.245948,61.636135],[13.236529,61.642317],[13.211802,61.663511],[13.221516,61.662628],[13.230347,61.659979],[13.238589,61.655858],[13.245948,61.64997],[13.314829,61.622889]]]]}},{"type":"Feature","properties":{"min_zoom":5.7},"geometry":{"type":"MultiPolygon","coordinates":[[[[15.067179,60.892277],[15.08278,60.88845],[15.096615,60.881974],[15.08543,60.867845],[15.05511,60.850772],[15.048928,60.83782],[15.037154,60.834876],[15.010955,60.837231],[14.985051,60.834876],[14.973277,60.81692],[14.965918,60.782185],[14.964152,60.76364],[14.977692,60.731554],[14.967978,60.725373],[14.952966,60.729199],[14.945312,60.741563],[14.930594,60.750099],[14.878197,60.753337],[14.88379,60.766584],[14.893799,60.768644],[14.921174,60.764523],[14.931772,60.766584],[14.938836,60.774531],[14.938248,60.780713],[14.934715,60.7866],[14.931772,60.792782],[14.924412,60.813388],[14.912344,60.822513],[14.894387,60.82369],[14.796658,60.813682],[14.774581,60.806912],[14.801368,60.779536],[14.776347,60.780713],[14.743379,60.794548],[14.726894,60.792782],[14.726305,60.789838],[14.731015,60.780419],[14.730132,60.776298],[14.722479,60.771882],[14.715708,60.773648],[14.709527,60.777475],[14.702756,60.779536],[14.693337,60.783951],[14.69157,60.793959],[14.694514,60.805145],[14.699518,60.813093],[14.65713,60.845179],[14.507004,60.90258],[14.484044,60.920536],[14.479628,60.922891],[14.477862,60.934077],[14.479628,60.944674],[14.485516,60.948795],[14.496701,60.940847],[14.513186,60.93702],[14.530553,60.950267],[14.561756,60.985591],[14.553808,60.986474],[14.541445,60.9903],[14.53438,60.991772],[14.564994,61.002369],[14.595608,60.995305],[14.621217,60.976171],[14.637407,60.950856],[14.652714,60.938787],[14.668316,60.935254],[14.702756,60.937315],[14.718063,60.934077],[14.743967,60.919947],[14.782529,60.912294],[14.860241,60.886979],[14.87702,60.871966],[14.891149,60.85607],[14.922646,60.86078],[14.973277,60.881974],[14.977104,60.885507],[14.979753,60.890217],[14.983874,60.894043],[14.993588,60.895809],[15.067179,60.892277]]]]}},{"type":"Feature","properties":{"min_zoom":5.7},"geometry":{"type":"MultiPolygon","coordinates":[[[[20.786674,67.877243],[20.807574,67.864586],[20.81876,67.844863],[20.779021,67.831617],[20.738398,67.834855],[20.696893,67.842803],[20.654505,67.844863],[20.684235,67.826024],[20.784319,67.817488],[20.811401,67.789523],[20.798154,67.788934],[20.785791,67.790995],[20.774311,67.796293],[20.763714,67.803947],[20.724858,67.805713],[20.634782,67.821609],[20.599164,67.834561],[20.578559,67.839565],[20.533521,67.840154],[20.462579,67.872239],[20.399291,67.919926],[20.376625,67.926697],[20.372798,67.93229],[20.373387,67.944064],[20.371621,67.955544],[20.362201,67.961137],[20.340712,67.962315],[20.32099,67.966436],[20.284489,67.981448],[20.275069,67.997933],[20.270065,68.002643],[20.259468,68.004703],[20.222378,68.002643],[20.207954,68.006175],[20.175574,68.018833],[20.1638,68.026486],[20.077256,68.106848],[20.053413,68.141288],[20.040461,68.156006],[20.026626,68.16366],[20.006903,68.168958],[19.972463,68.173374],[19.930958,68.191036],[19.495593,68.249614],[19.501186,68.277579],[19.474987,68.284349],[19.410522,68.27699],[19.335165,68.27699],[19.316031,68.279639],[19.17974,68.313197],[19.112625,68.341161],[19.07112,68.352642],[18.796773,68.339984],[18.727891,68.351758],[18.591895,68.440656],[18.569523,68.471565],[18.564519,68.474803],[18.573939,68.483045],[18.591601,68.477158],[18.622509,68.461262],[18.707286,68.439185],[18.755562,68.437418],[18.790885,68.421817],[18.830919,68.421523],[18.85123,68.416813],[18.870069,68.410043],[19.112037,68.372364],[19.220363,68.336746],[19.477637,68.319673],[19.562414,68.301128],[19.783775,68.296712],[19.799082,68.300833],[19.816156,68.308193],[19.833229,68.312608],[19.848536,68.307309],[19.859133,68.300539],[19.887392,68.289942],[19.900049,68.283172],[19.880916,68.27699],[19.859721,68.275518],[19.828813,68.277284],[19.833523,68.278756],[19.838233,68.283172],[19.809091,68.292297],[19.564474,68.269337],[19.596854,68.258445],[19.629823,68.257268],[19.69841,68.262566],[19.710773,68.260506],[19.728141,68.251675],[19.792606,68.246376],[19.842943,68.235779],[19.971874,68.234013],[20.051058,68.220178],[20.085793,68.208109],[20.070192,68.203693],[20.029569,68.204576],[20.010141,68.201044],[20.030747,68.182205],[20.076079,68.155712],[20.091975,68.139816],[20.09433,68.12863],[20.093741,68.117445],[20.09639,68.108614],[20.122294,68.101255],[20.13348,68.092718],[20.184699,68.040321],[20.206188,68.023542],[20.226205,68.016183],[20.257407,68.015595],[20.273303,68.017361],[20.29067,68.022954],[20.296558,68.028547],[20.298618,68.040616],[20.305094,68.04297],[20.311276,68.041499],[20.332176,68.029724],[20.316869,68.001171],[20.315103,67.988219],[20.325405,67.97821],[20.368383,67.963198],[20.413715,67.954661],[20.409005,67.968496],[20.410477,67.982331],[20.421074,68.009413],[20.43432,67.986453],[20.441974,67.967025],[20.442268,67.946713],[20.434615,67.919926],[20.453748,67.911684],[20.511444,67.877832],[20.539997,67.853694],[20.578264,67.847513],[20.61977,67.847513],[20.647734,67.851045],[20.659803,67.856049],[20.672461,67.866941],[20.681586,67.872239],[20.694244,67.876949],[20.722797,67.884603],[20.736338,67.88578],[20.761359,67.88372],[20.786674,67.877243]]]]}},{"type":"Feature","properties":{"min_zoom":5.7},"geometry":{"type":"MultiPolygon","coordinates":[[[[16.351195,67.382417],[16.345014,67.38801],[16.302625,67.392426],[16.338243,67.409499],[16.395056,67.412737],[16.500732,67.405967],[16.484837,67.422745],[16.456283,67.4251],[16.398882,67.42039],[16.402709,67.43452],[16.391229,67.443056],[16.357377,67.453948],[16.370918,67.45277],[16.384164,67.453948],[16.395644,67.458363],[16.405653,67.467489],[16.380926,67.47367],[16.371506,67.478969],[16.364736,67.488683],[16.398294,67.496631],[16.621716,67.486622],[16.848082,67.511349],[16.906072,67.529599],[16.890176,67.535192],[16.854558,67.542257],[16.826299,67.544906],[16.816879,67.547556],[16.807165,67.549027],[16.796274,67.546378],[16.770076,67.536959],[16.761833,67.535781],[16.727393,67.537547],[16.696779,67.542551],[16.667637,67.551382],[16.638495,67.563746],[16.638495,67.570516],[16.741228,67.577286],[16.896358,67.560508],[16.951993,67.546084],[16.981135,67.54314],[17.033531,67.549322],[17.083573,67.563746],[17.046778,67.572282],[17.035886,67.577286],[17.069149,67.586117],[17.107122,67.584646],[17.17983,67.570516],[17.17983,67.563746],[16.907544,67.517825],[16.840723,67.470432],[16.786854,67.463368],[16.686182,67.461307],[16.531052,67.438052],[16.480716,67.446883],[16.491313,67.438641],[16.522221,67.428044],[16.528697,67.416564],[16.539294,67.40685],[16.563726,67.404495],[16.61053,67.405967],[16.782439,67.379474],[16.760067,67.365344],[16.672641,67.378002],[16.638495,67.37182],[16.629664,67.361812],[16.635845,67.357985],[16.649681,67.35563],[16.665282,67.351509],[16.686476,67.336202],[16.706787,67.316774],[16.69148,67.31177],[16.670286,67.311476],[16.648209,67.314714],[16.631724,67.320307],[16.612885,67.324428],[16.571085,67.319423],[16.549008,67.324133],[16.511035,67.350037],[16.396822,67.34886],[16.351195,67.357691],[16.377688,67.357691],[16.377688,67.36505],[16.371212,67.367994],[16.354433,67.378296],[16.351195,67.382417]]]]}},{"type":"Feature","properties":{"min_zoom":5.7},"geometry":{"type":"MultiPolygon","coordinates":[[[[15.007423,65.21001],[14.997415,65.222079],[14.931772,65.254165],[14.979753,65.264467],[14.996826,65.275653],[14.993588,65.29567],[15.003891,65.296553],[15.013016,65.294493],[15.020964,65.289783],[15.027734,65.282129],[15.03421,65.27006],[15.037743,65.24239],[15.041569,65.226789],[15.049223,65.211188],[15.05982,65.19853],[15.073361,65.187638],[15.089256,65.178513],[15.089256,65.172332],[15.067768,65.174098],[15.040686,65.181751],[15.017432,65.194114],[15.007423,65.21001]]]]}},{"type":"Feature","properties":{"min_zoom":5.7},"geometry":{"type":"MultiPolygon","coordinates":[[[[15.418061,64.958623],[15.317094,64.974224],[15.144597,65.021323],[15.121931,65.023972],[15.05511,65.041928],[14.96268,65.049287],[14.942663,65.046344],[14.905573,65.035158],[14.88379,65.035158],[14.836986,65.044577],[14.813143,65.05282],[14.801368,65.062239],[14.83522,65.067244],[14.931772,65.055469],[15.027734,65.070776],[15.062469,65.069304],[15.135177,65.035158],[15.159021,65.035158],[15.169618,65.045461],[15.171678,65.061651],[15.164908,65.078429],[15.151367,65.090204],[15.162553,65.091381],[15.173739,65.090793],[15.183747,65.088143],[15.192873,65.082845],[15.197877,65.07372],[15.202292,65.047521],[15.206708,65.035158],[15.223192,65.021028],[15.266758,65.013669],[15.32357,64.98541],[15.374495,64.980995],[15.472813,64.986588],[15.418061,64.958623]]]]}},{"type":"Feature","properties":{"min_zoom":5.7},"geometry":{"type":"MultiPolygon","coordinates":[[[[15.884334,64.912114],[15.887277,64.919473],[15.889044,64.921828],[15.888161,64.924477],[15.884334,64.932719],[15.894342,64.938312],[15.904939,64.93949],[15.915536,64.937135],[15.92525,64.932719],[15.930255,64.912408],[15.933787,64.903577],[15.939086,64.898573],[15.954393,64.89975],[15.969994,64.907404],[15.982357,64.910936],[15.987361,64.901517],[15.986184,64.891508],[15.98118,64.870314],[15.980002,64.8606],[15.986773,64.855007],[16.027984,64.835873],[16.204308,64.790247],[16.357377,64.709885],[16.361498,64.702821],[16.370035,64.701055],[16.376216,64.703704],[16.374744,64.709885],[16.369446,64.714007],[16.358849,64.719305],[16.344131,64.729019],[16.315577,64.74256],[16.30969,64.747564],[16.323819,64.761105],[16.354433,64.754923],[16.385047,64.739028],[16.398882,64.722838],[16.409774,64.701938],[16.435678,64.690163],[16.542238,64.665731],[16.551363,64.659255],[16.569908,64.641299],[16.580211,64.637766],[16.628192,64.643948],[16.632607,64.639238],[16.631724,64.628935],[16.628192,64.617455],[16.624954,64.61039],[16.64085,64.600676],[16.675879,64.592434],[16.693246,64.586253],[16.725332,64.569768],[16.734163,64.562115],[16.746232,64.546808],[16.760656,64.523847],[16.77037,64.499415],[16.768898,64.480281],[16.757712,64.489112],[16.734163,64.521198],[16.689714,64.565941],[16.674996,64.57595],[16.617301,64.59685],[16.570497,64.627169],[16.50868,64.637766],[16.391523,64.685748],[16.347369,64.694284],[16.332062,64.691341],[16.340304,64.675445],[16.355022,64.664259],[16.373861,64.654839],[16.393878,64.647775],[16.412717,64.643948],[16.390051,64.637178],[16.367974,64.643065],[16.347369,64.653073],[16.312928,64.664259],[16.300565,64.678389],[16.281725,64.706647],[16.268479,64.714595],[16.236982,64.727547],[16.215788,64.741677],[16.196949,64.746387],[16.189589,64.750802],[16.158681,64.774351],[16.120414,64.791424],[16.028867,64.806437],[15.987361,64.822627],[15.974704,64.833518],[15.949683,64.867076],[15.930549,64.878556],[15.912593,64.884149],[15.896403,64.892391],[15.884334,64.912114]]]]}},{"type":"Feature","properties":{"min_zoom":5.7},"geometry":{"type":"MultiPolygon","coordinates":[[[[31.427054,49.770612],[31.430881,49.796221],[31.443244,49.843614],[31.440595,49.869812],[31.425582,49.925742],[31.427937,49.948702],[31.440595,49.97961],[31.440595,50.014345],[31.467382,50.004042],[31.4821,50.000804],[31.488576,50.003748],[31.494169,50.01464],[31.50771,50.02141],[31.523311,50.021704],[31.536263,50.014345],[31.526549,49.998155],[31.541562,49.983437],[31.563933,49.966953],[31.576591,49.944875],[31.581007,49.8548],[31.590721,49.828896],[31.579829,49.823892],[31.570115,49.826246],[31.560107,49.830073],[31.549215,49.828896],[31.542151,49.820359],[31.526549,49.793572],[31.518601,49.787685],[31.472681,49.760898],[31.441184,49.752655],[31.427054,49.770612]]]]}},{"type":"Feature","properties":{"min_zoom":5.7},"geometry":{"type":"MultiPolygon","coordinates":[[[[20.81876,41.11248],[20.80728,41.093935],[20.805808,41.071563],[20.811401,41.020049],[20.805513,40.999444],[20.793739,40.976778],[20.786085,40.955878],[20.791384,40.94116],[20.791384,40.934389],[20.780198,40.929091],[20.75135,40.924087],[20.728684,40.909368],[20.713672,40.90613],[20.678348,40.906425],[20.659509,40.910251],[20.650678,40.920554],[20.648323,40.935861],[20.647734,40.9547],[20.644791,40.972951],[20.63331,41.016223],[20.635665,41.033884],[20.650678,41.053901],[20.654505,41.067736],[20.651267,41.070974],[20.643907,41.070974],[20.636548,41.07274],[20.63331,41.081571],[20.650089,41.165171],[20.654505,41.17459],[20.669223,41.179595],[20.722503,41.17459],[20.748995,41.16311],[20.759593,41.153396],[20.763714,41.136617],[20.77019,41.12867],[20.786085,41.120427],[20.804336,41.114246],[20.81876,41.11248]]]]}},{"type":"Feature","properties":{"min_zoom":5.7},"geometry":{"type":"MultiPolygon","coordinates":[[[[8.846088,46.169067],[8.847854,46.1673],[8.849031,46.164945],[8.841672,46.154348],[8.78015,46.117553],[8.753363,46.099597],[8.74777,46.094298],[8.746004,46.092532],[8.744826,46.090177],[8.741883,46.083407],[8.741883,46.063979],[8.743943,46.053381],[8.752774,46.028949],[8.753069,46.027183],[8.753363,46.017469],[8.753069,46.015997],[8.752774,46.015703],[8.752185,46.014231],[8.750419,46.010699],[8.746004,46.003928],[8.738056,45.994509],[8.732463,45.989799],[8.7201,45.981557],[8.648569,45.945055],[8.618838,45.922684],[8.616778,45.920329],[8.607947,45.908554],[8.607947,45.90826],[8.607947,45.90826],[8.607947,45.907671],[8.607358,45.907082],[8.606475,45.905905],[8.606181,45.905316],[8.604415,45.88265],[8.621488,45.847032],[8.621488,45.827015],[8.61825,45.819656],[8.613246,45.814063],[8.607358,45.809942],[8.580277,45.798462],[8.574978,45.794341],[8.574978,45.794341],[8.574978,45.794047],[8.574978,45.794047],[8.572918,45.791103],[8.571151,45.787865],[8.570268,45.783744],[8.570268,45.779034],[8.570563,45.778445],[8.572035,45.776385],[8.572035,45.775502],[8.572623,45.774324],[8.576744,45.768143],[8.577039,45.767554],[8.577627,45.766671],[8.620605,45.72546],[8.618544,45.723988],[8.616484,45.723399],[8.614423,45.723105],[8.612068,45.722222],[8.594112,45.729875],[8.578805,45.741944],[8.566147,45.756957],[8.555845,45.773441],[8.54878,45.791103],[8.552018,45.800523],[8.559966,45.807587],[8.56703,45.818479],[8.574389,45.852036],[8.566442,45.869993],[8.52111,45.897663],[8.51375,45.905022],[8.4955,45.929749],[8.492851,45.937696],[8.494322,45.939757],[8.496383,45.941229],[8.498738,45.942406],[8.501387,45.942701],[8.503742,45.942995],[8.514634,45.941229],[8.540538,45.932987],[8.56026,45.932103],[8.591463,45.942995],[8.6156,45.955064],[8.627081,45.9636],[8.6783,46.010404],[8.68772,46.01482],[8.696551,46.020413],[8.713624,46.038663],[8.713918,46.05191],[8.706853,46.064567],[8.700377,46.081052],[8.700083,46.088705],[8.700377,46.091649],[8.700377,46.091943],[8.71068,46.110488],[8.733346,46.130505],[8.763371,46.149344],[8.795163,46.164357],[8.831369,46.171716],[8.841083,46.171421],[8.843733,46.170244],[8.846088,46.169067]]]]}},{"type":"Feature","properties":{"min_zoom":5.7},"geometry":{"type":"MultiPolygon","coordinates":[[[[10.855123,45.895602],[10.86778,45.879707],[10.869841,45.860279],[10.862776,45.837613],[10.848058,45.813475],[10.784475,45.743416],[10.776233,45.731641],[10.762398,45.721044],[10.72001,45.670414],[10.710884,45.652163],[10.692045,45.597411],[10.68969,45.575923],[10.710884,45.580927],[10.712945,45.565326],[10.725308,45.52853],[10.731195,45.518227],[10.718243,45.482315],[10.712356,45.474073],[10.705586,45.458766],[10.704114,45.453762],[10.700876,45.449346],[10.693222,45.451112],[10.679976,45.457294],[10.655838,45.459355],[10.630523,45.467008],[10.611978,45.481432],[10.608446,45.504392],[10.602558,45.481138],[10.58313,45.472012],[10.559287,45.474367],[10.538976,45.484081],[10.546629,45.490852],[10.538387,45.494678],[10.530439,45.497033],[10.521314,45.498211],[10.5116,45.498211],[10.5116,45.504392],[10.51631,45.504687],[10.519253,45.506453],[10.521608,45.509102],[10.567529,45.540599],[10.573711,45.549136],[10.567529,45.561499],[10.557521,45.57239],[10.55546,45.581221],[10.573711,45.587109],[10.567823,45.598589],[10.556932,45.605654],[10.542214,45.608597],[10.525435,45.608009],[10.591078,45.635384],[10.602853,45.642155],[10.628168,45.66276],[10.714417,45.717218],[10.729429,45.73017],[10.763576,45.786982],[10.783004,45.799934],[10.787713,45.80641],[10.82392,45.843794],[10.831574,45.856746],[10.835695,45.870876],[10.841876,45.884711],[10.855123,45.895602]]]]}},{"type":"Feature","properties":{"min_zoom":5.7},"geometry":{"type":"MultiPolygon","coordinates":[[[[29.154563,69.228964],[29.144849,69.235145],[29.142789,69.242504],[29.145732,69.249275],[29.151325,69.254573],[29.158095,69.256339],[29.176935,69.258989],[29.196952,69.266053],[29.215496,69.275767],[29.230215,69.286953],[29.251115,69.31168],[29.262595,69.320511],[29.281434,69.325221],[29.29939,69.324632],[29.314697,69.319039],[29.325,69.307853],[29.329121,69.290486],[29.321468,69.286953],[29.315286,69.282832],[29.311165,69.277534],[29.309104,69.26988],[29.330004,69.26782],[29.338835,69.259283],[29.337069,69.246625],[29.325589,69.232202],[29.314697,69.231318],[29.302334,69.240149],[29.292325,69.251924],[29.288204,69.259872],[29.280845,69.266937],[29.26495,69.257517],[29.240517,69.235145],[29.222267,69.228669],[29.216085,69.230141],[29.21373,69.238972],[29.210787,69.246037],[29.203428,69.246625],[29.185766,69.242799],[29.176052,69.239266],[29.165455,69.232496],[29.154563,69.228964]]]]}},{"type":"Feature","properties":{"min_zoom":6},"geometry":{"type":"MultiPolygon","coordinates":[[[[15.784544,58.513226],[15.761584,58.510871],[15.611458,58.480552],[15.600272,58.447289],[15.574663,58.451999],[15.514907,58.488794],[15.526093,58.49998],[15.555823,58.518525],[15.559945,58.524706],[15.560828,58.531182],[15.564066,58.536775],[15.62441,58.546489],[15.953215,58.518525],[15.953215,58.510871],[15.857252,58.510871],[15.784544,58.513226]]]]}},{"type":"Feature","properties":{"min_zoom":6},"geometry":{"type":"MultiPolygon","coordinates":[[[[15.106624,58.552082],[15.063941,58.54855],[15.048928,58.552082],[15.075127,58.573865],[15.098382,58.581519],[15.255572,58.568567],[15.28177,58.559441],[15.275,58.552082],[15.261459,58.550316],[15.239382,58.541191],[15.226724,58.538836],[15.191401,58.540308],[15.130762,58.551494],[15.106624,58.552082]]]]}},{"type":"Feature","properties":{"min_zoom":6},"geometry":{"type":"MultiPolygon","coordinates":[[[[16.296738,66.573799],[16.273483,66.584985],[16.254938,66.591167],[16.258765,66.599703],[16.264064,66.603824],[16.271717,66.604707],[16.282314,66.604707],[16.290851,66.607945],[16.294383,66.61501],[16.294972,66.62178],[16.295855,66.625313],[16.313517,66.62443],[16.326469,66.617659],[16.351195,66.597937],[16.334122,66.594699],[16.335594,66.584102],[16.346486,66.572033],[16.357377,66.563791],[16.346486,66.545835],[16.362087,66.532294],[16.405653,66.515221],[16.414189,66.507273],[16.421254,66.497853],[16.430968,66.490494],[16.446569,66.48755],[16.463937,66.486079],[16.514862,66.474304],[16.823944,66.446339],[16.783028,66.446634],[16.659395,66.432799],[16.627015,66.444868],[16.368268,66.48755],[16.356788,66.495498],[16.335888,66.513749],[16.317638,66.533471],[16.313222,66.546423],[16.313811,66.560258],[16.296738,66.573799]]]]}},{"type":"Feature","properties":{"min_zoom":6},"geometry":{"type":"MultiPolygon","coordinates":[[[[17.611957,66.187888],[17.570746,66.197307],[17.460359,66.207021],[17.399426,66.221151],[17.362631,66.235869],[17.348207,66.2447],[17.354388,66.248527],[17.371167,66.246172],[17.402664,66.236458],[17.419148,66.234103],[17.425036,66.236458],[17.428274,66.241462],[17.432395,66.246172],[17.440343,66.248527],[17.448585,66.246172],[17.467424,66.235869],[17.474489,66.234103],[17.482142,66.244994],[17.460654,66.261184],[17.429451,66.276197],[17.390301,66.285911],[17.359098,66.30004],[17.34438,66.302984],[17.31406,66.299746],[17.299048,66.300924],[17.282269,66.309166],[17.302875,66.313581],[17.296399,66.324473],[17.277854,66.336542],[17.261664,66.344195],[17.17983,66.371277],[17.173649,66.370688],[17.159519,66.364801],[17.151866,66.364506],[17.150688,66.370688],[17.148628,66.375103],[17.145684,66.377753],[16.981135,66.391882],[16.981135,66.399241],[16.998502,66.39983],[17.033531,66.4066],[17.049427,66.412193],[16.953464,66.416903],[16.926383,66.426028],[16.93698,66.429855],[16.957291,66.430738],[16.967594,66.432799],[16.972892,66.435742],[16.983195,66.443985],[16.988494,66.446339],[17.002623,66.450166],[17.015281,66.451932],[17.027644,66.451049],[17.042068,66.446339],[17.052665,66.440452],[17.072682,66.425145],[17.083573,66.419258],[17.354388,66.355381],[17.569568,66.254708],[17.579283,66.247938],[17.590468,66.234103],[17.597533,66.227333],[17.60813,66.22174],[17.620199,66.217913],[17.611957,66.187888]]]]}},{"type":"Feature","properties":{"min_zoom":6},"geometry":{"type":"MultiPolygon","coordinates":[[[[12.515925,60.954388],[12.497675,60.974699],[12.472359,61.019737],[12.487077,61.018854],[12.519752,61.012672],[12.530349,61.01591],[12.542124,61.022386],[12.560374,61.025918],[12.594815,61.026507],[12.588044,61.019737],[12.573621,61.014144],[12.56685,61.010317],[12.560668,61.005607],[12.568616,61.004724],[12.588044,60.999426],[12.565084,60.992655],[12.557136,60.991772],[12.548011,60.989123],[12.548011,60.982647],[12.553604,60.971461],[12.554192,60.959981],[12.558314,60.95115],[12.556842,60.945557],[12.540652,60.944674],[12.515925,60.954388]]]]}},{"type":"Feature","properties":{"min_zoom":6},"geometry":{"type":"MultiPolygon","coordinates":[[[[29.469533,64.168255],[29.520458,64.177381],[29.541946,64.185329],[29.49632,64.19416],[29.475126,64.202696],[29.458347,64.227128],[29.419491,64.244201],[29.404773,64.25421],[29.431265,64.253621],[29.45452,64.246851],[29.509566,64.219475],[29.531644,64.219475],[29.541063,64.220947],[29.576093,64.233899],[29.527817,64.239786],[29.536942,64.24479],[29.547245,64.247145],[29.497203,64.255976],[29.458641,64.26569],[29.438919,64.281586],[29.457758,64.279231],[29.496025,64.268928],[29.513982,64.267751],[29.527522,64.2704],[29.540769,64.27511],[29.545773,64.281291],[29.535176,64.288356],[29.541063,64.299836],[29.542829,64.312494],[29.538708,64.323091],[29.527817,64.329273],[29.533115,64.342519],[29.529289,64.353705],[29.521341,64.364596],[29.513982,64.377843],[29.610239,64.402275],[29.631433,64.403158],[29.650861,64.397565],[29.666168,64.384024],[29.636437,64.381081],[29.603763,64.371955],[29.583452,64.357237],[29.589633,64.336632],[29.623779,64.320736],[29.754772,64.308962],[29.754772,64.301308],[29.746824,64.301602],[29.72769,64.295126],[29.734755,64.278936],[29.73711,64.263629],[29.729162,64.256565],[29.682064,64.273049],[29.675882,64.277759],[29.67235,64.285118],[29.671172,64.301602],[29.666168,64.308962],[29.648212,64.31426],[29.620247,64.316026],[29.594932,64.313377],[29.583452,64.305135],[29.580214,64.287179],[29.571971,64.278642],[29.560786,64.271872],[29.548717,64.260391],[29.808935,64.246556],[29.830129,64.239786],[29.814233,64.230955],[29.797749,64.227128],[29.761836,64.226834],[29.778321,64.215354],[29.795688,64.205934],[29.765663,64.1868],[29.729751,64.185623],[29.658809,64.198869],[29.669406,64.185034],[29.688245,64.174437],[29.72769,64.157953],[29.700609,64.150594],[29.601113,64.185329],[29.569322,64.164723],[29.578447,64.164134],[29.603468,64.157953],[29.58875,64.153243],[29.573443,64.155009],[29.559608,64.158247],[29.548717,64.157953],[29.537531,64.150299],[29.5287,64.138819],[29.528406,64.128222],[29.541946,64.123807],[29.571383,64.120568],[29.84102,64.05728],[29.890768,64.035203],[29.860154,64.0249],[29.82483,64.029316],[29.790095,64.041385],[29.761836,64.054925],[29.67441,64.074059],[29.554015,64.08289],[29.527817,64.08966],[29.56314,64.103495],[29.537531,64.111149],[29.479247,64.115564],[29.456286,64.127045],[29.449222,64.135581],[29.446572,64.139997],[29.440685,64.142057],[29.425378,64.144412],[29.413015,64.143529],[29.406539,64.140291],[29.400946,64.14088],[29.391821,64.151182],[29.38976,64.165901],[29.444512,64.150888],[29.459524,64.154715],[29.469533,64.168255]]]]}},{"type":"Feature","properties":{"min_zoom":6},"geometry":{"type":"MultiPolygon","coordinates":[[[[29.288204,64.123807],[29.328532,64.121157],[29.367388,64.112915],[29.404478,64.099669],[29.438919,64.082301],[29.420374,64.07818],[29.39918,64.08495],[29.356791,64.103495],[29.308516,64.111443],[29.296152,64.116742],[29.288204,64.117036],[29.284083,64.114681],[29.276724,64.105556],[29.271426,64.103495],[29.253175,64.099963],[29.215496,64.085539],[29.196363,64.082301],[29.176052,64.081418],[29.130131,64.074942],[29.110703,64.06876],[29.110703,64.062579],[29.151914,64.053748],[29.169576,64.046389],[29.185766,64.035203],[29.084799,64.044623],[29.062133,64.054925],[29.058306,64.067583],[29.061838,64.077886],[29.057129,64.085539],[29.027986,64.08966],[28.918189,64.07612],[28.830468,64.085539],[28.828996,64.07612],[28.810451,64.069055],[28.768357,64.076414],[28.72538,64.066405],[28.702125,64.067877],[28.657971,64.07612],[28.46634,64.08966],[28.46634,64.096431],[28.509317,64.094664],[28.529922,64.098197],[28.541403,64.109677],[28.47782,64.125278],[28.450444,64.141174],[28.412471,64.155598],[28.397459,64.157953],[28.397459,64.151182],[28.400697,64.141763],[28.390983,64.131754],[28.37597,64.121157],[28.363312,64.109677],[28.400108,64.097608],[28.444557,64.088483],[28.48459,64.074353],[28.507256,64.048155],[28.412765,64.077886],[28.383918,64.07612],[28.393337,64.07141],[28.399225,64.065522],[28.402463,64.057869],[28.404818,64.048155],[28.401874,64.049038],[28.399519,64.037558],[28.397459,64.020779],[28.403051,64.011359],[28.403935,64.003117],[28.397459,63.993403],[28.386861,63.987222],[28.376853,63.986044],[28.368611,63.99046],[28.363312,64.001057],[28.345062,64.013714],[28.324456,64.019896],[28.28089,64.027549],[28.289427,64.043151],[28.29502,64.048155],[28.29031,64.049332],[28.287366,64.051099],[28.284717,64.053159],[28.28089,64.054925],[28.325928,64.079063],[28.343296,64.082301],[28.304734,64.094664],[28.297963,64.10379],[28.308855,64.123807],[28.284423,64.128811],[28.260874,64.136759],[28.326811,64.129694],[28.348888,64.129988],[28.329166,64.141763],[28.32063,64.148239],[28.315037,64.157953],[28.332404,64.159425],[28.345945,64.166784],[28.355659,64.174731],[28.363018,64.178558],[28.596743,64.144412],[28.596743,64.136759],[28.548762,64.123807],[28.574666,64.115859],[28.665036,64.117036],[28.654438,64.107616],[28.647668,64.104673],[28.63766,64.103495],[28.671512,64.095548],[28.740393,64.10585],[28.791612,64.095548],[28.843126,64.103495],[28.861376,64.10114],[28.896111,64.092015],[28.914951,64.08966],[28.944387,64.093193],[29.138079,64.164723],[29.133663,64.166195],[29.124244,64.171788],[29.147793,64.17797],[29.177523,64.174731],[29.202839,64.164134],[29.21373,64.14765],[29.226682,64.139702],[29.288204,64.140291],[29.309104,64.136759],[29.29468,64.131166],[29.288204,64.129988],[29.288204,64.123807]]]]}},{"type":"Feature","properties":{"min_zoom":6},"geometry":{"type":"MultiPolygon","coordinates":[[[[16.026512,66.851679],[16.006495,66.865514],[15.993543,66.885825],[16.008556,66.890535],[16.015915,66.886414],[16.020919,66.878466],[16.027984,66.871696],[16.152794,66.830779],[16.165452,66.816944],[16.108345,66.810174],[16.080969,66.811057],[16.069195,66.823126],[16.076259,66.830779],[16.026512,66.851679]]]]}},{"type":"Feature","properties":{"min_zoom":6},"geometry":{"type":"MultiPolygon","coordinates":[[[[26.821433,64.487052],[26.829086,64.487052],[26.82526,64.486757],[26.821433,64.487052]]]]}},{"type":"Feature","properties":{"min_zoom":6},"geometry":{"type":"MultiPolygon","coordinates":[[[[27.645064,49.475953],[27.666552,49.481252],[27.686569,49.478602],[27.698049,49.46565],[27.66302,49.46565],[27.657427,49.462118],[27.654189,49.462707],[27.643298,49.445045],[27.631523,49.413842],[27.622987,49.397064],[27.612978,49.389999],[27.544391,49.39883],[27.472566,49.417375],[27.606502,49.417375],[27.61916,49.422968],[27.623281,49.436508],[27.624753,49.452404],[27.629757,49.46565],[27.645064,49.475953]]]]}},{"type":"Feature","properties":{"min_zoom":6},"geometry":{"type":"MultiPolygon","coordinates":[[[[-8.168159,53.075143],[-8.164921,53.073966],[-8.161683,53.070139],[-8.181553,53.062486],[-8.22085,53.052477],[-8.237482,53.042763],[-8.268979,53.005085],[-8.284727,52.995076],[-8.273689,52.97712],[-8.266771,52.960341],[-8.270892,52.948861],[-8.292086,52.946506],[-8.292086,52.940325],[-8.287376,52.938558],[-8.278546,52.933554],[-8.287229,52.926195],[-8.296796,52.92178],[-8.30754,52.919425],[-8.319462,52.91913],[-8.306657,52.909711],[-8.30077,52.907061],[-8.292086,52.90559],[-8.292086,52.899408],[-8.361409,52.900291],[-8.36656,52.899408],[-8.374214,52.895287],[-8.376422,52.892049],[-8.377158,52.888811],[-8.397174,52.868794],[-8.429554,52.827583],[-8.44913,52.816692],[-8.45222,52.826111],[-8.462229,52.837886],[-8.463406,52.844068],[-8.457077,52.852898],[-8.434264,52.867617],[-8.429407,52.874976],[-8.43603,52.892932],[-8.452956,52.899702],[-8.497552,52.899408],[-8.475622,52.914126],[-8.446333,52.922074],[-8.353756,52.931788],[-8.333886,52.942974],[-8.331531,52.960636],[-8.350518,52.984774],[-8.352431,52.994488],[-8.34257,53.003613],[-8.328882,53.011266],[-8.301212,53.022452],[-8.293411,53.027162],[-8.291792,53.035404],[-8.292086,53.05336],[-8.277957,53.0722],[-8.244399,53.079264],[-8.175371,53.07691],[-8.171544,53.075732],[-8.168159,53.075143]]]]}},{"type":"Feature","properties":{"min_zoom":6},"geometry":{"type":"MultiPolygon","coordinates":[[[[-7.975203,53.853736],[-7.997722,53.867866],[-8.006112,53.879935],[-7.976822,53.879346],[-7.972112,53.876108],[-7.967991,53.874048],[-7.964753,53.871104],[-7.962546,53.865217],[-7.955775,53.865217],[-7.948416,53.869926],[-7.942087,53.867572],[-7.937525,53.860507],[-7.935906,53.851382],[-7.940027,53.839607],[-7.949152,53.837252],[-7.958425,53.841373],[-7.962546,53.848144],[-7.975203,53.853736]]]]}},{"type":"Feature","properties":{"min_zoom":6},"geometry":{"type":"MultiPolygon","coordinates":[[[[-7.866583,53.560844],[-7.853925,53.557901],[-7.839649,53.549658],[-7.885569,53.537295],[-7.903673,53.526992],[-7.901171,53.516395],[-7.905881,53.508153],[-7.912062,53.501971],[-7.919716,53.49785],[-7.928988,53.495201],[-7.928988,53.488431],[-7.90853,53.488431],[-7.90853,53.481366],[-7.913828,53.478128],[-7.916772,53.475184],[-7.91898,53.471652],[-7.922218,53.467825],[-7.901612,53.467236],[-7.894842,53.467825],[-7.894842,53.461055],[-7.957836,53.454579],[-7.977558,53.461349],[-7.976822,53.488431],[-7.983004,53.488431],[-7.992276,53.475773],[-7.998605,53.491669],[-8.004198,53.529347],[-7.983004,53.536118],[-7.990952,53.541416],[-7.996545,53.556429],[-8.004198,53.562905],[-8.01244,53.561727],[-8.018328,53.554957],[-8.025687,53.552013],[-8.038197,53.562905],[-8.031427,53.570264],[-8.041141,53.570264],[-8.047764,53.571736],[-8.059244,53.577034],[-8.059244,53.584688],[-8.053946,53.587631],[-8.045115,53.59499],[-8.038197,53.598228],[-8.045262,53.607059],[-8.05424,53.625016],[-8.059244,53.631786],[-8.059244,53.639145],[-8.047322,53.64827],[-8.033046,53.662989],[-8.018033,53.672703],[-8.004198,53.666521],[-8.01141,53.642089],[-8.011116,53.632963],[-8.004198,53.618245],[-7.980355,53.593224],[-7.972112,53.580861],[-7.976822,53.570264],[-7.976822,53.562905],[-7.958719,53.552896],[-7.951654,53.550541],[-7.938996,53.549658],[-7.925603,53.554074],[-7.911326,53.560844],[-7.899699,53.562316],[-7.894842,53.549658],[-7.879388,53.558195],[-7.866583,53.560844]]]]}},{"type":"Feature","properties":{"min_zoom":6},"geometry":{"type":"MultiPolygon","coordinates":[[[[-8.049972,54.061852],[-8.059244,54.056848],[-8.068517,54.063912],[-8.072196,54.078925],[-8.072491,54.108361],[-8.079261,54.122197],[-8.092507,54.13927],[-8.099866,54.153399],[-8.089711,54.159286],[-8.056889,54.154871],[-8.043643,54.156637],[-8.031427,54.16694],[-8.017739,54.153105],[-8.025245,54.122491],[-8.026864,54.106595],[-8.023921,54.097764],[-8.032604,54.087756],[-8.049972,54.061852]]]]}},{"type":"Feature","properties":{"min_zoom":6},"geometry":{"type":"MultiPolygon","coordinates":[[[[-4.958118,56.931608],[-4.969157,56.926898],[-4.974897,56.933668],[-4.974161,56.943677],[-4.965183,56.948681],[-4.933686,56.962516],[-4.899245,56.990775],[-4.864658,57.013147],[-4.83581,57.010203],[-4.839048,57.009026],[-4.841844,57.006671],[-4.844788,57.004021],[-4.854944,56.99784],[-4.864363,56.990481],[-4.882467,56.973113],[-4.891592,56.966637],[-4.914405,56.958395],[-4.931331,56.946326],[-4.949434,56.938084],[-4.958118,56.931608]]]]}},{"type":"Feature","properties":{"min_zoom":6},"geometry":{"type":"MultiPolygon","coordinates":[[[[33.341598,68.234307],[33.338066,68.235779],[33.318932,68.236956],[33.305686,68.22842],[33.28302,68.201044],[33.251817,68.233718],[33.20413,68.240194],[33.105224,68.22842],[33.119942,68.24461],[33.126418,68.249614],[33.12112,68.250792],[33.110817,68.254618],[33.105224,68.255796],[33.114055,68.275518],[33.128184,68.286704],[33.146435,68.289648],[33.168218,68.284938],[33.193533,68.264921],[33.211195,68.257268],[33.228268,68.262566],[33.228268,68.28376],[33.205308,68.309664],[33.174988,68.332625],[33.153205,68.344399],[33.175577,68.352347],[33.208546,68.354996],[33.239454,68.350581],[33.256233,68.337629],[33.260354,68.331153],[33.280076,68.310253],[33.280076,68.300539],[33.273012,68.294946],[33.267419,68.294357],[33.263592,68.291708],[33.262414,68.279934],[33.264769,68.274929],[33.269774,68.271103],[33.272717,68.265804],[33.269774,68.255796],[33.2945,68.250792],[33.34572,68.245787],[33.352784,68.244316],[33.341598,68.234307]]]]}},{"type":"Feature","properties":{"min_zoom":6},"geometry":{"type":"MultiPolygon","coordinates":[[[[13.803179,57.053769],[13.821136,57.046704],[13.828495,57.031103],[13.824079,57.014913],[13.821724,57.010203],[13.814365,57.004021],[13.798175,56.998428],[13.766384,56.975174],[13.762557,56.964577],[13.774037,56.948681],[13.768445,56.937789],[13.768739,56.914829],[13.766384,56.900405],[13.761085,56.88657],[13.752843,56.872146],[13.73577,56.849775],[13.696325,56.822987],[13.694559,56.818278],[13.685139,56.813568],[13.673071,56.802088],[13.662473,56.788547],[13.656586,56.777361],[13.667772,56.770296],[13.663357,56.765292],[13.650993,56.762937],[13.636864,56.76382],[13.643634,56.783543],[13.642162,56.798261],[13.630976,56.804442],[13.609488,56.797966],[13.615375,56.808269],[13.616847,56.818278],[13.61302,56.82652],[13.602718,56.832113],[13.609782,56.842121],[13.619496,56.846537],[13.631271,56.849186],[13.643634,56.853013],[13.635686,56.853601],[13.616847,56.860077],[13.631565,56.874207],[13.638336,56.883626],[13.643634,56.894224],[13.595653,56.889219],[13.582406,56.894224],[13.616847,56.914535],[13.611548,56.919539],[13.602718,56.93514],[13.630682,56.949858],[13.658352,57.009614],[13.684845,57.017562],[13.67778,57.010203],[13.694853,57.018151],[13.702801,57.028454],[13.699858,57.039934],[13.684845,57.051708],[13.738419,57.075552],[13.761085,57.073491],[13.766384,57.044938],[13.782574,57.052886],[13.803179,57.053769]]]]}},{"type":"Feature","properties":{"min_zoom":6},"geometry":{"type":"MultiPolygon","coordinates":[[[[14.83993,56.643131],[14.855237,56.622231],[14.863185,56.612811],[14.856414,56.598388],[14.848761,56.589557],[14.839341,56.588085],[14.8258,56.596033],[14.817558,56.602214],[14.811965,56.604864],[14.806372,56.602803],[14.79813,56.596033],[14.791654,56.592795],[14.787827,56.596916],[14.784295,56.603097],[14.777525,56.606041],[14.756625,56.597799],[14.767811,56.578076],[14.789594,56.55541],[14.801368,56.537749],[14.777525,56.543342],[14.766045,56.548051],[14.76104,56.555116],[14.758097,56.563064],[14.751621,56.56954],[14.733664,56.578665],[14.714236,56.557177],[14.704522,56.549229],[14.692159,56.544519],[14.680385,56.568657],[14.676558,56.587202],[14.669787,56.590145],[14.660957,56.590145],[14.650948,56.593089],[14.638291,56.602803],[14.629754,56.613106],[14.625044,56.626058],[14.623867,56.64372],[14.615624,56.673745],[14.599729,56.703181],[14.589132,56.732912],[14.595902,56.76382],[14.601495,56.760877],[14.605322,56.757639],[14.607677,56.754106],[14.610032,56.749985],[14.627105,56.710246],[14.637407,56.674922],[14.640645,56.67139],[14.655069,56.646369],[14.654481,56.640187],[14.668021,56.641953],[14.676852,56.647252],[14.678618,56.655789],[14.671554,56.667563],[14.687155,56.674628],[14.695397,56.675805],[14.7057,56.674922],[14.701284,56.700826],[14.70099,56.715545],[14.7057,56.729674],[14.731604,56.712601],[14.765161,56.67345],[14.788416,56.661382],[14.805195,56.66197],[14.816675,56.660498],[14.829333,56.654022],[14.83993,56.643131]]]]}},{"type":"Feature","properties":{"min_zoom":6},"geometry":{"type":"MultiPolygon","coordinates":[[[[12.211258,59.046025],[12.184766,59.042199],[12.18035,59.028069],[12.197423,58.991274],[12.180939,58.998044],[12.167692,59.008935],[12.15739,59.022771],[12.149147,59.038666],[12.163277,59.043376],[12.170342,59.055151],[12.172108,59.070752],[12.170047,59.086942],[12.166809,59.101071],[12.162099,59.111374],[12.15474,59.119322],[12.043176,59.185848],[12.012562,59.193796],[11.989602,59.212341],[11.959871,59.219995],[11.889813,59.249725],[11.872445,59.277396],[11.848602,59.333913],[11.836827,59.32626],[11.827996,59.316252],[11.813867,59.292997],[11.823875,59.268859],[11.827702,59.249137],[11.827407,59.200272],[11.831823,59.187026],[11.841831,59.184082],[11.854195,59.184082],[11.86538,59.179372],[11.868618,59.173485],[11.867735,59.161122],[11.869207,59.155234],[11.885397,59.134923],[11.895994,59.115201],[11.896583,59.109902],[11.882748,59.086942],[11.876272,59.071341],[11.874506,59.061627],[11.875978,59.035428],[11.884514,59.015117],[11.901587,58.9951],[11.912479,58.975672],[11.903353,58.956539],[11.927491,58.926219],[11.931024,58.919154],[11.926314,58.905614],[11.915422,58.911795],[11.903942,58.92563],[11.873623,58.980088],[11.856844,58.992745],[11.827407,58.998338],[11.838593,59.012468],[11.840065,59.026009],[11.831823,59.037489],[11.813867,59.046025],[11.83094,59.058683],[11.831234,59.075756],[11.820931,59.091652],[11.807096,59.101366],[11.840948,59.102543],[11.849485,59.116967],[11.841243,59.137867],[11.824464,59.158178],[11.815339,59.164065],[11.80533,59.168775],[11.796794,59.175251],[11.793556,59.186437],[11.795322,59.217345],[11.793556,59.230297],[11.77972,59.265032],[11.77766,59.275924],[11.776777,59.285343],[11.775011,59.294174],[11.769418,59.303005],[11.718198,59.350103],[11.704069,59.36806],[11.759115,59.332147],[11.790023,59.317135],[11.813867,59.319784],[11.826524,59.342744],[11.822109,59.368354],[11.808568,59.391903],[11.793556,59.408388],[11.809157,59.416335],[11.817105,59.422517],[11.820048,59.431937],[11.821226,59.450187],[11.819165,59.456663],[11.815044,59.461962],[11.814161,59.468143],[11.821226,59.477269],[11.833295,59.483745],[11.84713,59.485805],[11.856255,59.481979],[11.855372,59.470498],[11.841831,59.456958],[11.848896,59.443123],[11.851251,59.427227],[11.85655,59.41398],[11.887163,59.403383],[11.900704,59.393964],[11.911007,59.390431],[11.916894,59.402206],[11.908946,59.431054],[11.910713,59.442534],[11.943976,59.422223],[11.963404,59.415747],[12.005203,59.408388],[12.005203,59.402206],[11.953395,59.408388],[11.9375,59.402206],[11.943093,59.384838],[11.930141,59.372769],[11.912184,59.362761],[11.903353,59.350692],[11.899821,59.343333],[11.885986,59.328909],[11.88628,59.323022],[11.894817,59.316546],[11.900115,59.314191],[11.90247,59.309187],[11.904531,59.283283],[11.908063,59.278573],[11.914539,59.276512],[11.931024,59.267093],[11.944564,59.262089],[11.95104,59.258262],[11.956633,59.251786],[11.964287,59.237068],[11.971352,59.230297],[11.980182,59.225882],[12.048475,59.204688],[12.063782,59.197034],[12.126776,59.153174],[12.154152,59.144343],[12.171813,59.134629],[12.187709,59.123149],[12.197423,59.114318],[12.204782,59.095773],[12.203899,59.061627],[12.211258,59.046025]]]]}},{"type":"Feature","properties":{"min_zoom":6},"geometry":{"type":"MultiPolygon","coordinates":[[[[12.767018,53.436917],[12.780264,53.423965],[12.787035,53.406303],[12.784091,53.388936],[12.772611,53.383637],[12.757304,53.382165],[12.742586,53.3751],[12.706673,53.347725],[12.697842,53.337716],[12.717565,53.344487],[12.713738,53.335067],[12.707262,53.330063],[12.699608,53.330357],[12.691661,53.337716],[12.690483,53.343898],[12.696076,53.360088],[12.697842,53.36833],[12.693721,53.388641],[12.683418,53.399827],[12.668111,53.403065],[12.656926,53.402771],[12.657809,53.407186],[12.656926,53.412779],[12.646328,53.400121],[12.634848,53.397178],[12.629255,53.402182],[12.63632,53.412779],[12.628667,53.425142],[12.615715,53.431324],[12.598936,53.431618],[12.581568,53.426908],[12.581568,53.433679],[12.605706,53.446925],[12.638086,53.487842],[12.656926,53.501971],[12.653688,53.510214],[12.665756,53.514923],[12.683713,53.514629],[12.697842,53.508742],[12.669878,53.49785],[12.664579,53.490491],[12.723452,53.451046],[12.735521,53.447514],[12.750828,53.444865],[12.767018,53.436917]]]]}},{"type":"Feature","properties":{"min_zoom":6},"geometry":{"type":"MultiPolygon","coordinates":[[[[11.452682,53.756891],[11.495659,53.781029],[11.533926,53.790154],[11.525979,53.783089],[11.491832,53.769548],[11.49772,53.753653],[11.498897,53.73658],[11.494776,53.721861],[11.484768,53.714208],[11.484768,53.708026],[11.487711,53.698901],[11.48153,53.69478],[11.470049,53.695369],[11.457686,53.700667],[11.463868,53.686243],[11.473287,53.676235],[11.48153,53.664166],[11.484768,53.642677],[11.488889,53.637673],[11.506551,53.626193],[11.512143,53.618245],[11.510966,53.612652],[11.505667,53.608237],[11.498897,53.607059],[11.491832,53.61118],[11.475937,53.606176],[11.457392,53.609709],[11.438847,53.617362],[11.424129,53.625604],[11.42825,53.634141],[11.436786,53.642972],[11.4465,53.650036],[11.454448,53.652686],[11.455331,53.679179],[11.457686,53.687126],[11.437669,53.687126],[11.443262,53.700667],[11.427661,53.72716],[11.452682,53.756891]]]]}},{"type":"Feature","properties":{"min_zoom":6},"geometry":{"type":"MultiPolygon","coordinates":[[[[-7.458447,54.193727],[-7.448586,54.179009],[-7.434898,54.16694],[-7.444318,54.161053],[-7.460508,54.154282],[-7.477728,54.150456],[-7.490091,54.153105],[-7.493035,54.164291],[-7.489797,54.177831],[-7.492593,54.189312],[-7.513788,54.194021],[-7.524532,54.19932],[-7.540133,54.222869],[-7.554704,54.228168],[-7.569864,54.230523],[-7.613135,54.248773],[-7.613135,54.255544],[-7.595621,54.257604],[-7.568834,54.274972],[-7.551025,54.276738],[-7.546609,54.26879],[-7.542341,54.266729],[-7.537631,54.266435],[-7.531744,54.262903],[-7.528359,54.257898],[-7.525268,54.250539],[-7.523649,54.244358],[-7.524385,54.242591],[-7.514376,54.23847],[-7.489355,54.232877],[-7.47655,54.228168],[-7.478464,54.223752],[-7.481407,54.212272],[-7.483468,54.207857],[-7.468603,54.205207],[-7.458447,54.193727]]]]}},{"type":"Feature","properties":{"min_zoom":7},"geometry":{"type":"MultiPolygon","coordinates":[[[[19.944498,67.744485],[19.882682,67.752727],[19.82116,67.76097],[19.770529,67.774216],[19.721959,67.792761],[19.610395,67.809245],[19.497065,67.819548],[19.375198,67.83044],[19.252154,67.82308],[19.197696,67.82308],[19.14265,67.822492],[19.089665,67.823375],[19.039034,67.838976],[19.298075,67.846335],[19.556526,67.824847],[19.677216,67.815721],[19.796727,67.806007],[19.86031,67.7907],[19.923598,67.77245],[19.975112,67.755082],[19.944498,67.744485]]]]}},{"type":"Feature","properties":{"min_zoom":7},"geometry":{"type":"MultiPolygon","coordinates":[[[[11.976944,42.639935],[11.98813,42.631398],[11.99961,42.620213],[11.99961,42.612854],[11.993134,42.60049],[11.994901,42.561045],[11.985187,42.544267],[11.963698,42.53573],[11.941032,42.537496],[11.919838,42.546033],[11.870385,42.579296],[11.859493,42.592837],[11.861554,42.612854],[11.875389,42.631987],[11.893934,42.642584],[11.944859,42.653476],[11.963404,42.647],[11.976944,42.639935]]]]}},{"type":"Feature","properties":{"min_zoom":7},"geometry":{"type":"MultiPolygon","coordinates":[[[[21.030113,40.842253],[21.030408,40.844903],[21.030408,40.844903],[21.030113,40.841959],[21.030113,40.842253]]]]}},{"type":"Feature","properties":{"min_zoom":7},"geometry":{"type":"MultiPolygon","coordinates":[[[[21.030408,40.840193],[21.030996,40.839898],[21.031291,40.839604],[21.030996,40.839604],[21.030408,40.840193]]]]}},{"type":"Feature","properties":{"min_zoom":7},"geometry":{"type":"MultiPolygon","coordinates":[[[[21.032174,40.839604],[21.034529,40.839898],[21.036,40.839604],[21.037472,40.838721],[21.036,40.83931],[21.034529,40.839604],[21.032174,40.839604]]]]}},{"type":"Feature","properties":{"min_zoom":7},"geometry":{"type":"MultiPolygon","coordinates":[[[[21.024226,40.844903],[21.008919,40.816644],[20.945042,40.785441],[20.92061,40.762481],[20.907658,40.776021],[20.914134,40.790151],[20.923259,40.799865],[20.932973,40.808107],[20.941215,40.816938],[20.942098,40.824003],[20.940921,40.833128],[20.940626,40.84137],[20.944748,40.844903],[20.951812,40.846669],[20.96918,40.858443],[20.953873,40.866097],[20.935328,40.877577],[20.926791,40.891706],[20.941215,40.906425],[20.950635,40.884936],[20.970063,40.89259],[20.984487,40.910546],[20.978894,40.920554],[20.968002,40.923203],[20.941215,40.94116],[20.927969,40.939982],[20.917372,40.94322],[20.907658,40.9547],[20.90648,40.969124],[20.915311,40.981782],[20.944748,41.00592],[20.964764,41.015928],[20.985959,41.014751],[21.030408,41.002682],[21.030702,41.007392],[21.02923,41.008569],[21.026581,41.008275],[21.024226,41.009452],[21.031585,41.01063],[21.037472,41.010041],[21.042182,41.007392],[21.044537,41.002682],[21.058372,40.985903],[21.060727,40.977072],[21.06632,40.974423],[21.073385,40.973245],[21.078978,40.968536],[21.093107,40.924675],[21.102821,40.910251],[21.119894,40.861976],[21.115479,40.846963],[21.105176,40.835483],[21.078978,40.816938],[21.071913,40.829301],[21.062493,40.838721],[21.049247,40.844314],[21.030408,40.844903],[21.024226,40.844903]]]]}},{"type":"Feature","properties":{"min_zoom":7},"geometry":{"type":"MultiPolygon","coordinates":[[[[21.116362,40.798687],[21.12902,40.768368],[21.130197,40.762481],[21.123427,40.757476],[21.10341,40.733339],[21.099289,40.725096],[21.085748,40.715382],[21.019516,40.686535],[20.996261,40.680353],[20.996261,40.688007],[21.020105,40.69566],[21.051896,40.711261],[21.0778,40.732456],[21.085159,40.755416],[21.080449,40.760126],[21.054545,40.773078],[21.050719,40.779554],[21.054251,40.783969],[21.065142,40.790445],[21.074268,40.800454],[21.084865,40.807518],[21.097523,40.811051],[21.113124,40.810756],[21.116362,40.798687]]]]}},{"type":"Feature","properties":{"min_zoom":7},"geometry":{"type":"MultiPolygon","coordinates":[[[[14.387492,51.6463],[14.399267,51.6672],[14.417517,51.651598],[14.408392,51.645122],[14.400739,51.637469],[14.390436,51.623928],[14.394263,51.614509],[14.39338,51.606266],[14.387492,51.600085],[14.37719,51.596552],[14.387492,51.6463]]]]}},{"type":"Feature","properties":{"min_zoom":7},"geometry":{"type":"MultiPolygon","coordinates":[[[[6.218888,53.36362],[6.247147,53.360971],[6.263042,53.351846],[6.251268,53.341543],[6.218593,53.340071],[6.153245,53.344487],[6.146769,53.354789],[6.150301,53.363326],[6.157071,53.371568],[6.167668,53.401299],[6.184742,53.406892],[6.206819,53.402771],[6.228896,53.392762],[6.220654,53.386581],[6.211823,53.38452],[6.203286,53.386581],[6.19475,53.392762],[6.195633,53.370685],[6.218888,53.36362]]]]}},{"type":"Feature","properties":{"min_zoom":7},"geometry":{"type":"MultiPolygon","coordinates":[[[[13.191196,52.515263],[13.197967,52.515263],[13.219161,52.507609],[13.206798,52.50025],[13.197967,52.487004],[13.192963,52.471697],[13.191196,52.456979],[13.189136,52.450503],[13.183837,52.440789],[13.177361,52.431958],[13.170591,52.426365],[13.163232,52.438434],[13.144687,52.438728],[13.102593,52.432546],[13.114073,52.441966],[13.176773,52.466987],[13.18472,52.482294],[13.191196,52.515263]]]]}},{"type":"Feature","properties":{"min_zoom":7},"geometry":{"type":"MultiPolygon","coordinates":[[[[12.843552,53.221148],[12.849145,53.217616],[12.856504,53.214672],[12.842081,53.210256],[12.814705,53.214378],[12.799987,53.207313],[12.794982,53.216144],[12.793511,53.224386],[12.797043,53.231156],[12.80764,53.235277],[12.80764,53.214672],[12.814999,53.216733],[12.829717,53.224092],[12.83531,53.228213],[12.843552,53.221148]]]]}},{"type":"Feature","properties":{"min_zoom":7},"geometry":{"type":"MultiPolygon","coordinates":[[[[12.489727,52.414885],[12.492965,52.412235],[12.495908,52.39163],[12.490904,52.379561],[12.478247,52.371613],[12.45823,52.364254],[12.430854,52.371024],[12.430854,52.378089],[12.437624,52.380444],[12.443217,52.383388],[12.440568,52.388686],[12.409071,52.398106],[12.389937,52.398989],[12.404067,52.404876],[12.451459,52.405759],[12.489727,52.414885]]]]}},{"type":"Feature","properties":{"min_zoom":7},"geometry":{"type":"MultiPolygon","coordinates":[[[[12.940693,52.373968],[12.931273,52.398989],[12.923619,52.408703],[12.913905,52.416945],[12.890062,52.432546],[12.89801,52.433135],[12.903603,52.431663],[12.911256,52.426365],[12.943342,52.413118],[12.951584,52.405759],[12.948346,52.394573],[12.950701,52.382505],[12.957471,52.371907],[12.965714,52.364254],[12.948935,52.365431],[12.940693,52.373968]]]]}},{"type":"Feature","properties":{"min_zoom":7},"geometry":{"type":"MultiPolygon","coordinates":[[[[12.980726,52.353068],[12.985436,52.351891],[12.992795,52.350713],[12.973661,52.343943],[12.931273,52.316567],[12.936866,52.332463],[12.946874,52.348947],[12.959238,52.359839],[12.971895,52.358072],[12.976605,52.354834],[12.980726,52.353068]]]]}},{"type":"Feature","properties":{"min_zoom":7},"geometry":{"type":"MultiPolygon","coordinates":[[[[13.681018,52.445793],[13.683668,52.445793],[13.685434,52.444321],[13.684845,52.439317],[13.651288,52.432252],[13.633626,52.431663],[13.623323,52.439317],[13.628033,52.450208],[13.6454,52.454035],[13.665417,52.452563],[13.67778,52.44697],[13.681018,52.445793]]]]}},{"type":"Feature","properties":{"min_zoom":7},"geometry":{"type":"MultiPolygon","coordinates":[[[[14.214701,52.088729],[14.230302,52.086374],[14.246492,52.089907],[14.246492,52.083725],[14.237661,52.082253],[14.231479,52.079898],[14.226181,52.075777],[14.219116,52.069595],[14.226181,52.06047],[14.227358,52.048401],[14.222943,52.036921],[14.21264,52.028385],[14.208519,52.031328],[14.204987,52.0328],[14.192329,52.035449],[14.19645,52.029562],[14.198805,52.022792],[14.197039,52.017199],[14.188796,52.014844],[14.182909,52.019848],[14.18497,52.030739],[14.18968,52.040453],[14.192329,52.042808],[14.197627,52.074011],[14.196156,52.088435],[14.18497,52.097266],[14.18497,52.10433],[14.21264,52.11169],[14.206753,52.097266],[14.214701,52.088729]]]]}},{"type":"Feature","properties":{"min_zoom":7},"geometry":{"type":"MultiPolygon","coordinates":[[[[14.704228,53.467531],[14.711587,53.460172],[14.714825,53.451341],[14.7057,53.439861],[14.665078,53.434268],[14.652714,53.427497],[14.671554,53.412779],[14.663017,53.408364],[14.652714,53.406303],[14.641823,53.40748],[14.630637,53.412779],[14.634169,53.417194],[14.635347,53.420727],[14.635936,53.425731],[14.637407,53.433679],[14.630637,53.426908],[14.607677,53.443099],[14.609737,53.456639],[14.623867,53.461643],[14.637407,53.453696],[14.646827,53.466353],[14.648593,53.481955],[14.64771,53.499028],[14.652126,53.524637],[14.651243,53.530819],[14.652714,53.534646],[14.661545,53.536118],[14.676852,53.536118],[14.681562,53.534057],[14.685683,53.529347],[14.686861,53.519633],[14.690687,53.511685],[14.697163,53.506092],[14.7057,53.501971],[14.699813,53.481071],[14.699518,53.474595],[14.704228,53.467531]]]]}},{"type":"Feature","properties":{"min_zoom":7},"geometry":{"type":"MultiPolygon","coordinates":[[[[30.180716,61.795092],[30.183071,61.781846],[30.152163,61.78685],[30.15805,61.781257],[30.165409,61.771543],[30.172769,61.766539],[30.165115,61.759768],[30.172769,61.752115],[30.158639,61.750054],[30.14186,61.750937],[30.126553,61.749171],[30.117428,61.738574],[30.121549,61.730332],[30.133029,61.723561],[30.142155,61.714142],[30.138328,61.697657],[30.124493,61.706783],[30.082399,61.723267],[30.069741,61.725622],[30.052962,61.717968],[30.053845,61.706783],[30.065914,61.69648],[30.083282,61.690887],[30.070919,61.686472],[30.052079,61.686766],[30.033534,61.690887],[30.021171,61.697657],[30.016756,61.705311],[30.017639,61.721206],[30.014989,61.732392],[30.025292,61.743284],[30.03324,61.778019],[30.042365,61.793031],[30.029119,61.805689],[30.014989,61.804806],[30.002626,61.795092],[29.994384,61.780079],[29.979666,61.790382],[29.971424,61.786261],[29.959649,61.759768],[29.950524,61.751232],[29.933745,61.74034],[29.915789,61.733275],[29.901659,61.735336],[29.849851,61.768305],[29.843081,61.783612],[29.847791,61.800685],[29.85986,61.804512],[29.877521,61.803923],[29.898127,61.807455],[29.890768,61.814814],[29.898716,61.817169],[29.918732,61.828061],[29.885469,61.839247],[29.873989,61.847489],[29.877227,61.862207],[29.883409,61.864562],[29.894889,61.867505],[29.906369,61.868683],[29.911373,61.865739],[29.913728,61.857791],[29.919321,61.862796],[29.924031,61.872215],[29.925503,61.876336],[29.931096,61.884873],[29.935511,61.894587],[29.941987,61.903712],[29.952879,61.909894],[29.972012,61.911071],[30.009396,61.903418],[30.02853,61.903124],[30.022643,61.914604],[30.012046,61.921374],[29.987025,61.930499],[29.997328,61.945512],[29.986142,61.951399],[29.946108,61.951399],[29.947874,61.955815],[29.950818,61.967001],[29.952879,61.971416],[29.938455,61.973477],[29.922559,61.977598],[29.910196,61.984662],[29.904897,61.995848],[29.897244,62.008506],[29.879288,62.014393],[29.843081,62.019692],[29.844847,62.024107],[29.848379,62.035882],[29.85044,62.040297],[29.782442,62.055899],[29.76478,62.050894],[29.748296,62.042652],[29.731811,62.045007],[29.722391,62.056487],[29.72769,62.075032],[29.7115,62.077681],[29.695604,62.084157],[29.681769,62.0924],[29.67235,62.102408],[29.687362,62.105352],[29.701786,62.100053],[29.717093,62.0924],[29.73446,62.088573],[29.802459,62.088573],[29.845436,62.076504],[29.877227,62.072089],[29.882231,62.065024],[29.882231,62.056193],[29.884586,62.047656],[29.889002,62.039414],[29.891062,62.032644],[29.896066,62.028228],[29.921087,62.024696],[30.039127,61.958464],[30.076806,61.923729],[30.076512,61.889288],[30.092407,61.885756],[30.133618,61.882224],[30.152163,61.883107],[30.144215,61.871921],[30.147453,61.866328],[30.154518,61.862501],[30.158933,61.856614],[30.156873,61.836892],[30.154812,61.827766],[30.152163,61.828061],[30.180716,61.795092]]]]}},{"type":"Feature","properties":{"min_zoom":7},"geometry":{"type":"MultiPolygon","coordinates":[[[[25.123835,61.394462],[25.162986,61.382982],[25.077031,61.382393],[25.030227,61.375623],[25.025812,61.355018],[24.997553,61.351485],[24.978714,61.362377],[24.962818,61.379744],[24.94339,61.395934],[24.937208,61.397995],[24.921607,61.40035],[24.916014,61.402705],[24.91101,61.408886],[24.914248,61.418011],[24.909244,61.423899],[24.868327,61.44421],[24.807688,61.45569],[24.78826,61.466876],[24.793559,61.491602],[24.809749,61.505438],[24.835358,61.516329],[24.863617,61.520156],[24.888638,61.513385],[24.868327,61.505732],[24.890404,61.49749],[24.918958,61.496018],[24.974592,61.498962],[24.984601,61.501316],[25.003735,61.511031],[25.015509,61.513385],[25.047595,61.506026],[25.059958,61.505732],[25.102346,61.482183],[25.115299,61.472174],[25.104701,61.468053],[25.071733,61.459222],[25.059958,61.458045],[25.0473,61.459811],[25.019041,61.472174],[24.95487,61.490425],[24.921901,61.491897],[24.888638,61.485421],[24.895997,61.480711],[24.900118,61.476296],[24.909244,61.464815],[24.874214,61.472469],[24.861262,61.472174],[24.881279,61.447742],[24.91778,61.427725],[24.991666,61.402705],[25.123835,61.394462]]]]}},{"type":"Feature","properties":{"min_zoom":7},"geometry":{"type":"MultiPolygon","coordinates":[[[[23.764462,63.102363],[23.755631,63.094121],[23.730021,63.089705],[23.70971,63.079991],[23.681745,63.074693],[23.669676,63.067922],[23.666438,63.060858],[23.661728,63.040547],[23.656136,63.033187],[23.630231,63.026417],[23.614041,63.036131],[23.594025,63.067922],[23.533974,63.115315],[23.525732,63.133566],[23.530148,63.155937],[23.542217,63.177131],[23.559878,63.192438],[23.58019,63.198326],[23.608743,63.195971],[23.621401,63.199503],[23.628171,63.212161],[23.624933,63.216576],[23.608154,63.234238],[23.601384,63.239242],[23.601384,63.246896],[23.609332,63.247779],[23.616102,63.246307],[23.628171,63.239242],[23.716775,63.205979],[23.739146,63.190967],[23.749155,63.175365],[23.751215,63.15682],[23.750921,63.133566],[23.754453,63.126206],[23.761518,63.120614],[23.766522,63.113843],[23.764462,63.102363]]]]}},{"type":"Feature","properties":{"min_zoom":7},"geometry":{"type":"MultiPolygon","coordinates":[[[[22.389192,60.937904],[22.398318,60.930544],[22.398318,60.925246],[22.391253,60.902285],[22.388015,60.895809],[22.376535,60.8911],[22.337679,60.882563],[22.325904,60.881974],[22.309125,60.891394],[22.147519,61.018559],[22.129858,61.037693],[22.137217,61.046524],[22.150463,61.051528],[22.152229,61.063008],[22.147814,61.081259],[22.159588,61.090973],[22.172246,61.093917],[22.186081,61.09215],[22.20286,61.088029],[22.234357,61.060948],[22.33238,61.023269],[22.35328,60.988829],[22.359462,60.974699],[22.389192,60.937904]]]]}},{"type":"Feature","properties":{"min_zoom":7},"geometry":{"type":"MultiPolygon","coordinates":[[[[23.984352,60.2173],[23.95727,60.206703],[23.954621,60.198461],[23.963746,60.183743],[23.923124,60.183448],[23.907228,60.187275],[23.909289,60.196695],[23.896925,60.202582],[23.884268,60.204937],[23.871904,60.203171],[23.860719,60.196695],[23.88574,60.175795],[23.885445,60.158427],[23.867783,60.151657],[23.840407,60.162548],[23.850122,60.165198],[23.858069,60.169613],[23.863957,60.175795],[23.867783,60.183743],[23.843645,60.18963],[23.826572,60.186392],[23.79272,60.170202],[23.772998,60.166964],[23.759752,60.171085],[23.73061,60.190513],[23.740324,60.186098],[23.745622,60.185509],[23.757691,60.190513],[23.752393,60.193162],[23.742384,60.20111],[23.73738,60.204348],[23.742384,60.209352],[23.745622,60.214651],[23.747977,60.219949],[23.750921,60.224659],[23.73061,60.224659],[23.740912,60.2382],[23.778885,60.257628],[23.795959,60.269108],[23.815681,60.278234],[23.895159,60.286181],[23.875731,60.27529],[23.856303,60.267636],[23.813032,60.258806],[23.817153,60.252918],[23.81627,60.248797],[23.814209,60.244676],[23.813032,60.2382],[23.860719,60.252624],[23.959625,60.267636],[24.004957,60.286181],[24.018203,60.276467],[24.028212,60.266459],[24.038809,60.262927],[24.053233,60.272641],[24.032333,60.301488],[24.025268,60.306493],[24.010844,60.304432],[23.995832,60.296484],[23.981114,60.291186],[23.967278,60.296484],[23.977581,60.306198],[24.004957,60.319445],[24.035277,60.32386],[24.053233,60.306493],[24.072955,60.272641],[24.067362,60.260572],[24.058237,60.25439],[24.032627,60.245265],[23.984352,60.2173]]]]}},{"type":"Feature","properties":{"min_zoom":7},"geometry":{"type":"MultiPolygon","coordinates":[[[[29.329121,60.594086],[29.376514,60.551992],[29.394764,60.529032],[29.376808,60.519023],[29.367388,60.523733],[29.33648,60.546105],[29.322351,60.55317],[29.26024,60.565239],[29.240517,60.574069],[29.262595,60.594969],[29.280551,60.608216],[29.298507,60.609393],[29.322351,60.594086],[29.329121,60.594086]]]]}},{"type":"Feature","properties":{"min_zoom":7},"geometry":{"type":"MultiPolygon","coordinates":[[[[34.120192,61.932854],[34.127845,61.926084],[34.133438,61.916664],[34.11607,61.918136],[34.057492,61.916664],[34.052488,61.932266],[34.0675,61.939625],[34.089578,61.940802],[34.106062,61.937858],[34.098997,61.94404],[34.120192,61.932854]]]]}},{"type":"Feature","properties":{"min_zoom":7},"geometry":{"type":"MultiPolygon","coordinates":[[[[34.092227,62.034116],[34.144624,61.979069],[34.166407,61.944923],[34.153749,61.930499],[34.142563,61.937858],[34.122841,61.972593],[34.112832,61.984957],[34.092816,61.994082],[34.049839,62.006445],[34.030116,62.019692],[34.04454,62.035587],[34.059258,62.042358],[34.075154,62.04118],[34.092227,62.034116]]]]}},{"type":"Feature","properties":{"min_zoom":7},"geometry":{"type":"MultiPolygon","coordinates":[[[[34.161108,62.053838],[34.201436,62.01145],[34.214094,61.989961],[34.202025,61.984957],[34.181125,61.997614],[34.127256,62.061491],[34.101058,62.077387],[34.047484,62.101231],[34.023346,62.116538],[34.031882,62.120953],[34.040419,62.12213],[34.048955,62.120659],[34.057492,62.116538],[34.073388,62.104763],[34.109889,62.095932],[34.127256,62.088573],[34.161108,62.053838]]]]}},{"type":"Feature","properties":{"min_zoom":7},"geometry":{"type":"MultiPolygon","coordinates":[[[[33.376922,61.967001],[33.406359,61.958464],[33.417839,61.949633],[33.417544,61.946984],[33.40783,61.944629],[33.392818,61.937858],[33.386047,61.936387],[33.377216,61.936092],[33.369269,61.934032],[33.366031,61.927261],[33.366619,61.912543],[33.366031,61.909894],[33.336594,61.897531],[33.302742,61.891643],[33.235039,61.889288],[33.246813,61.868094],[33.221792,61.857203],[33.182642,61.855731],[33.153205,61.862207],[33.167335,61.862207],[33.158504,61.876631],[33.141136,61.88605],[33.041347,61.914604],[33.037226,61.924023],[32.988656,61.938447],[32.972466,61.951399],[32.989245,61.971416],[32.979236,61.976126],[32.947739,61.984957],[32.955687,61.997614],[32.969522,62.029111],[32.975704,62.037059],[32.99366,62.044418],[33.011911,62.049423],[33.031044,62.050894],[33.050767,62.047656],[33.053416,62.032938],[33.056065,62.025579],[33.062836,62.023813],[33.078731,62.026462],[33.09551,62.034116],[33.112289,62.044124],[33.130245,62.047951],[33.149967,62.037059],[33.154677,62.025285],[33.145846,62.017631],[33.132894,62.011155],[33.126418,62.002913],[33.135249,61.990844],[33.194711,61.971416],[33.210901,61.981424],[33.240337,61.983485],[33.271834,61.978775],[33.293617,61.968178],[33.318049,61.957875],[33.376922,61.967001]]]]}},{"type":"Feature","properties":{"min_zoom":7},"geometry":{"type":"MultiPolygon","coordinates":[[[[30.055906,61.019737],[30.084165,60.982353],[30.086814,60.974699],[30.068858,60.964691],[30.04943,60.959098],[30.037655,60.951739],[30.042365,60.937315],[29.993501,60.935254],[29.933745,60.953505],[29.880171,60.986179],[29.85044,61.026507],[29.925208,61.008845],[29.96377,61.005902],[29.966714,61.026507],[29.977311,61.029156],[30.006747,61.030628],[30.014989,61.032689],[30.017639,61.041814],[30.01028,61.04829],[29.998505,61.052411],[29.965831,61.058004],[29.946403,61.068013],[29.911373,61.094211],[29.956705,61.089795],[30.003509,61.074194],[30.042071,61.04829],[30.055906,61.019737]]]]}},{"type":"Feature","properties":{"min_zoom":7},"geometry":{"type":"MultiPolygon","coordinates":[[[[37.429139,60.841352],[37.450333,60.846356],[37.456809,60.841058],[37.452688,60.82634],[37.430611,60.82163],[37.405001,60.823102],[37.388811,60.827517],[37.372326,60.839292],[37.364379,60.846651],[37.354665,60.849594],[37.245455,60.841058],[37.221023,60.845179],[37.216608,60.850183],[37.227794,60.855482],[37.251048,60.861663],[37.295497,60.866079],[37.318752,60.871083],[37.33347,60.881974],[37.336708,60.896987],[37.332293,60.911705],[37.319047,60.937315],[37.307272,60.948206],[37.303151,60.954682],[37.309332,60.957626],[37.34289,60.96057],[37.355253,60.957626],[37.388811,60.950856],[37.378802,60.945851],[37.374387,60.944674],[37.397936,60.917298],[37.412654,60.906701],[37.449155,60.897281],[37.436498,60.885801],[37.401763,60.868434],[37.41913,60.844296],[37.429139,60.841352]]]]}},{"type":"Feature","properties":{"min_zoom":7},"geometry":{"type":"MultiPolygon","coordinates":[[[[38.461179,62.109767],[38.48149,62.107707],[38.501507,62.109473],[38.483845,62.100642],[38.36816,62.075032],[38.338724,62.064729],[38.302223,62.046479],[38.271314,62.021752],[38.258362,61.992021],[38.253947,61.976126],[38.243644,61.979953],[38.224216,61.999381],[38.185949,62.012921],[38.169464,62.022341],[38.200667,62.030583],[38.211559,62.040003],[38.211853,62.051189],[38.19684,62.061491],[38.172997,62.061491],[38.127665,62.044124],[38.108237,62.047656],[38.238934,62.125074],[38.243939,62.132728],[38.234813,62.145091],[38.214208,62.142442],[38.168581,62.12478],[38.131786,62.105057],[38.121777,62.102408],[38.117362,62.111239],[38.12531,62.120364],[38.136496,62.129784],[38.142383,62.139498],[38.161222,62.15716],[38.204199,62.167168],[38.250415,62.169229],[38.271903,62.163636],[38.278968,62.143619],[38.258362,62.12007],[38.228926,62.096226],[38.209792,62.075032],[38.225394,62.075032],[38.239523,62.077387],[38.252181,62.082097],[38.264544,62.088573],[38.286916,62.109178],[38.298396,62.114477],[38.313703,62.109178],[38.298985,62.08975],[38.323711,62.087984],[38.43086,62.115066],[38.442634,62.114477],[38.461179,62.109767]]]]}},{"type":"Feature","properties":{"min_zoom":7},"geometry":{"type":"MultiPolygon","coordinates":[[[[38.18065,63.037603],[38.176529,63.047611],[38.095579,63.135332],[38.073207,63.145929],[37.963115,63.168595],[37.942215,63.181253],[37.946925,63.202152],[37.958111,63.209217],[37.969002,63.20804],[37.991374,63.195088],[38.002266,63.195088],[38.029642,63.208628],[38.042888,63.212161],[38.05584,63.208923],[38.064082,63.200975],[38.077328,63.181253],[38.088514,63.17566],[38.102938,63.174777],[38.135613,63.176248],[38.154158,63.171244],[38.169759,63.165063],[38.181828,63.152994],[38.189481,63.130033],[38.189776,63.120025],[38.188304,63.098536],[38.189481,63.088528],[38.193602,63.08058],[38.205377,63.069689],[38.209792,63.061152],[38.214502,63.040841],[38.214502,63.028772],[38.209792,63.020235],[38.193014,63.015231],[38.184477,63.023768],[38.18065,63.037603]]]]}},{"type":"Feature","properties":{"min_zoom":7},"geometry":{"type":"MultiPolygon","coordinates":[[[[27.92206,63.343153],[27.879083,63.360815],[27.810791,63.403497],[27.794012,63.418216],[27.812851,63.424103],[27.825803,63.418216],[27.837578,63.408796],[27.852885,63.403792],[28.055407,63.293994],[28.095441,63.266029],[28.118696,63.255727],[28.13047,63.260437],[28.146072,63.266029],[28.166383,63.264263],[28.186105,63.256904],[28.198763,63.246896],[28.201118,63.234238],[28.200529,63.218342],[28.204061,63.204213],[28.219074,63.198326],[28.256164,63.188317],[28.289133,63.168889],[28.323279,63.157703],[28.363312,63.171244],[28.347417,63.174777],[28.330932,63.184196],[28.301201,63.205979],[28.322984,63.217165],[28.350949,63.209512],[28.381563,63.196854],[28.411294,63.191555],[28.403935,63.18243],[28.387156,63.175954],[28.383918,63.168006],[28.391277,63.162413],[28.438964,63.150639],[28.35978,63.094121],[28.356542,63.081757],[28.356542,63.075576],[28.336525,63.075576],[28.273826,63.067922],[28.252926,63.070572],[28.191404,63.088528],[28.201118,63.098831],[28.215247,63.098831],[28.230848,63.097064],[28.24645,63.102363],[28.237324,63.10619],[28.227316,63.109428],[28.21613,63.1109],[28.205239,63.109722],[28.22761,63.115609],[28.280596,63.116787],[28.29502,63.130033],[28.269705,63.126206],[28.257341,63.125912],[28.24645,63.130033],[28.23703,63.139453],[28.235264,63.147695],[28.240562,63.153877],[28.253514,63.157409],[28.185222,63.200681],[28.170798,63.21952],[28.156374,63.208334],[28.137535,63.201269],[28.117518,63.200681],[28.099856,63.208923],[28.084549,63.20804],[28.061589,63.199503],[28.041278,63.19862],[28.034508,63.21952],[28.000067,63.246896],[28.005954,63.251311],[28.015668,63.262497],[28.021261,63.267207],[28.01508,63.2728],[28.002128,63.280159],[27.996829,63.28428],[27.992413,63.286929],[27.983877,63.286341],[27.979756,63.287812],[27.979167,63.290462],[27.980345,63.298998],[27.979756,63.301353],[27.933246,63.318426],[27.925004,63.328729],[27.938251,63.328729],[27.92206,63.343153]]]]}},{"type":"Feature","properties":{"min_zoom":7},"geometry":{"type":"MultiPolygon","coordinates":[[[[27.26033,66.049242],[27.242668,66.03894],[27.240608,66.035113],[27.241785,66.032758],[27.244434,66.030109],[27.2462,66.025693],[27.241491,66.015685],[27.219708,65.997434],[27.212054,65.98772],[27.252971,65.98095],[27.248261,65.972708],[27.241196,65.966232],[27.232365,65.96211],[27.222357,65.960639],[27.208522,65.962405],[27.200868,65.966232],[27.196159,65.970941],[27.19086,65.974179],[27.124334,65.975062],[27.109027,65.98095],[27.107555,65.987426],[27.123156,66.007737],[27.129927,66.021866],[27.132576,66.036585],[27.130515,66.046004],[27.122862,66.053363],[27.076058,66.080445],[27.030726,66.096929],[26.984805,66.101345],[26.951836,66.083388],[26.976857,66.077207],[26.986571,66.072203],[26.993342,66.062783],[26.876773,66.056013],[26.876773,66.062783],[26.884133,66.065138],[26.903561,66.076029],[26.897085,66.076029],[26.910331,66.088981],[26.951248,66.106643],[26.958901,66.117535],[26.951542,66.123716],[26.910625,66.134902],[26.876773,66.158451],[26.825848,66.166988],[26.812602,66.174641],[26.821433,66.193186],[26.842922,66.207905],[26.864116,66.20761],[26.911508,66.193186],[26.903855,66.188771],[26.898556,66.183767],[26.889725,66.172581],[27.000406,66.14285],[27.037496,66.138729],[27.043089,66.136963],[27.046033,66.132547],[27.04721,66.126954],[27.047505,66.120773],[27.049271,66.112236],[27.053981,66.108704],[27.060457,66.106938],[27.082828,66.095457],[27.10049,66.088981],[27.118741,66.08486],[27.136697,66.083388],[27.197042,66.094574],[27.222946,66.090453],[27.2462,66.062783],[27.249733,66.059545],[27.253854,66.059545],[27.257681,66.057484],[27.26033,66.049242]]]]}},{"type":"Feature","properties":{"min_zoom":7},"geometry":{"type":"MultiPolygon","coordinates":[[[[29.631433,65.905298],[29.631433,65.898233],[29.572854,65.886459],[29.383873,65.884693],[29.349726,65.889108],[29.285555,65.907653],[29.241695,65.914129],[29.214613,65.923549],[29.182233,65.92767],[29.145143,65.939444],[29.130425,65.946804],[29.197835,65.940916],[29.21373,65.946804],[29.201956,65.952102],[29.17458,65.96005],[29.164866,65.966526],[29.160156,65.975946],[29.16516,65.981244],[29.176935,65.98301],[29.192536,65.98095],[29.225505,65.970941],[29.300273,65.967115],[29.335303,65.960639],[29.335303,65.952985],[29.288204,65.946804],[29.303217,65.935912],[29.40595,65.903826],[29.430382,65.900883],[29.44981,65.908536],[29.459524,65.917661],[29.471005,65.925315],[29.484251,65.930614],[29.520163,65.936501],[29.532232,65.946215],[29.542241,65.959756],[29.55637,65.974179],[29.54018,65.980361],[29.531644,65.981833],[29.521635,65.98095],[29.554015,66.000083],[29.589045,66.005971],[29.739465,66.012447],[29.7742,66.007737],[29.809523,65.993902],[29.774788,65.984188],[29.658809,65.993902],[29.675882,65.979184],[29.701786,65.975062],[29.730634,65.973591],[29.754772,65.966526],[29.603468,65.98095],[29.623485,65.97153],[29.672055,65.965348],[29.698842,65.952985],[29.72769,65.947392],[29.733872,65.942977],[29.740053,65.936501],[29.754772,65.930908],[29.894889,65.910302],[29.930801,65.896762],[29.973484,65.889697],[29.987025,65.884693],[29.891651,65.886753],[29.821887,65.909419],[29.812761,65.908536],[29.801575,65.904415],[29.784208,65.903532],[29.76684,65.905298],[29.723569,65.917661],[29.631433,65.912069],[29.53547,65.921783],[29.508094,65.912069],[29.53547,65.903826],[29.631433,65.905298]]]]}},{"type":"Feature","properties":{"min_zoom":7},"geometry":{"type":"MultiPolygon","coordinates":[[[[29.526934,65.204712],[29.539003,65.198824],[29.540474,65.192348],[29.53341,65.187933],[29.474537,65.183517],[29.428616,65.175275],[29.385933,65.158496],[29.349726,65.131415],[29.356497,65.070776],[29.30204,65.060179],[29.231981,65.061356],[29.192536,65.035158],[29.227565,65.023678],[29.240517,65.021323],[29.21638,65.013081],[29.124244,65.014552],[29.15839,64.986588],[29.140139,64.977757],[29.127776,64.965394],[29.127187,64.950381],[29.144849,64.932719],[29.130131,64.933308],[29.116296,64.931836],[29.090097,64.925066],[29.090097,64.918295],[29.13072,64.911525],[29.144849,64.912114],[29.144849,64.904755],[29.078323,64.912408],[29.055951,64.912114],[29.058895,64.903283],[29.0586,64.898573],[29.055951,64.890919],[29.083621,64.858539],[29.132486,64.844999],[29.234041,64.843232],[29.226094,64.83499],[29.223444,64.829986],[29.224033,64.824982],[29.226682,64.815857],[29.183705,64.813502],[29.093041,64.842055],[28.998256,64.856479],[28.906708,64.884738],[28.856667,64.890919],[28.863437,64.890919],[28.844598,64.903283],[28.836355,64.904755],[28.841065,64.913585],[28.848424,64.918295],[28.857844,64.919178],[28.867558,64.916529],[28.859021,64.928892],[28.861671,64.937135],[28.875212,64.937723],[28.897583,64.928892],[28.94527,64.917412],[28.952335,64.908581],[28.952335,64.895924],[28.953807,64.885621],[28.959694,64.87885],[28.97294,64.877379],[28.989719,64.887387],[28.99178,64.906226],[28.99649,64.924477],[29.021216,64.932719],[29.046531,64.93684],[29.054479,64.947732],[29.049181,64.963333],[29.034757,64.980406],[29.058306,64.989237],[29.067431,64.995713],[29.065665,65.00425],[29.057717,65.013375],[29.058012,65.018379],[29.072435,65.031331],[29.07273,65.045755],[29.062427,65.067832],[29.046237,65.087849],[29.027986,65.096386],[29.042999,65.103745],[29.07479,65.10139],[29.090097,65.104039],[29.086271,65.106688],[29.075968,65.116991],[29.08892,65.129649],[29.09834,65.147311],[29.110408,65.162029],[29.130425,65.165267],[29.138079,65.184106],[29.162805,65.198824],[29.179878,65.197058],[29.164866,65.165267],[29.172225,65.165267],[29.138079,65.131415],[29.152797,65.126116],[29.160156,65.118757],[29.158095,65.110809],[29.144849,65.104039],[29.144849,65.082845],[29.188415,65.071659],[29.237868,65.068127],[29.282023,65.077252],[29.309104,65.104039],[29.311165,65.110515],[29.313225,65.124645],[29.31558,65.131415],[29.32029,65.139657],[29.324411,65.144073],[29.355025,65.164972],[29.403006,65.182929],[29.421551,65.185872],[29.428616,65.188522],[29.431854,65.194703],[29.432148,65.21001],[29.437741,65.215603],[29.450988,65.213837],[29.473654,65.206478],[29.513982,65.206772],[29.526934,65.204712]]]]}},{"type":"Feature","properties":{"min_zoom":7},"geometry":{"type":"MultiPolygon","coordinates":[[[[24.327286,69.65903],[24.312568,69.649904],[24.306386,69.640485],[24.313451,69.639013],[24.326697,69.634009],[24.333762,69.633126],[24.310213,69.625766],[24.224847,69.626649],[24.219843,69.62871],[24.218665,69.628121],[24.217782,69.619585],[24.220726,69.61723],[24.238388,69.599568],[24.197177,69.599568],[24.10092,69.626355],[24.105041,69.63342],[24.110634,69.646961],[24.114755,69.654025],[24.100331,69.679929],[24.094149,69.687877],[24.107396,69.687289],[24.115932,69.690527],[24.118582,69.697591],[24.114755,69.708777],[24.282248,69.699063],[24.299616,69.694648],[24.290196,69.691998],[24.282542,69.687877],[24.276361,69.68199],[24.27224,69.674042],[24.318749,69.671687],[24.333762,69.66786],[24.327286,69.65903]]]]}},{"type":"Feature","properties":{"min_zoom":7},"geometry":{"type":"MultiPolygon","coordinates":[[[[37.964293,68.08271],[37.956345,68.072113],[37.939566,68.065931],[37.922493,68.063282],[37.899827,68.06387],[37.886875,68.069758],[37.864503,68.094779],[37.851257,68.106259],[37.840365,68.11038],[37.828591,68.108614],[37.813284,68.101549],[37.790323,68.094484],[37.710256,68.085065],[37.723797,68.099783],[37.749112,68.113029],[37.777371,68.122449],[37.813873,68.129514],[37.825058,68.137167],[37.835361,68.146292],[37.846841,68.152768],[37.862737,68.155418],[37.873923,68.152768],[37.884226,68.148353],[37.926908,68.140699],[37.940449,68.140994],[37.962526,68.154829],[37.977833,68.160422],[38.005209,68.167192],[38.011097,68.166309],[38.015806,68.16366],[38.018456,68.160716],[38.01875,68.159539],[38.053191,68.159539],[38.065848,68.162777],[38.100583,68.186915],[38.104999,68.172785],[38.104704,68.157478],[38.106176,68.14482],[38.115007,68.139816],[38.133552,68.144526],[38.151214,68.152768],[38.167698,68.156006],[38.183888,68.145998],[38.170053,68.132163],[38.162988,68.128042],[38.157101,68.123626],[38.152097,68.118033],[38.149153,68.111852],[38.187126,68.109497],[38.201845,68.097428],[38.191247,68.083887],[38.152686,68.077705],[38.124721,68.078294],[38.098817,68.081827],[38.074974,68.091835],[38.052896,68.111852],[38.059372,68.130691],[38.04642,68.138639],[38.02817,68.137461],[38.01875,68.129219],[38.012274,68.109791],[37.996378,68.104787],[37.976067,68.104198],[37.956639,68.098017],[37.964293,68.08271]]]]}},{"type":"Feature","properties":{"min_zoom":7},"geometry":{"type":"MultiPolygon","coordinates":[[[[36.828342,66.806052],[36.853951,66.802814],[36.97729,66.816944],[36.97258,66.801048],[36.970519,66.796633],[36.970519,66.802814],[36.936079,66.774555],[36.897811,66.753361],[36.856012,66.739821],[36.812151,66.735111],[36.627291,66.74718],[36.599915,66.761898],[36.612278,66.772789],[36.682337,66.796633],[36.693228,66.798399],[36.702059,66.798105],[36.710596,66.799871],[36.720016,66.806052],[36.729141,66.815472],[36.735617,66.820771],[36.743859,66.822831],[36.757988,66.823126],[36.781538,66.820182],[36.828342,66.806052]]]]}},{"type":"Feature","properties":{"min_zoom":7},"geometry":{"type":"MultiPolygon","coordinates":[[[[35.255848,66.802226],[35.271155,66.7931],[35.276454,66.775733],[35.253788,66.757188],[35.221113,66.750712],[35.195798,66.768668],[35.17637,66.760426],[35.166362,66.766902],[35.167245,66.781326],[35.181374,66.796633],[35.165184,66.801343],[35.145167,66.811351],[35.127506,66.823126],[35.120146,66.834017],[35.113376,66.849618],[35.096303,66.864042],[35.076286,66.874345],[35.045672,66.880527],[35.020946,66.889946],[35.007111,66.892007],[34.922334,66.884648],[34.917624,66.880821],[34.915269,66.874934],[34.907321,66.867869],[34.889365,66.860804],[34.871114,66.858155],[34.832847,66.857861],[34.846388,66.864925],[34.854924,66.873756],[34.862578,66.88347],[34.872292,66.892007],[34.893192,66.900838],[34.916152,66.904959],[34.962367,66.905842],[34.947943,66.919383],[34.983267,66.931452],[35.001223,66.932923],[35.053031,66.917322],[35.136925,66.921443],[35.167833,66.912612],[35.177253,66.902898],[35.176076,66.897305],[35.171071,66.892007],[35.167833,66.882293],[35.174898,66.872873],[35.190794,66.869635],[35.209044,66.868163],[35.222585,66.864337],[35.231122,66.854328],[35.233477,66.836961],[35.239953,66.826952],[35.248784,66.815472],[35.251139,66.808407],[35.255848,66.802226]]]]}},{"type":"Feature","properties":{"min_zoom":7},"geometry":{"type":"MultiPolygon","coordinates":[[[[34.190839,66.998861],[34.221453,66.960594],[34.229401,66.94617],[34.183185,66.941166],[34.158165,66.944109],[34.147567,66.957061],[34.146096,66.971485],[34.141974,66.981788],[34.133438,66.989441],[34.119603,66.994445],[34.115187,66.972368],[34.096054,66.966481],[34.073093,66.972957],[34.057492,66.988264],[34.074271,66.999155],[34.084868,67.008869],[34.088106,67.02035],[34.085457,67.036834],[34.078686,67.047725],[34.053077,67.079222],[34.04454,67.087465],[34.008922,67.099828],[33.990377,67.109247],[33.982429,67.121905],[33.986256,67.141333],[33.996264,67.156051],[34.011277,67.16135],[34.030116,67.152813],[34.023346,67.152813],[34.041891,67.150164],[34.064557,67.141039],[34.083985,67.128381],[34.100469,67.099828],[34.119603,67.088936],[34.161108,67.077751],[34.153749,67.053613],[34.152572,67.039778],[34.160225,67.028592],[34.190839,66.998861]]]]}},{"type":"Feature","properties":{"min_zoom":7},"geometry":{"type":"MultiPolygon","coordinates":[[[[33.532641,67.025354],[33.373095,67.074513],[33.207663,67.083932],[33.229151,67.096001],[33.293911,67.116901],[33.296561,67.132208],[33.343659,67.133974],[33.364853,67.139861],[33.379571,67.152813],[33.341304,67.163999],[33.241809,67.221106],[33.272717,67.219928],[33.300682,67.216102],[33.32688,67.207565],[33.351901,67.19373],[33.344836,67.19373],[33.419311,67.157818],[33.502616,67.132208],[33.548242,67.109247],[33.572086,67.101005],[33.598873,67.097473],[33.60682,67.091586],[33.617123,67.077456],[33.633019,67.049786],[33.61418,67.046254],[33.582683,67.026826],[33.5609,67.02241],[33.532641,67.025354]]]]}},{"type":"Feature","properties":{"min_zoom":7},"geometry":{"type":"MultiPolygon","coordinates":[[[[31.278989,66.880821],[31.158888,66.885825],[31.079999,66.89966],[31.006408,66.892007],[30.848923,66.895245],[30.787401,66.906725],[30.727645,66.939988],[30.789461,66.927036],[31.014944,66.919383],[31.079999,66.926447],[31.095894,66.924976],[31.128275,66.917616],[31.234246,66.909963],[31.268686,66.901721],[31.279283,66.895833],[31.296062,66.879938],[31.305776,66.874639],[31.317256,66.871696],[31.278989,66.880821]]]]}},{"type":"Feature","properties":{"min_zoom":7},"geometry":{"type":"MultiPolygon","coordinates":[[[[32.046985,66.330654],[32.037271,66.32359],[32.034916,66.312698],[32.03992,66.304456],[32.048457,66.298569],[32.056993,66.295625],[32.029029,66.283262],[32.024025,66.268838],[32.02844,66.250587],[32.029618,66.227333],[32.01225,66.207021],[31.979281,66.204961],[31.838281,66.244994],[31.596902,66.262068],[31.619274,66.276491],[31.700813,66.295625],[31.674026,66.309755],[31.608088,66.324473],[31.590721,66.33713],[31.610149,66.336247],[31.614858,66.344489],[31.61427,66.356264],[31.618096,66.364506],[31.636347,66.368627],[31.672848,66.366861],[31.690216,66.374515],[31.7067,66.377753],[31.846817,66.353026],[31.86183,66.347139],[31.882435,66.329477],[31.90569,66.315053],[31.931889,66.309166],[31.960736,66.316819],[31.972511,66.326239],[31.97987,66.338013],[31.985463,66.350082],[31.991939,66.360974],[32.006951,66.366861],[32.030206,66.367156],[32.052284,66.363034],[32.063764,66.357147],[32.074361,66.34655],[32.081426,66.341251],[32.090551,66.33713],[32.077304,66.333598],[32.046985,66.330654]]],[[[31.835337,66.310638],[31.850938,66.316819],[31.839458,66.326828],[31.826212,66.332421],[31.796481,66.33713],[31.782057,66.344195],[31.773521,66.337425],[31.773226,66.324473],[31.78294,66.312993],[31.79913,66.307988],[31.817087,66.307694],[31.835337,66.310638]]]]}},{"type":"Feature","properties":{"min_zoom":7},"geometry":{"type":"MultiPolygon","coordinates":[[[[30.309354,64.569474],[30.296107,64.555933],[30.296107,64.556227],[30.301406,64.562703],[30.309354,64.569474]]]]}},{"type":"Feature","properties":{"min_zoom":7},"geometry":{"type":"MultiPolygon","coordinates":[[[[30.341734,64.396976],[30.3644,64.384024],[30.258134,64.396976],[30.203971,64.394622],[30.186309,64.370189],[30.170119,64.376077],[30.153046,64.386968],[30.124787,64.411106],[30.152752,64.423764],[30.153046,64.436127],[30.140977,64.451434],[30.130969,64.472628],[30.161877,64.477927],[30.174535,64.484108],[30.179539,64.496766],[30.170708,64.510012],[30.127437,64.518843],[30.110658,64.527968],[30.123021,64.529735],[30.128614,64.535033],[30.133913,64.541509],[30.144804,64.54828],[30.154224,64.549457],[30.174535,64.547985],[30.182777,64.552106],[30.186309,64.558288],[30.18837,64.56447],[30.192197,64.568002],[30.19985,64.565941],[30.212508,64.558877],[30.219278,64.555933],[30.244593,64.555933],[30.260489,64.559465],[30.274324,64.566825],[30.287865,64.571829],[30.302878,64.569474],[30.299345,64.566236],[30.297873,64.562998],[30.297285,64.559465],[30.296107,64.556227],[30.289042,64.547102],[30.282566,64.541509],[30.271675,64.539449],[30.256074,64.537682],[30.241944,64.534739],[30.234585,64.527968],[30.243416,64.511778],[30.270792,64.511778],[30.323483,64.521198],[30.323483,64.515016],[30.298756,64.508835],[30.263138,64.494117],[30.231641,64.474394],[30.220456,64.452317],[30.241944,64.441131],[30.37117,64.459676],[30.37117,64.452317],[30.297285,64.423175],[30.268731,64.418171],[30.291397,64.407279],[30.341734,64.396976]]]]}},{"type":"Feature","properties":{"min_zoom":7},"geometry":{"type":"MultiPolygon","coordinates":[[[[31.275457,63.485919],[31.302244,63.474145],[31.317845,63.464431],[31.315784,63.453539],[31.289292,63.438527],[31.292235,63.4347],[31.296651,63.424397],[31.281933,63.422631],[31.271041,63.425575],[31.261621,63.432345],[31.240722,63.452362],[31.231596,63.458544],[31.221588,63.46237],[31.165364,63.474734],[31.152118,63.479443],[31.111201,63.507408],[31.126803,63.510057],[31.130041,63.519183],[31.130924,63.530957],[31.138872,63.540966],[31.14888,63.54332],[31.160066,63.541849],[31.171252,63.537728],[31.180377,63.532723],[31.205398,63.52507],[31.275457,63.485919]]]]}},{"type":"Feature","properties":{"min_zoom":7},"geometry":{"type":"MultiPolygon","coordinates":[[[[32.428187,62.966072],[32.464982,62.93958],[32.481761,62.911026],[32.457917,62.912204],[32.437901,62.915736],[32.419356,62.921918],[32.399633,62.931632],[32.392863,62.937225],[32.386976,62.943701],[32.381088,62.949294],[32.372257,62.951354],[32.346942,62.950177],[32.337522,62.951354],[32.318977,62.957536],[32.26246,62.986089],[32.241265,62.993448],[32.220071,62.997569],[32.152073,63.001102],[32.132351,63.005812],[32.114689,63.013171],[32.101148,63.023768],[32.089668,63.03878],[32.087019,63.049377],[32.090551,63.078519],[32.097321,63.082641],[32.111745,63.070866],[32.131762,63.047611],[32.151484,63.042313],[32.167674,63.03201],[32.185336,63.026123],[32.208002,63.033187],[32.186219,63.044079],[32.165319,63.05762],[32.155605,63.074693],[32.166202,63.095887],[32.208002,63.067922],[32.229196,63.066451],[32.288952,63.053204],[32.306909,63.044079],[32.341643,62.999924],[32.351357,62.993448],[32.385504,62.985795],[32.428187,62.966072]]]]}},{"type":"Feature","properties":{"min_zoom":7},"geometry":{"type":"MultiPolygon","coordinates":[[[[34.041596,62.567503],[34.02835,62.56927],[34.017164,62.574568],[34.008628,62.585754],[34.006273,62.597529],[34.005978,62.610186],[34.003623,62.623138],[33.985078,62.648453],[33.980663,62.662583],[33.989199,62.678184],[34.00745,62.684366],[34.033943,62.6826],[34.060141,62.677007],[34.077803,62.670825],[34.071916,62.678184],[34.104885,62.659639],[34.149039,62.649631],[34.183774,62.635207],[34.187895,62.602533],[34.182891,62.599295],[34.164935,62.591347],[34.161108,62.585165],[34.163169,62.578984],[34.172588,62.563677],[34.174943,62.561027],[34.165524,62.546309],[34.153455,62.543071],[34.137853,62.546898],[34.095465,62.564265],[34.083396,62.567209],[34.067795,62.568386],[34.041596,62.567503]]]]}},{"type":"Feature","properties":{"min_zoom":7},"geometry":{"type":"MultiPolygon","coordinates":[[[[33.863212,62.557789],[33.871748,62.546309],[33.877341,62.53424],[33.87322,62.520111],[33.854381,62.510102],[33.722506,62.500683],[33.704549,62.505393],[33.712203,62.523643],[33.720151,62.53424],[33.728099,62.548664],[33.733691,62.564854],[33.735458,62.582222],[33.729276,62.636385],[33.733691,62.650808],[33.744877,62.644038],[33.769604,62.615485],[33.781378,62.630203],[33.780495,62.644921],[33.77608,62.658756],[33.776963,62.670825],[33.790798,62.682894],[33.806399,62.681128],[33.820823,62.672591],[33.83142,62.664055],[33.82465,62.670825],[33.832892,62.667293],[33.84084,62.661994],[33.844961,62.655224],[33.841723,62.647276],[33.835247,62.637856],[33.836719,62.634324],[33.841723,62.630792],[33.845255,62.623138],[33.848199,62.609597],[33.85703,62.583399],[33.858796,62.571624],[33.863212,62.557789]]]]}},{"type":"Feature","properties":{"min_zoom":7},"geometry":{"type":"MultiPolygon","coordinates":[[[[32.409936,62.249001],[32.43584,62.261953],[32.444965,62.244586],[32.440844,62.218093],[32.427009,62.204552],[32.416118,62.200431],[32.411408,62.189834],[32.408464,62.177471],[32.402871,62.167168],[32.391391,62.158926],[32.351946,62.143325],[32.345765,62.13626],[32.331341,62.123308],[32.316623,62.117715],[32.310441,62.132728],[32.314562,62.144502],[32.321038,62.154216],[32.320744,62.162753],[32.303376,62.170701],[32.322215,62.173644],[32.340172,62.179531],[32.35489,62.189834],[32.365487,62.204552],[32.347236,62.216327],[32.293956,62.236344],[32.283065,62.242525],[32.292779,62.257832],[32.315151,62.266074],[32.340466,62.268724],[32.358128,62.266663],[32.344293,62.266663],[32.359011,62.264308],[32.363132,62.257244],[32.364898,62.248413],[32.372257,62.239582],[32.389036,62.230456],[32.39669,62.231045],[32.409936,62.249001]]]]}},{"type":"Feature","properties":{"min_zoom":7},"geometry":{"type":"MultiPolygon","coordinates":[[[[32.132056,62.280498],[32.138827,62.278732],[32.14442,62.276083],[32.132056,62.280498]]]]}},{"type":"Feature","properties":{"min_zoom":7},"geometry":{"type":"MultiPolygon","coordinates":[[[[32.149129,62.274022],[32.147069,62.274611],[32.145303,62.2752],[32.145008,62.275494],[32.14442,62.275789],[32.14442,62.276083],[32.149129,62.274022]]]]}},{"type":"Feature","properties":{"min_zoom":7},"geometry":{"type":"MultiPolygon","coordinates":[[[[32.150896,62.273728],[32.152662,62.273139],[32.149129,62.274022],[32.150896,62.273728]]]]}},{"type":"Feature","properties":{"min_zoom":7},"geometry":{"type":"MultiPolygon","coordinates":[[[[32.217716,62.235755],[32.261576,62.216621],[32.282182,62.201903],[32.276,62.187479],[32.266581,62.180415],[32.26246,62.173055],[32.25981,62.165108],[32.255689,62.157454],[32.24627,62.144502],[32.244209,62.140381],[32.239205,62.14303],[32.173562,62.170701],[32.104386,62.184241],[32.150896,62.200726],[32.172678,62.216327],[32.170029,62.235755],[32.156488,62.245763],[32.113511,62.268724],[32.09791,62.273139],[32.108507,62.278438],[32.12087,62.280498],[32.133234,62.279321],[32.145303,62.2752],[32.150896,62.27049],[32.16061,62.260482],[32.166497,62.25636],[32.205942,62.243997],[32.217716,62.235755]]]]}},{"type":"Feature","properties":{"min_zoom":7},"geometry":{"type":"MultiPolygon","coordinates":[[[[19.474987,66.693605],[19.439075,66.671528],[19.427889,66.657399],[19.440841,66.645624],[19.440841,66.638265],[19.252743,66.688896],[19.243029,66.696843],[19.245972,66.711267],[19.249505,66.718038],[19.245383,66.723042],[19.225367,66.731284],[19.202701,66.73305],[19.162962,66.719509],[19.139412,66.724219],[19.107032,66.743353],[19.089665,66.751301],[19.07112,66.754244],[19.0617,66.758954],[19.023139,66.789862],[18.999589,66.800754],[18.885082,66.829307],[18.872424,66.830779],[18.84446,66.830779],[18.844754,66.828718],[18.843282,66.824303],[18.840633,66.819593],[18.837689,66.816944],[18.813257,66.814883],[18.749086,66.816944],[18.727891,66.823126],[18.740843,66.827835],[18.769691,66.833134],[18.782937,66.837549],[18.766453,66.844614],[18.726125,66.847852],[18.707875,66.85109],[18.669313,66.869635],[18.54568,66.887297],[18.45325,66.879055],[18.41616,66.879643],[18.387606,66.884648],[18.368473,66.885825],[18.353166,66.882587],[18.324612,66.867575],[18.310189,66.864337],[18.021123,66.858744],[17.819484,66.8767],[17.780039,66.887003],[17.748836,66.905842],[17.730586,66.930863],[17.740594,66.937633],[17.764143,66.931157],[17.814185,66.900249],[17.852158,66.894656],[18.139752,66.881998],[18.225706,66.869341],[18.268978,66.871696],[18.360525,66.896422],[18.474444,66.89966],[18.543914,66.912612],[18.579237,66.909374],[18.954257,66.830779],[18.950725,66.834017],[18.941305,66.844908],[18.965443,66.851385],[18.996057,66.851385],[19.025788,66.845792],[19.069942,66.823126],[19.12911,66.81871],[19.153542,66.809585],[19.106738,66.810468],[19.082306,66.806936],[19.071709,66.796633],[19.07583,66.785447],[19.08731,66.783092],[19.100851,66.783681],[19.112037,66.782209],[19.125872,66.763958],[19.132936,66.758071],[19.173264,66.744825],[19.22625,66.739232],[19.277175,66.745708],[19.310438,66.768668],[19.316914,66.759249],[19.324567,66.754833],[19.33281,66.751301],[19.341641,66.745119],[19.345173,66.738054],[19.346056,66.722747],[19.351649,66.713916],[19.365778,66.70538],[19.381674,66.703908],[19.413465,66.707146],[19.42995,66.705674],[19.474987,66.693605]]]]}},{"type":"Feature","properties":{"min_zoom":7},"geometry":{"type":"MultiPolygon","coordinates":[[[[17.139797,65.070187],[17.212799,65.07107],[17.241647,65.062239],[17.2284,65.058413],[17.21486,65.056352],[17.131849,65.055469],[17.112127,65.061651],[17.07592,65.079312],[17.056197,65.082845],[17.046778,65.094325],[17.031176,65.102862],[17.012632,65.10816],[16.995264,65.110221],[16.984961,65.114931],[16.977602,65.126705],[16.967594,65.151726],[16.950815,65.164678],[16.929032,65.174392],[16.899301,65.195881],[16.885172,65.200885],[16.85809,65.206478],[16.841017,65.207361],[16.829243,65.2053],[16.827771,65.200296],[16.843961,65.192643],[16.843961,65.185872],[16.816585,65.188227],[16.790387,65.194114],[16.741522,65.213837],[16.754474,65.220019],[16.745938,65.224728],[16.736224,65.227378],[16.725332,65.227966],[16.714735,65.226789],[16.717384,65.222668],[16.720328,65.220019],[16.704727,65.21001],[16.688242,65.216192],[16.652036,65.241213],[16.570791,65.262996],[16.549008,65.275359],[16.538411,65.267706],[16.526342,65.263879],[16.51339,65.264173],[16.500732,65.267706],[16.50868,65.281835],[16.512801,65.295964],[16.508975,65.308033],[16.494551,65.316276],[16.494551,65.322457],[16.515451,65.326578],[16.512801,65.336587],[16.496023,65.346595],[16.473651,65.351011],[16.449807,65.352777],[16.354139,65.37662],[16.340598,65.38604],[16.327058,65.390455],[16.30498,65.405174],[16.270245,65.416654],[16.254938,65.426073],[16.274072,65.427545],[16.306746,65.421952],[16.34001,65.412533],[16.385342,65.386923],[16.417722,65.378092],[16.487192,65.370733],[16.484542,65.378092],[16.480716,65.385157],[16.507797,65.381919],[16.539294,65.362196],[16.554895,65.338059],[16.534879,65.322457],[16.548419,65.311566],[16.594046,65.301263],[16.60376,65.291843],[16.613474,65.277714],[16.637023,65.273004],[16.686182,65.275359],[16.673524,65.291255],[16.631724,65.313626],[16.617301,65.329816],[16.632607,65.329816],[16.651152,65.326873],[16.686182,65.316276],[16.698545,65.308328],[16.724449,65.286545],[16.734457,65.282129],[16.756535,65.281246],[16.803044,65.272415],[16.823355,65.264467],[16.83042,65.259758],[16.838662,65.250632],[16.843961,65.247394],[16.85603,65.243862],[16.892237,65.241213],[16.951404,65.222668],[17.010277,65.194998],[17.063262,65.15938],[17.103884,65.116991],[17.087106,65.112281],[17.052959,65.116108],[17.035886,65.110221],[17.097408,65.090204],[17.114187,65.079312],[17.139797,65.070187]]]]}},{"type":"Feature","properties":{"min_zoom":7},"geometry":{"type":"MultiPolygon","coordinates":[[[[15.513435,64.231249],[15.473402,64.243024],[15.452207,64.246851],[15.469869,64.25421],[15.489297,64.254799],[15.509608,64.250677],[15.546404,64.23802],[15.641483,64.232721],[15.66621,64.221535],[15.703006,64.188567],[15.715663,64.183562],[15.729204,64.187978],[15.742745,64.195043],[15.754519,64.198869],[15.768943,64.197103],[15.778068,64.191805],[15.79573,64.178558],[15.825461,64.168844],[15.895814,64.155009],[15.921718,64.140585],[15.921129,64.127045],[15.891987,64.086128],[15.884334,64.06876],[15.8861,64.058458],[15.895225,64.045506],[15.897875,64.035203],[15.895225,64.024311],[15.88139,64.004589],[15.878152,63.99723],[15.867261,63.978391],[15.842534,63.979274],[15.81663,63.991637],[15.802501,64.007238],[15.800734,64.031082],[15.808388,64.049038],[15.818102,64.065817],[15.823106,64.086128],[15.817219,64.111443],[15.802206,64.130283],[15.780423,64.143235],[15.754519,64.151182],[15.692114,64.163251],[15.672097,64.171788],[15.659734,64.18003],[15.630592,64.205934],[15.608809,64.215942],[15.513435,64.231249]]]]}},{"type":"Feature","properties":{"min_zoom":7},"geometry":{"type":"MultiPolygon","coordinates":[[[[15.421593,62.442693],[15.446026,62.431213],[15.391568,62.431213],[15.410996,62.420616],[15.41865,62.417672],[15.399516,62.410313],[15.378322,62.410607],[15.336817,62.417672],[15.314445,62.417672],[15.250862,62.410607],[15.236733,62.407664],[15.204353,62.393534],[15.102797,62.382937],[15.109567,62.371162],[15.124874,62.353795],[15.130762,62.341726],[15.130762,62.336133],[15.124874,62.324653],[15.123403,62.317883],[15.125463,62.311701],[15.129879,62.306991],[15.134883,62.303459],[15.137826,62.300809],[15.159021,62.266663],[15.162259,62.253417],[15.162553,62.241348],[15.164319,62.229868],[15.172267,62.218388],[15.146657,62.223392],[15.109862,62.263131],[15.086313,62.273139],[15.062764,62.279615],[15.038331,62.295217],[15.000653,62.328185],[14.984168,62.339371],[14.976809,62.346436],[14.973277,62.355561],[14.975337,62.36763],[14.984463,62.366158],[14.99712,62.359682],[15.010661,62.355561],[15.034799,62.324947],[15.040098,62.319943],[15.075421,62.300809],[15.073655,62.316116],[15.080425,62.330246],[15.084841,62.344964],[15.075421,62.362332],[15.060114,62.372634],[14.96003,62.408841],[14.94384,62.419144],[14.939131,62.437394],[14.947962,62.461238],[14.961502,62.459472],[14.986818,62.431213],[15.024202,62.406486],[15.071889,62.396183],[15.123697,62.396478],[15.192578,62.408547],[15.236733,62.421793],[15.254395,62.431213],[15.269702,62.446814],[15.25881,62.452407],[15.237027,62.457706],[15.220248,62.472129],[15.251157,62.470658],[15.34241,62.437394],[15.34241,62.444754],[15.322687,62.454468],[15.316505,62.459177],[15.313267,62.463298],[15.30738,62.47419],[15.30267,62.478311],[15.284714,62.484787],[15.244975,62.49038],[15.227019,62.499505],[15.234967,62.502743],[15.243209,62.504804],[15.25204,62.505687],[15.261165,62.505687],[15.287069,62.497739],[15.330929,62.477722],[15.350063,62.46477],[15.371846,62.453584],[15.421593,62.442693]]]]}},{"type":"Feature","properties":{"min_zoom":7},"geometry":{"type":"MultiPolygon","coordinates":[[[[15.157254,62.808882],[15.137826,62.814769],[15.148718,62.845089],[15.121048,62.859218],[15.053344,62.863339],[15.062469,62.868344],[15.073949,62.869815],[15.083075,62.87688],[15.075421,62.88365],[15.08072,62.890126],[15.089256,62.911026],[15.072772,62.915147],[15.056288,62.93016],[15.027734,62.965778],[15.039803,62.965778],[15.050695,62.963423],[15.060114,62.958713],[15.068651,62.951354],[15.079542,62.961657],[15.089551,62.964895],[15.096321,62.959891],[15.096615,62.945173],[15.12458,62.924567],[15.241148,62.911615],[15.247624,62.88365],[15.417767,62.761195],[15.431896,62.739118],[15.415117,62.731464],[15.400988,62.736468],[15.37685,62.759723],[15.359483,62.770909],[15.343881,62.775324],[15.30267,62.780034],[15.227019,62.807999],[15.204058,62.810354],[15.157254,62.808882]]]]}},{"type":"Feature","properties":{"min_zoom":7},"geometry":{"type":"MultiPolygon","coordinates":[[[[14.605322,62.768554],[14.599729,62.773853],[14.586482,62.781506],[14.568821,62.79799],[14.560873,62.814769],[14.575591,62.822128],[14.59443,62.814181],[14.610915,62.798579],[14.628576,62.787688],[14.650948,62.794458],[14.640057,62.803583],[14.627399,62.810354],[14.619746,62.817713],[14.623867,62.829193],[14.616508,62.830959],[14.613858,62.832137],[14.610032,62.835375],[14.622984,62.841262],[14.62475,62.846855],[14.620923,62.853625],[14.610032,62.887183],[14.606794,62.893364],[14.58766,62.9072],[14.521134,62.931632],[14.526432,62.938402],[14.530553,62.945761],[14.533497,62.953709],[14.536146,62.970782],[14.540856,62.974315],[14.547626,62.975786],[14.574119,62.988444],[14.599729,62.995803],[14.621806,62.994626],[14.630637,62.979319],[14.631226,62.971665],[14.630637,62.965778],[14.63152,62.961657],[14.637407,62.958713],[14.625633,62.950471],[14.609737,62.945761],[14.595608,62.939874],[14.58972,62.928099],[14.597374,62.916619],[14.636524,62.910732],[14.650948,62.904256],[14.658013,62.88365],[14.652714,62.838613],[14.668316,62.805938],[14.6639,62.79593],[14.655658,62.786216],[14.650948,62.773853],[14.654186,62.766199],[14.668316,62.748537],[14.681268,62.722045],[14.718358,62.691725],[14.719829,62.670825],[14.676558,62.707915],[14.623867,62.736174],[14.620334,62.739118],[14.614741,62.744711],[14.605322,62.768554]]]]}},{"type":"Feature","properties":{"min_zoom":7},"geometry":{"type":"MultiPolygon","coordinates":[[[[16.906072,60.608216],[16.898124,60.595852],[16.893414,60.583489],[16.89518,60.573186],[16.906072,60.567299],[16.886644,60.552875],[16.863683,60.554053],[16.816585,60.567299],[16.789798,60.563767],[16.757712,60.53904],[16.734457,60.533153],[16.718856,60.535802],[16.698251,60.542573],[16.680294,60.552287],[16.672641,60.563472],[16.664693,60.578485],[16.645854,60.578485],[16.60376,60.567299],[16.60376,60.574069],[16.621716,60.583784],[16.632313,60.594381],[16.643793,60.60174],[16.665282,60.601445],[16.715029,60.589082],[16.741817,60.585255],[16.768898,60.587905],[16.783028,60.592614],[16.784794,60.596441],[16.783616,60.601151],[16.789209,60.608216],[16.803339,60.61999],[16.813053,60.625583],[16.823944,60.628821],[16.844255,60.628232],[16.871631,60.6247],[16.896063,60.61793],[16.906072,60.608216]]]]}},{"type":"Feature","properties":{"min_zoom":7},"geometry":{"type":"MultiPolygon","coordinates":[[[[10.33086,60.117216],[10.332921,60.112507],[10.333804,60.107502],[10.33351,60.101321],[10.32409,60.083659],[10.313787,60.069824],[10.301424,60.057755],[10.285528,60.046569],[10.267278,60.038916],[10.258152,60.033911],[10.251676,60.025375],[10.249616,60.012423],[10.255209,60.005358],[10.262273,59.998882],[10.265806,59.987991],[10.273459,59.97651],[10.306722,59.947957],[10.313787,59.930001],[10.3079,59.912633],[10.29642,59.90027],[10.284939,59.90027],[10.269338,59.954727],[10.242551,59.977688],[10.115091,60.020076],[10.085949,60.020076],[10.062989,60.008302],[10.048271,59.996233],[10.029431,59.98593],[10.009709,59.97916],[9.991458,59.977688],[10.003233,59.998882],[10.027665,60.026552],[10.055041,60.050101],[10.090659,60.066586],[10.113914,60.094845],[10.124805,60.101321],[10.133342,60.104264],[10.146588,60.118394],[10.155714,60.121632],[10.168371,60.120454],[10.171021,60.116922],[10.169549,60.110446],[10.170726,60.06217],[10.17573,60.052751],[10.195158,60.043625],[10.21076,60.049513],[10.223417,60.060404],[10.234309,60.066586],[10.264334,60.060698],[10.279347,60.063053],[10.285528,60.077477],[10.289649,60.093079],[10.299658,60.104559],[10.326739,60.121632],[10.33086,60.117216]]]]}},{"type":"Feature","properties":{"min_zoom":7},"geometry":{"type":"MultiPolygon","coordinates":[[[[8.839612,61.864267],[8.860217,61.862207],[9.121318,61.876336],[9.082462,61.866328],[8.99533,61.856614],[8.612657,61.857791],[8.566147,61.841601],[8.524053,61.851904],[8.455761,61.883107],[8.489907,61.883107],[8.504331,61.880457],[8.526114,61.867505],[8.538477,61.862207],[8.557611,61.860146],[8.614129,61.869566],[8.78486,61.876336],[8.803699,61.873981],[8.839612,61.864267]]]]}},{"type":"Feature","properties":{"min_zoom":7},"geometry":{"type":"MultiPolygon","coordinates":[[[[11.042927,63.290756],[11.073835,63.281042],[11.080311,63.271917],[11.069714,63.269267],[11.052641,63.268973],[11.039983,63.267207],[11.032624,63.258965],[11.027914,63.24719],[11.021438,63.236887],[11.009075,63.232472],[10.949025,63.22423],[10.929597,63.229234],[10.908991,63.236593],[10.719127,63.271622],[10.676149,63.27486],[10.504829,63.267207],[10.52985,63.281925],[10.566057,63.287518],[10.913407,63.265441],[10.950497,63.267207],[11.010547,63.286341],[11.042927,63.290756]]]]}},{"type":"Feature","properties":{"min_zoom":7},"geometry":{"type":"MultiPolygon","coordinates":[[[[12.299273,64.260097],[12.340484,64.257742],[12.355202,64.246851],[12.333714,64.236548],[12.210375,64.21712],[12.199189,64.210938],[12.167692,64.185329],[12.155035,64.180913],[11.90615,64.148239],[11.657265,64.115564],[11.635776,64.099963],[11.631655,64.067289],[11.618409,64.0458],[11.59486,64.035203],[11.560125,64.035203],[11.563363,64.038735],[11.566306,64.040207],[11.573666,64.041973],[11.595743,64.061401],[11.604279,64.072882],[11.607812,64.086128],[11.604279,64.095842],[11.587501,64.107322],[11.581025,64.117036],[11.614288,64.12204],[11.693177,64.122923],[11.735566,64.139113],[11.768829,64.14088],[11.783547,64.14765],[11.794439,64.156187],[11.807391,64.162957],[11.820931,64.168255],[11.835061,64.171788],[11.910124,64.178558],[11.958105,64.190038],[12.007558,64.193276],[12.12236,64.217414],[12.178584,64.23802],[12.21067,64.24479],[12.225388,64.250383],[12.253352,64.256565],[12.299273,64.260097]]]]}},{"type":"Feature","properties":{"min_zoom":7},"geometry":{"type":"MultiPolygon","coordinates":[[[[14.165247,63.975447],[14.204692,63.983984],[14.226475,64.007238],[14.212051,64.009593],[14.172018,64.027549],[14.102842,64.041973],[14.101959,64.044034],[14.101665,64.047861],[14.100782,64.051982],[14.096661,64.054925],[14.088418,64.056103],[14.070462,64.054042],[14.061926,64.054925],[14.04809,64.062284],[14.026602,64.079063],[14.01365,64.082301],[14.000992,64.084067],[13.966257,64.094076],[13.95566,64.099963],[13.943886,64.108205],[13.91857,64.114681],[13.854399,64.140291],[13.828495,64.154715],[13.814954,64.171788],[13.839681,64.176203],[13.867351,64.165901],[13.917981,64.136759],[14.134339,64.075236],[14.18703,64.046977],[14.273573,64.014009],[14.268569,64.011359],[14.258561,64.003706],[14.253262,64.001057],[14.419578,63.930409],[14.530848,63.850048],[14.555574,63.835918],[14.593842,63.823849],[14.674497,63.818257],[14.713059,63.809131],[14.681268,63.797651],[14.636524,63.794707],[14.555574,63.801772],[14.54586,63.815607],[14.526727,63.828559],[14.462555,63.861234],[14.390436,63.883605],[14.395734,63.885077],[14.406037,63.889493],[14.411336,63.890964],[14.400444,63.903622],[14.38396,63.912453],[14.349519,63.924522],[14.287408,63.960434],[14.266803,63.965439],[14.248847,63.961612],[14.231479,63.954547],[14.213817,63.952192],[14.195567,63.962495],[14.174667,63.969265],[14.114322,63.962201],[14.088713,63.965439],[14.12227,63.972503],[14.165247,63.975447]]]]}},{"type":"Feature","properties":{"min_zoom":7},"geometry":{"type":"MultiPolygon","coordinates":[[[[13.49292,64.822627],[13.473786,64.836168],[13.410792,64.857656],[13.410792,64.863838],[13.482911,64.870314],[13.517646,64.880617],[13.541195,64.898573],[13.519707,64.905932],[13.494097,64.910642],[13.471137,64.917707],[13.458773,64.932719],[13.575342,64.93949],[13.572104,64.935074],[13.570043,64.931542],[13.567394,64.928304],[13.561801,64.925066],[13.577402,64.920061],[13.608605,64.917412],[13.623323,64.912114],[13.607133,64.905638],[13.58064,64.900339],[13.568571,64.890919],[13.567688,64.884738],[13.568277,64.873552],[13.567099,64.860894],[13.561801,64.850003],[13.603895,64.840878],[13.616847,64.835873],[13.605072,64.819389],[13.629505,64.7979],[13.691027,64.767581],[13.728705,64.756101],[13.736948,64.748447],[13.739891,64.723721],[13.741952,64.718422],[13.745484,64.714007],[13.749605,64.709885],[13.7499,64.703409],[13.734887,64.702526],[13.705156,64.706647],[13.576813,64.750508],[13.537957,64.777884],[13.513231,64.802316],[13.496158,64.809086],[13.492331,64.810852],[13.492625,64.814385],[13.494097,64.819095],[13.49292,64.822627]]]]}},{"type":"Feature","properties":{"min_zoom":7},"geometry":{"type":"MultiPolygon","coordinates":[[[[13.509993,65.032803],[13.494097,65.042517],[13.479379,65.055469],[13.498513,65.052231],[13.515291,65.0434],[13.547377,65.021323],[13.570632,65.013375],[13.595358,65.010726],[13.643634,65.014552],[13.766384,65.039279],[13.779336,65.039279],[13.794643,65.035158],[13.802591,65.028976],[13.805534,65.021911],[13.80995,65.016613],[13.821724,65.014552],[13.782574,65.00425],[13.600657,64.995419],[13.580346,64.99012],[13.561801,64.980406],[13.557385,64.973636],[13.556502,64.965688],[13.556797,64.958034],[13.555031,64.95303],[13.545022,64.948909],[13.538546,64.951853],[13.535308,64.956857],[13.534425,64.959801],[13.51382,64.972458],[13.513231,64.982761],[13.521767,64.993652],[13.527655,65.007782],[13.522945,65.022795],[13.509993,65.032803]]]]}},{"type":"Feature","properties":{"min_zoom":7},"geometry":{"type":"MultiPolygon","coordinates":[[[[13.973028,65.672456],[13.807889,65.677755],[13.780219,65.686291],[13.801413,65.693945],[13.827906,65.695417],[13.879714,65.693062],[13.898553,65.695711],[13.952128,65.713373],[13.948301,65.725442],[13.949773,65.739571],[13.944769,65.748108],[13.932405,65.752523],[13.916804,65.753112],[13.906796,65.757822],[13.910622,65.774895],[13.901497,65.778427],[13.898259,65.78196],[13.895904,65.785198],[13.890017,65.789024],[13.880303,65.791674],[13.857931,65.79344],[13.8491,65.796089],[13.841447,65.803448],[13.824962,65.826703],[13.814954,65.837006],[13.835265,65.838183],[13.859697,65.830824],[13.883541,65.818755],[13.900614,65.806097],[13.928873,65.791674],[13.96037,65.794617],[13.993044,65.804037],[14.038376,65.811102],[14.069285,65.820227],[14.082237,65.826409],[14.119327,65.852901],[14.130512,65.857022],[14.145231,65.857906],[14.161715,65.861438],[14.176728,65.867031],[14.188796,65.87439],[14.19645,65.884104],[14.200571,65.891757],[14.208225,65.896762],[14.411041,65.91354],[14.431941,65.909419],[14.438123,65.898233],[14.427526,65.892641],[14.239427,65.864382],[14.216761,65.857022],[14.19174,65.842599],[14.169957,65.823465],[14.158183,65.802271],[14.172901,65.802565],[14.187325,65.799621],[14.198805,65.793145],[14.20587,65.782254],[14.186736,65.781665],[14.137283,65.761354],[14.08047,65.753995],[14.065458,65.744575],[14.073406,65.729563],[14.172018,65.686291],[14.138755,65.672456],[14.106669,65.664214],[14.03455,65.658915],[14.017182,65.660976],[13.986274,65.670396],[13.973028,65.672456]]]]}},{"type":"Feature","properties":{"min_zoom":7},"geometry":{"type":"MultiPolygon","coordinates":[[[[19.831168,68.414164],[19.886214,68.413575],[19.948031,68.372364],[19.906525,68.365005],[19.77936,68.405333],[19.762876,68.418873],[19.747569,68.434769],[19.729024,68.447427],[19.665441,68.465677],[19.530917,68.4854],[19.391094,68.527199],[19.340463,68.55487],[19.303079,68.561346],[19.194458,68.564289],[19.186805,68.566056],[19.184156,68.570471],[19.183273,68.575181],[19.180918,68.578419],[19.146183,68.595786],[19.103794,68.600791],[19.070531,68.609033],[19.009598,68.632582],[19.242734,68.574886],[19.353415,68.563406],[19.588612,68.497763],[19.667502,68.495408],[19.721959,68.502767],[19.762581,68.495408],[19.777299,68.495408],[19.704592,68.478041],[19.694583,68.468621],[19.713422,68.457435],[19.817627,68.447427],[19.813212,68.423878],[19.831168,68.414164]]]]}},{"type":"Feature","properties":{"min_zoom":7},"geometry":{"type":"MultiPolygon","coordinates":[[[[14.227947,58.971257],[14.20116,58.976555],[14.151412,58.977144],[14.109613,58.970668],[14.099899,58.972434],[14.116677,58.983914],[14.137283,58.990685],[14.230302,58.992745],[14.247669,58.998633],[14.25444,59.010113],[14.242959,59.028952],[14.225298,59.037783],[14.182909,59.038961],[14.164364,59.046025],[14.193506,59.055739],[14.224415,59.052796],[14.280638,59.032485],[14.273573,59.046025],[14.291824,59.05309],[14.342749,59.08076],[14.343043,59.06457],[14.342749,59.059566],[14.348047,59.032779],[14.349814,59.008347],[14.356584,58.987447],[14.37719,58.970962],[14.363354,58.961543],[14.342749,58.937699],[14.328325,58.928574],[14.264742,58.910029],[14.242959,58.908263],[14.238544,58.911207],[14.24031,58.917977],[14.246492,58.928574],[14.246786,58.933578],[14.249141,58.937111],[14.252085,58.940349],[14.253262,58.942998],[14.250319,58.947708],[14.241488,58.955067],[14.239427,58.960071],[14.227947,58.971257]]]]}},{"type":"Feature","properties":{"min_zoom":7},"geometry":{"type":"MultiPolygon","coordinates":[[[[14.467854,58.564151],[14.472858,58.549139],[14.476979,58.530888],[14.474624,58.522057],[14.462555,58.518525],[14.448426,58.516464],[14.428703,58.5094],[14.417517,58.510871],[14.4393,58.535892],[14.445482,58.546489],[14.436062,58.54855],[14.430764,58.552082],[14.421344,58.562385],[14.409864,58.568861],[14.390436,58.568567],[14.37719,58.572982],[14.328325,58.624496],[14.314196,58.644218],[14.284465,58.642158],[14.255912,58.621847],[14.246492,58.586817],[14.204103,58.587406],[14.18703,58.593293],[14.179377,58.613899],[14.19174,58.612427],[14.202337,58.614193],[14.209991,58.620375],[14.216172,58.643924],[14.224709,58.646868],[14.2356,58.646279],[14.246492,58.648045],[14.27063,58.672477],[14.279166,58.677187],[14.29153,58.680131],[14.315079,58.68278],[14.333329,58.675421],[14.348342,58.661586],[14.358939,58.64569],[14.368359,58.613016],[14.381899,58.598592],[14.399561,58.5877],[14.417517,58.579753],[14.454607,58.571216],[14.467854,58.564151]]]]}},{"type":"Feature","properties":{"min_zoom":7},"geometry":{"type":"MultiPolygon","coordinates":[[[[16.021508,58.637742],[16.030927,58.6295],[16.0898,58.607128],[16.0898,58.600358],[15.964107,58.589761],[15.903468,58.593293],[15.854014,58.617431],[15.844889,58.637448],[15.867261,58.644513],[15.899641,58.646573],[15.921718,58.651872],[15.931138,58.670711],[15.921129,58.68278],[15.903762,58.69426],[15.891693,58.710156],[15.905528,58.704269],[15.931432,58.688079],[15.945856,58.68278],[15.964401,58.673655],[15.989422,58.666296],[16.011794,58.655993],[16.021508,58.637742]]]]}},{"type":"Feature","properties":{"min_zoom":7},"geometry":{"type":"MultiPolygon","coordinates":[[[[15.911415,58.029292],[15.939086,58.031058],[16.000902,58.011335],[16.000902,58.003976],[15.988833,58.003388],[15.959397,58.011335],[15.866672,58.011924],[15.843123,58.008392],[15.823106,57.997795],[15.847244,57.980133],[15.86049,57.972774],[15.89287,57.966886],[15.909649,57.958939],[15.923779,57.948047],[15.932021,57.935684],[15.872559,57.93745],[15.857547,57.935684],[15.851954,57.922143],[15.845183,57.917728],[15.833114,57.925087],[15.828993,57.933035],[15.830465,57.940099],[15.836353,57.945692],[15.844006,57.949225],[15.778363,57.985726],[15.758052,58.000738],[15.762173,58.013396],[15.788666,58.026348],[15.821046,58.036062],[15.844006,58.038711],[15.836647,58.031058],[15.862845,58.018695],[15.886983,58.021638],[15.911415,58.029292]]]]}},{"type":"Feature","properties":{"min_zoom":7},"geometry":{"type":"MultiPolygon","coordinates":[[[[15.368608,57.958939],[15.369491,57.956289],[15.370374,57.949225],[15.359188,57.958055],[15.35389,57.968653],[15.350063,57.979544],[15.34241,57.990141],[15.332401,57.995734],[15.30738,58.002504],[15.295311,58.011335],[15.288541,57.993674],[15.296783,57.982488],[15.310913,57.973951],[15.322687,57.963648],[15.32151,57.954817],[15.329752,57.943926],[15.343293,57.934212],[15.356833,57.928913],[15.346531,57.918905],[15.345059,57.908897],[15.34918,57.8983],[15.356833,57.887702],[15.33505,57.888291],[15.321215,57.896828],[15.260871,57.9766],[15.24733,57.986903],[15.244975,57.992496],[15.239382,57.9975],[15.227019,57.997795],[15.22172,57.994557],[15.215539,57.988081],[15.206708,57.9766],[15.196699,57.959233],[15.194639,57.945103],[15.198465,57.931268],[15.206708,57.915078],[15.187574,57.91655],[15.167263,57.925675],[15.151073,57.938922],[15.144597,57.953051],[15.132528,57.967181],[15.106624,57.980133],[15.068651,57.993968],[15.050989,58.022227],[15.018903,58.047248],[15.004774,58.065498],[15.041569,58.072269],[15.025085,58.089636],[15.016843,58.109359],[15.019198,58.129081],[15.034799,58.14792],[15.033916,58.138206],[15.035388,58.130847],[15.038331,58.125254],[15.045985,58.114363],[15.059231,58.09935],[15.062469,58.093169],[15.06188,58.085221],[15.056288,58.070503],[15.05511,58.066087],[15.054521,58.059317],[15.052461,58.05549],[15.051578,58.051958],[15.05511,58.045482],[15.063941,58.040183],[15.077187,58.037534],[15.090728,58.037828],[15.108684,58.045776],[15.117515,58.041655],[15.126052,58.03459],[15.134294,58.031058],[15.142536,58.033413],[15.1549,58.043127],[15.161964,58.045482],[15.179332,58.048425],[15.185219,58.056079],[15.181981,58.06697],[15.172267,58.079628],[15.187868,58.07845],[15.201703,58.073741],[15.21495,58.06697],[15.227019,58.058434],[15.212595,58.052252],[15.21966,58.041361],[15.227019,58.032824],[15.236733,58.026937],[15.250862,58.024876],[15.259104,58.026054],[15.273234,58.030763],[15.28177,58.031058],[15.289424,58.028409],[15.301493,58.019578],[15.308852,58.017517],[15.325631,58.020755],[15.335345,58.025465],[15.344764,58.025465],[15.360071,58.014573],[15.36537,58.003976],[15.366842,57.988081],[15.365959,57.973068],[15.363604,57.963648],[15.368608,57.958939]]]]}},{"type":"Feature","properties":{"min_zoom":7},"geometry":{"type":"MultiPolygon","coordinates":[[[[16.402415,60.155778],[16.426847,60.157839],[16.433912,60.156367],[16.433029,60.149596],[16.417722,60.144298],[16.381515,60.144298],[16.368268,60.138705],[16.35826,60.131346],[16.345897,60.126342],[16.331767,60.123104],[16.317049,60.121632],[16.321759,60.138705],[16.329412,60.149302],[16.34207,60.154306],[16.402415,60.155778]]]]}},{"type":"Feature","properties":{"min_zoom":7},"geometry":{"type":"MultiPolygon","coordinates":[[[[10.431827,54.159581],[10.442424,54.158403],[10.450078,54.153105],[10.43536,54.108361],[10.429178,54.097764],[10.411222,54.089228],[10.403568,54.102769],[10.399447,54.122491],[10.391794,54.132499],[10.352938,54.127495],[10.336453,54.131616],[10.343812,54.149278],[10.360002,54.156048],[10.382668,54.15546],[10.404451,54.149572],[10.415637,54.139564],[10.41446,54.143096],[10.413871,54.146334],[10.412399,54.149867],[10.409455,54.153105],[10.420347,54.157226],[10.431827,54.159581]]]]}},{"type":"Feature","properties":{"min_zoom":7},"geometry":{"type":"MultiPolygon","coordinates":[[[[21.581457,54.090405],[21.57557,54.097176],[21.578514,54.097764],[21.585873,54.104535],[21.592349,54.107184],[21.598825,54.10895],[21.606478,54.112188],[21.637092,54.132499],[21.673299,54.125729],[21.691549,54.124846],[21.709506,54.132499],[21.673593,54.149867],[21.661093,54.153039],[21.660935,54.163702],[21.657109,54.190195],[21.649161,54.197554],[21.648572,54.204324],[21.64921,54.211626],[21.656191,54.212695],[21.657992,54.207857],[21.675654,54.201675],[21.671893,54.193314],[21.681478,54.190349],[21.698931,54.198138],[21.718042,54.200792],[21.722752,54.184602],[21.729038,54.166347],[21.740433,54.17121],[21.733196,54.180013],[21.75211,54.192042],[21.773564,54.183447],[21.788525,54.186923],[21.811363,54.179665],[21.799913,54.172211],[21.780325,54.173506],[21.753731,54.169378],[21.745422,54.158025],[21.739132,54.153505],[21.727756,54.159581],[21.71922,54.15752],[21.716276,54.153105],[21.721574,54.144863],[21.736293,54.145746],[21.753037,54.14325],[21.77447,54.115238],[21.765435,54.108361],[21.754249,54.105712],[21.739531,54.107478],[21.722458,54.104829],[21.712744,54.096881],[21.713332,54.089522],[21.729228,54.077453],[21.729228,54.071272],[21.720103,54.060674],[21.736114,54.042577],[21.731877,54.035359],[21.72599,54.030355],[21.699674,54.033464],[21.68814,54.051916],[21.678723,54.059006],[21.687134,54.066856],[21.692432,54.073626],[21.684485,54.085401],[21.674771,54.10218],[21.648223,54.114644],[21.651186,54.098908],[21.654459,54.089228],[21.648572,54.083046],[21.630205,54.080793],[21.634612,54.074428],[21.605301,54.071272],[21.596175,54.0698],[21.592054,54.074215],[21.59635,54.081988],[21.593207,54.094133],[21.581457,54.090405]]]]}},{"type":"Feature","properties":{"min_zoom":7},"geometry":{"type":"MultiPolygon","coordinates":[[[[19.643069,53.748354],[19.651017,53.746294],[19.681042,53.755124],[19.669562,53.743056],[19.652195,53.730987],[19.64042,53.717446],[19.646896,53.700667],[19.636299,53.685655],[19.584785,53.64621],[19.565946,53.619717],[19.555055,53.612064],[19.54328,53.618245],[19.554171,53.63208],[19.591556,53.669759],[19.595382,53.67859],[19.603625,53.681828],[19.612456,53.6833],[19.619226,53.687126],[19.620992,53.692131],[19.622758,53.70155],[19.62217,53.710381],[19.615988,53.714208],[19.600387,53.719212],[19.585668,53.731281],[19.557704,53.762189],[19.543869,53.783089],[19.549756,53.792214],[19.562708,53.789859],[19.571245,53.776319],[19.578604,53.776319],[19.579487,53.792509],[19.586257,53.800751],[19.595677,53.800162],[19.605391,53.790154],[19.619815,53.795452],[19.626585,53.787799],[19.633355,53.762189],[19.643069,53.748354]]]]}},{"type":"Feature","properties":{"min_zoom":7},"geometry":{"type":"MultiPolygon","coordinates":[[[[21.569353,53.821442],[21.570148,53.802427],[21.565423,53.801762],[21.560447,53.817351],[21.544174,53.823813],[21.524645,53.84726],[21.509632,53.863156],[21.479313,53.88906],[21.480196,53.905545],[21.501096,53.920851],[21.525822,53.930566],[21.537597,53.930271],[21.528472,53.912904],[21.511693,53.906428],[21.502862,53.899069],[21.517875,53.879346],[21.525822,53.873753],[21.54319,53.865217],[21.552021,53.857563],[21.555847,53.850204],[21.557025,53.843139],[21.559086,53.836663],[21.569353,53.821442]]]]}},{"type":"Feature","properties":{"min_zoom":7},"geometry":{"type":"MultiPolygon","coordinates":[[[[21.826074,53.769843],[21.815771,53.765722],[21.793105,53.739229],[21.788395,53.735402],[21.745124,53.741584],[21.729228,53.741584],[21.744829,53.730987],[21.750422,53.728043],[21.749245,53.716268],[21.776326,53.697429],[21.785452,53.680062],[21.768673,53.675646],[21.759253,53.676235],[21.743652,53.687126],[21.743063,53.689481],[21.744241,53.698018],[21.743652,53.700667],[21.740708,53.701256],[21.732466,53.700078],[21.729228,53.700667],[21.724518,53.703611],[21.674771,53.720684],[21.661819,53.721273],[21.646806,53.717152],[21.625612,53.704199],[21.613249,53.700667],[21.622963,53.714797],[21.632677,53.724511],[21.637975,53.734225],[21.633854,53.749237],[21.623846,53.760717],[21.615015,53.761306],[21.582046,53.737757],[21.577042,53.729515],[21.572332,53.714208],[21.570566,53.683888],[21.567328,53.674174],[21.558202,53.680062],[21.554964,53.691542],[21.556436,53.705966],[21.565562,53.735402],[21.565267,53.73658],[21.565856,53.741584],[21.568192,53.748295],[21.572332,53.755124],[21.577925,53.75954],[21.599708,53.769548],[21.599708,53.776319],[21.587933,53.778379],[21.580574,53.784267],[21.567537,53.798089],[21.565423,53.801762],[21.570148,53.802427],[21.591263,53.789601],[21.615309,53.777791],[21.640624,53.776319],[21.635915,53.778085],[21.626201,53.783089],[21.626201,53.790154],[21.638858,53.793981],[21.655931,53.795158],[21.664108,53.785661],[21.685073,53.786621],[21.690372,53.790448],[21.760431,53.789565],[21.801936,53.796335],[21.821364,53.801634],[21.833727,53.802517],[21.846091,53.796335],[21.860514,53.804283],[21.865813,53.798985],[21.864635,53.78721],[21.860514,53.776319],[21.849034,53.767488],[21.837554,53.767782],[21.826074,53.769843]]]]}},{"type":"Feature","properties":{"min_zoom":7},"geometry":{"type":"MultiPolygon","coordinates":[[[[21.950001,53.671819],[21.962953,53.667993],[21.970312,53.666521],[21.949707,53.660045],[21.903492,53.664755],[21.868168,53.64827],[21.844324,53.643266],[21.81618,53.640141],[21.811209,53.650502],[21.887596,53.666521],[21.87641,53.672114],[21.864635,53.672408],[21.840498,53.666521],[21.847562,53.67859],[21.856099,53.688304],[21.867873,53.687126],[21.867873,53.680062],[21.933811,53.691247],[21.950295,53.687126],[21.946763,53.683005],[21.944997,53.679767],[21.942348,53.672703],[21.950001,53.671819]]]]}},{"type":"Feature","properties":{"min_zoom":7},"geometry":{"type":"MultiPolygon","coordinates":[[[[21.742616,54.019037],[21.75519,54.032509],[21.776581,54.030029],[21.794871,54.026528],[21.806725,54.022602],[21.817585,54.010422],[21.810767,54.000624],[21.819303,53.995326],[21.819303,53.989144],[21.692083,53.899857],[21.667994,53.891527],[21.663408,53.900802],[21.68413,53.909055],[21.693233,53.917719],[21.731693,53.951403],[21.764333,53.970685],[21.764582,53.990096],[21.754543,53.997386],[21.738554,54.00858],[21.742616,54.019037]]]]}},{"type":"Feature","properties":{"min_zoom":7},"geometry":{"type":"MultiPolygon","coordinates":[[[[29.103638,54.693852],[29.117768,54.681783],[29.124244,54.663238],[29.118651,54.656467],[29.082738,54.639689],[29.062133,54.619672],[29.050947,54.615551],[29.041822,54.626148],[29.046826,54.634096],[29.048298,54.644399],[29.046531,54.655879],[29.041822,54.667065],[29.051536,54.667948],[29.058895,54.672069],[29.064488,54.678545],[29.069197,54.68767],[29.06125,54.688259],[29.041822,54.693852],[29.066548,54.710042],[29.078028,54.713574],[29.082738,54.704743],[29.103638,54.693852]]]]}},{"type":"Feature","properties":{"min_zoom":7},"geometry":{"type":"MultiPolygon","coordinates":[[[[30.337613,57.193592],[30.337907,57.193886],[30.338496,57.193886],[30.338201,57.193297],[30.337318,57.192414],[30.337024,57.19212],[30.337024,57.193003],[30.337613,57.193592]]]]}},{"type":"Feature","properties":{"min_zoom":7},"geometry":{"type":"MultiPolygon","coordinates":[[[[30.424744,57.210665],[30.429454,57.19889],[30.431809,57.186821],[30.418563,57.176519],[30.384416,57.160917],[30.374702,57.160034],[30.366166,57.160917],[30.358218,57.163861],[30.350859,57.168571],[30.351153,57.170926],[30.347621,57.179462],[30.342617,57.188882],[30.338496,57.193886],[30.346149,57.203306],[30.361162,57.214197],[30.37794,57.224206],[30.392364,57.229799],[30.41768,57.232154],[30.424744,57.223911],[30.424744,57.210665]]]]}},{"type":"Feature","properties":{"min_zoom":7},"geometry":{"type":"MultiPolygon","coordinates":[[[[33.180876,57.188588],[33.203542,57.175636],[33.216788,57.161506],[33.197949,57.154736],[33.17646,57.160034],[33.156149,57.170043],[33.135544,57.175636],[33.112877,57.168571],[33.109639,57.154441],[33.089034,57.153853],[33.06313,57.157385],[33.043113,57.154736],[33.034871,57.141489],[33.027806,57.12265],[33.017209,57.110581],[32.999253,57.117057],[32.973349,57.138251],[32.969522,57.149732],[32.98895,57.154736],[33.01662,57.168571],[33.034577,57.175047],[33.042819,57.179462],[33.050767,57.188293],[33.023685,57.208016],[33.01662,57.216258],[33.012794,57.225383],[33.00985,57.245694],[33.006023,57.253642],[32.994543,57.258352],[32.977176,57.260707],[32.961574,57.264828],[32.946856,57.286611],[32.929194,57.291615],[32.892987,57.291321],[32.899463,57.27778],[32.892693,57.273659],[32.879152,57.276014],[32.853837,57.284256],[32.843534,57.282784],[32.834115,57.279841],[32.824989,57.27778],[32.782895,57.27778],[32.77377,57.275425],[32.76229,57.271304],[32.75081,57.268655],[32.741684,57.27101],[32.739329,57.278074],[32.745805,57.28455],[32.755225,57.289555],[32.762584,57.291321],[32.782601,57.293676],[32.808505,57.30339],[32.844417,57.307216],[32.892987,57.319285],[32.91477,57.320463],[32.931255,57.316636],[32.947445,57.310454],[32.968639,57.305745],[33.007789,57.31016],[33.074316,57.339302],[33.105224,57.339891],[33.121414,57.326644],[33.142903,57.317225],[33.187352,57.305745],[33.155266,57.306333],[33.139959,57.304273],[33.126418,57.298091],[33.137604,57.295147],[33.147907,57.291026],[33.157621,57.285433],[33.167335,57.27778],[33.155855,57.273953],[33.128479,57.268655],[33.119059,57.264534],[33.108756,57.256291],[33.107579,57.252465],[33.111994,57.249227],[33.170573,57.19212],[33.180876,57.188588]]],[[[33.069017,57.271598],[33.090506,57.280724],[33.112877,57.27778],[33.104047,57.288671],[33.082264,57.293381],[33.078731,57.311926],[33.03752,57.301623],[33.013677,57.292204],[33.002785,57.281018],[33.008967,57.26836],[33.023096,57.251876],[33.039286,57.237158],[33.050767,57.229799],[33.054005,57.253348],[33.069017,57.271598]]]]}},{"type":"Feature","properties":{"min_zoom":7},"geometry":{"type":"MultiPolygon","coordinates":[[[[23.120687,54.052432],[23.133345,54.038303],[23.134522,54.015931],[23.117744,54.021524],[23.104792,54.018286],[23.0939,54.01181],[23.083892,54.008572],[23.037088,54.012104],[23.025313,54.008572],[23.02237,54.012399],[23.019426,54.014459],[23.011772,54.015931],[23.015894,54.015931],[23.019426,54.017109],[23.022664,54.019463],[23.025313,54.022701],[23.035027,54.021818],[23.114211,54.036537],[23.114211,54.043896],[23.085658,54.043307],[23.071823,54.045073],[23.059459,54.050077],[23.064169,54.060086],[23.064464,54.070683],[23.07094,54.078042],[23.094489,54.077453],[23.094489,54.073038],[23.093017,54.07186],[23.090073,54.07186],[23.086835,54.071272],[23.120687,54.052432]]]]}},{"type":"Feature","properties":{"min_zoom":7},"geometry":{"type":"MultiPolygon","coordinates":[[[[26.958901,56.801499],[26.963317,56.799144],[26.993342,56.791196],[26.82997,56.71996],[26.794057,56.71054],[26.773746,56.715839],[26.782283,56.747041],[26.806715,56.778244],[26.837623,56.802382],[26.866176,56.812096],[26.884427,56.81504],[26.914158,56.825637],[26.931525,56.825931],[26.941239,56.823282],[26.95007,56.818572],[26.956252,56.811507],[26.958901,56.801499]]]]}},{"type":"Feature","properties":{"min_zoom":7},"geometry":{"type":"MultiPolygon","coordinates":[[[[26.822022,54.883717],[26.837623,54.884894],[26.848809,54.879301],[26.848515,54.856929],[26.829086,54.831614],[26.800533,54.814541],[26.773746,54.817779],[26.759911,54.81719],[26.750197,54.81984],[26.717228,54.841328],[26.718994,54.855458],[26.714579,54.865466],[26.705159,54.866643],[26.695445,54.868998],[26.69103,54.882833],[26.693973,54.895197],[26.701332,54.900201],[26.712518,54.90285],[26.72547,54.907266],[26.739011,54.897846],[26.754612,54.889309],[26.771097,54.882833],[26.787287,54.879301],[26.80436,54.880184],[26.822022,54.883717]]]]}},{"type":"Feature","properties":{"min_zoom":7},"geometry":{"type":"MultiPolygon","coordinates":[[[[27.511717,56.336109],[27.514072,56.321685],[27.514072,56.308145],[27.50318,56.293426],[27.477571,56.290777],[27.431061,56.298136],[27.418109,56.316681],[27.398975,56.323746],[27.377192,56.326395],[27.355704,56.332282],[27.355704,56.339053],[27.401036,56.344646],[27.421936,56.351122],[27.421347,56.362896],[27.416343,56.372022],[27.420758,56.377614],[27.430472,56.37732],[27.452255,56.361719],[27.462558,56.360541],[27.474038,56.361424],[27.486402,56.359658],[27.503475,56.349356],[27.511717,56.336109]]]]}},{"type":"Feature","properties":{"min_zoom":7},"geometry":{"type":"MultiPolygon","coordinates":[[[[25.293683,57.736105],[25.302808,57.717854],[25.321353,57.702842],[25.316055,57.698132],[25.311345,57.697838],[25.300159,57.702842],[25.278671,57.703725],[25.251295,57.709023],[25.227746,57.717266],[25.217737,57.726391],[25.210084,57.744642],[25.193011,57.76613],[25.1727,57.783792],[25.156215,57.792328],[25.178881,57.796155],[25.229217,57.774667],[25.259243,57.770546],[25.259537,57.765836],[25.258065,57.764953],[25.255121,57.765247],[25.251883,57.764364],[25.281026,57.753178],[25.293683,57.736105]]]]}},{"type":"Feature","properties":{"min_zoom":2},"geometry":{"type":"MultiPolygon","coordinates":[[[[18.095008,59.326849],[18.019651,59.327143],[17.988743,59.337151],[17.969609,59.333913],[17.911914,59.30536],[17.899551,59.296235],[17.89749,59.290348],[17.887776,59.280928],[17.885421,59.275041],[17.886599,59.269153],[17.891897,59.260028],[17.89278,59.255318],[17.891308,59.240894],[17.886599,59.22912],[17.878062,59.22441],[17.86511,59.230592],[17.867465,59.258262],[17.828903,59.270036],[17.741477,59.271508],[17.741477,59.265327],[17.782982,59.258262],[17.772091,59.247076],[17.752369,59.240306],[17.730586,59.239128],[17.713513,59.244721],[17.732941,59.251786],[17.741477,59.25208],[17.729703,59.256201],[17.70527,59.261205],[17.693496,59.265327],[17.696145,59.269153],[17.700561,59.278867],[17.636978,59.291819],[17.605481,59.291819],[17.576928,59.278867],[17.592823,59.272097],[17.599888,59.260617],[17.603715,59.230592],[17.597533,59.22441],[17.589585,59.233535],[17.575456,59.259734],[17.56633,59.265327],[17.551907,59.267976],[17.510696,59.2824],[17.47184,59.30536],[17.429746,59.316546],[17.350856,59.326554],[17.364985,59.282988],[17.377643,59.26621],[17.399426,59.258262],[17.399426,59.25208],[17.213977,59.258262],[17.213977,59.265327],[17.249889,59.267681],[17.2702,59.271803],[17.282269,59.278867],[17.278442,59.286521],[17.241647,59.319784],[17.306113,59.329498],[17.316121,59.337151],[17.306701,59.353636],[17.28433,59.360112],[17.234288,59.361584],[17.143918,59.375713],[17.09888,59.377185],[17.04354,59.361584],[17.039419,59.366588],[17.03883,59.375124],[17.035886,59.381306],[16.971715,59.407799],[16.967594,59.412214],[16.961412,59.424578],[16.955819,59.43282],[16.9464,59.439001],[16.933153,59.451953],[16.926383,59.456958],[16.915786,59.461667],[16.884878,59.470498],[16.840723,59.49081],[16.821295,59.493459],[16.823944,59.477563],[16.748293,59.477563],[16.739756,59.479329],[16.724449,59.484922],[16.714735,59.484922],[16.706199,59.482273],[16.697368,59.477269],[16.694424,59.472853],[16.726215,59.465789],[16.83984,59.412509],[16.85132,59.408682],[16.878402,59.410154],[16.884878,59.408682],[16.889882,59.403089],[16.892825,59.396613],[16.891942,59.39102],[16.885466,59.38896],[16.817174,59.38896],[16.808343,59.392198],[16.782439,59.416041],[16.71032,59.450482],[16.689714,59.466966],[16.665871,59.478446],[16.640555,59.471087],[16.61524,59.457546],[16.590219,59.450187],[16.574323,59.452542],[16.546064,59.462256],[16.528697,59.463434],[16.523693,59.461079],[16.512801,59.452248],[16.508091,59.450187],[16.499261,59.45107],[16.483954,59.45578],[16.477183,59.456958],[16.165452,59.444006],[16.125418,59.446655],[16.080969,59.455191],[16.042407,59.47197],[16.021508,59.497874],[16.123946,59.477563],[16.233744,59.477563],[16.233744,59.484922],[16.213139,59.484922],[16.213139,59.491104],[16.248462,59.503467],[16.267302,59.502878],[16.275249,59.48816],[16.282314,59.470498],[16.298504,59.460784],[16.318815,59.458724],[16.336772,59.463434],[16.325586,59.47668],[16.330296,59.481095],[16.342659,59.483156],[16.354139,59.48816],[16.372978,59.50435],[16.383575,59.509649],[16.39535,59.511709],[16.442743,59.499935],[16.468647,59.498463],[16.494551,59.511709],[16.445981,59.525839],[16.469824,59.52996],[16.503676,59.530843],[16.53429,59.535847],[16.549008,59.552626],[16.535762,59.566167],[16.510152,59.584712],[16.498083,59.600902],[16.524576,59.607966],[16.538411,59.609733],[16.549302,59.612971],[16.560194,59.612676],[16.586392,59.596486],[16.617006,59.587361],[16.631724,59.580591],[16.644971,59.567933],[16.658512,59.551743],[16.674702,59.537908],[16.696484,59.53202],[16.726804,59.529077],[16.741817,59.52996],[16.748293,59.535847],[16.753297,59.542912],[16.764483,59.55086],[16.77714,59.557336],[16.785971,59.559985],[16.789798,59.565578],[16.793036,59.577353],[16.797746,59.589421],[16.806282,59.59472],[16.871337,59.587361],[16.87899,59.588244],[16.883994,59.589421],[16.889882,59.589716],[16.898713,59.587361],[16.908132,59.58324],[16.90931,59.581179],[16.908721,59.57853],[16.912842,59.573231],[16.94375,59.549388],[16.953759,59.547327],[17.069738,59.546444],[17.058258,59.561457],[17.021462,59.580296],[17.007922,59.59472],[17.027644,59.597369],[17.037947,59.600313],[17.055609,59.609733],[17.060907,59.604728],[17.06444,59.595309],[17.069738,59.587361],[17.083868,59.574998],[17.09211,59.569405],[17.100646,59.566755],[17.103001,59.563812],[17.129494,59.551154],[17.154221,59.544678],[17.209267,59.545267],[17.220747,59.535847],[17.229872,59.526428],[17.34438,59.477563],[17.364102,59.477857],[17.36057,59.487572],[17.353211,59.499346],[17.361159,59.504939],[17.373228,59.498169],[17.405902,59.473736],[17.412378,59.474031],[17.412084,59.49081],[17.409434,59.501112],[17.392067,59.525839],[17.407079,59.541735],[17.395599,59.561163],[17.375288,59.581179],[17.364691,59.597958],[17.345557,59.613854],[17.336726,59.623862],[17.340848,59.628278],[17.354094,59.631516],[17.364397,59.638875],[17.374111,59.648],[17.385885,59.655653],[17.377937,59.637697],[17.373816,59.620035],[17.379998,59.606495],[17.402664,59.600902],[17.405019,59.597958],[17.435338,59.57382],[17.486558,59.547916],[17.495094,59.546444],[17.50628,59.548505],[17.524531,59.557925],[17.533067,59.559985],[17.54808,59.553803],[17.544842,59.540263],[17.531596,59.525839],[17.515405,59.51848],[17.519527,59.511709],[17.52512,59.504939],[17.532184,59.499935],[17.544253,59.496991],[17.551024,59.492281],[17.556616,59.491104],[17.562504,59.493164],[17.564564,59.50229],[17.569568,59.504939],[17.590174,59.505233],[17.65199,59.497874],[17.668475,59.49287],[17.679955,59.480507],[17.697028,59.453425],[17.714984,59.4443],[17.73088,59.448127],[17.737356,59.46049],[17.727642,59.477563],[17.740005,59.485805],[17.780039,59.526428],[17.789164,59.539674],[17.765321,59.576764],[17.753546,59.587067],[17.740005,59.59472],[17.725287,59.59943],[17.710569,59.600902],[17.610779,59.632693],[17.574867,59.651238],[17.563976,59.660952],[17.563387,59.676553],[17.617844,59.697159],[17.61284,59.701869],[17.608719,59.707462],[17.603715,59.710405],[17.61755,59.730422],[17.596944,59.73837],[17.536011,59.73837],[17.550435,59.732777],[17.556616,59.731305],[17.54337,59.721002],[17.527474,59.716292],[17.514228,59.709522],[17.508635,59.693626],[17.515405,59.669783],[17.514228,59.658303],[17.501865,59.649472],[17.515994,59.63652],[17.529241,59.612971],[17.537188,59.588833],[17.536011,59.573231],[17.518643,59.590599],[17.490385,59.632987],[17.474489,59.642113],[17.480671,59.660363],[17.470073,59.666839],[17.455061,59.670372],[17.447407,59.679791],[17.451528,59.691271],[17.462126,59.702457],[17.484792,59.720708],[17.495094,59.734249],[17.488913,59.738958],[17.41385,59.739842],[17.390595,59.743668],[17.371461,59.75191],[17.518938,59.75191],[17.54808,59.75662],[17.567802,59.769572],[17.582815,59.789],[17.597533,59.813433],[17.602537,59.803719],[17.610779,59.796948],[17.631679,59.786645],[17.625203,59.764274],[17.644337,59.751322],[17.67083,59.742196],[17.686725,59.731305],[17.664354,59.730422],[17.657289,59.721591],[17.656406,59.707462],[17.652579,59.6898],[17.642571,59.67361],[17.629913,59.665367],[17.613429,59.662718],[17.590763,59.662424],[17.606364,59.65271],[17.626969,59.644173],[17.648164,59.637992],[17.66612,59.635931],[17.705565,59.62504],[17.719989,59.625334],[17.713513,59.642113],[17.717928,59.658891],[17.711158,59.677731],[17.709391,59.693921],[17.727642,59.70334],[17.73088,59.687739],[17.736473,59.678025],[17.742949,59.6689],[17.748836,59.655653],[17.752663,59.629455],[17.758845,59.618858],[17.775623,59.607966],[17.784454,59.605317],[17.805354,59.60149],[17.813302,59.597958],[17.819484,59.590599],[17.819484,59.585006],[17.817129,59.579707],[17.817129,59.573231],[17.81654,59.570877],[17.815068,59.568227],[17.815363,59.564106],[17.820367,59.556453],[17.827431,59.549094],[17.838912,59.540263],[17.843916,59.53202],[17.818895,59.525839],[17.793285,59.50906],[17.777684,59.486688],[17.782982,59.463434],[17.760022,59.421045],[17.790342,59.387488],[17.84421,59.363055],[17.89278,59.347749],[17.922805,59.343333],[17.995513,59.35393],[18.095008,59.338623],[18.095008,59.326849]]]]}},{"type":"Feature","properties":{"min_zoom":3},"geometry":{"type":"MultiPolygon","coordinates":[[[[43.069753699749256,34.0],[43.08299,34.011828],[43.079164,34.054511],[43.089761,34.067463],[43.089761,34.075116],[43.067684,34.085419],[43.064151,34.104553],[43.07622,34.149591],[43.075337,34.176672],[43.059441,34.218177],[43.051199,34.253501],[43.051494,34.264393],[43.058853,34.276756],[43.074454,34.28853],[43.080341,34.295006],[43.08299,34.304132],[43.07622,34.329447],[43.076514,34.342988],[43.086523,34.348875],[43.096237,34.34446],[43.103007,34.333862],[43.110072,34.307958],[43.117725,34.307958],[43.112721,34.32091],[43.111249,34.336512],[43.114782,34.345931],[43.123907,34.341222],[43.129206,34.333274],[43.133915,34.324148],[43.140686,34.316495],[43.151872,34.31414],[43.1504,34.310313],[43.150105,34.309136],[43.145101,34.307958],[43.156287,34.297067],[43.156876,34.282937],[43.145101,34.252618],[43.161291,34.247614],[43.168945,34.239077],[43.191022,34.182854],[43.192788,34.180793],[43.196321,34.17991],[43.216632,34.160188],[43.218398,34.155772],[43.218398,34.147236],[43.219575,34.143409],[43.223108,34.141643],[43.235177,34.139877],[43.240475,34.136639],[43.257548,34.112206],[43.266379,34.108085],[43.286396,34.107496],[43.295227,34.101904],[43.296993,34.09425],[43.293461,34.087185],[43.290812,34.078943],[43.295227,34.067463],[43.303469,34.074528],[43.314655,34.087774],[43.322603,34.094839],[43.325547,34.080415],[43.330551,34.06864],[43.332906,34.058043],[43.329373,34.047152],[43.346446,34.048035],[43.357338,34.041559],[43.362931,34.029196],[43.363519,34.012417],[43.370879,34.012417],[43.375883,34.019482],[43.384419,34.028901],[43.394722,34.036849],[43.405025,34.039793],[43.412384,34.035966],[43.433578,34.018893],[43.439171,34.012417],[43.440937,34.003586],[43.44124883184403,34.0]]]]}},{"type":"Feature","properties":{"min_zoom":5.7},"geometry":{"type":"MultiPolygon","coordinates":[[[[38.380818,38.510301],[38.35462,38.542092],[38.3452,38.562403],[38.336075,38.598021],[38.359329,38.63776],[38.37758,38.668374],[38.397891,38.68898],[38.447344,38.706642],[38.467655,38.727836],[38.471482,38.740788],[38.488261,38.714001],[38.478547,38.694573],[38.431743,38.673673],[38.400246,38.652773],[38.386705,38.628341],[38.369043,38.601848],[38.369043,38.581831],[38.376697,38.554161],[38.402306,38.539443],[38.429094,38.536793],[38.445578,38.526491],[38.471776,38.509418],[38.535653,38.486752],[38.580397,38.47115],[38.621902,38.461142],[38.670472,38.446718],[38.698437,38.442008],[38.724341,38.44142],[38.760548,38.441125],[38.80117,38.452311],[38.841203,38.465557],[38.847679,38.437593],[38.865047,38.424052],[38.879765,38.38814],[38.903314,38.382252],[38.939521,38.363119],[38.965425,38.344279],[38.996628,38.33692],[39.013701,38.34163],[39.050791,38.348989],[39.073457,38.348106],[39.026358,38.320436],[38.939521,38.310722],[38.916561,38.293649],[38.901254,38.288645],[38.921565,38.320141],[38.92392,38.343396],[38.910673,38.349578],[38.889479,38.353699],[38.870051,38.368123],[38.851212,38.388728],[38.832078,38.400503],[38.822364,38.410217],[38.805585,38.425229],[38.782331,38.419048],[38.754955,38.409334],[38.731111,38.404035],[38.701086,38.402269],[38.681364,38.412866],[38.634854,38.430528],[38.57451,38.447012],[38.535359,38.4529],[38.50504,38.458493],[38.47943,38.467324],[38.445284,38.476154],[38.418791,38.492933],[38.399363,38.498232],[38.380818,38.510301]]]]}},{"type":"Feature","properties":{"min_zoom":4},"geometry":{"type":"MultiPolygon","coordinates":[[[[33.536467,49.002321],[33.585626,49.008209],[33.618595,48.996728],[33.663338,48.980833],[33.719562,48.95905],[33.755474,48.94963],[33.773725,48.946098],[33.795214,48.936972],[33.826122,48.934912],[33.860268,48.929319],[33.892942,48.912835],[33.892942,48.912835],[33.939746,48.894584],[33.976542,48.877805],[33.99597,48.865442],[34.05396,48.877217],[34.098703,48.881632],[34.109006,48.888697],[34.111361,48.911952],[34.123724,48.930496],[34.139914,48.916367],[34.131966,48.881632],[34.109889,48.853373],[34.113716,48.836889],[34.137853,48.84307],[34.156987,48.855139],[34.176121,48.863381],[34.201142,48.868386],[34.219098,48.861321],[34.20173,48.855434],[34.181419,48.845425],[34.202025,48.833356],[34.226457,48.835122],[34.244119,48.833062],[34.256188,48.813045],[34.256776,48.792145],[34.260309,48.769774],[34.267668,48.756527],[34.304169,48.742103],[34.329484,48.722381],[34.356566,48.70678],[34.418088,48.679698],[34.468719,48.66027],[34.50993,48.624946],[34.56056,48.593744],[34.570274,48.562247],[34.522587,48.524863],[34.49109,48.531927],[34.469013,48.548412],[34.476961,48.568429],[34.474017,48.580792],[34.456355,48.587562],[34.436633,48.598454],[34.410435,48.597865],[34.382764,48.597276],[34.365102,48.612583],[34.369812,48.637015],[34.365102,48.655855],[34.328307,48.658798],[34.297104,48.665863],[34.293572,48.690001],[34.279443,48.70207],[34.241764,48.706191],[34.215271,48.732389],[34.192016,48.749168],[34.158753,48.748579],[34.13491,48.759765],[34.101058,48.76683],[34.067795,48.772717],[34.044834,48.783903],[34.027761,48.793028],[34.014809,48.800388],[33.99597,48.78979],[33.972126,48.785964],[33.962118,48.802742],[33.9474,48.828058],[33.924734,48.843953],[33.886761,48.861321],[33.852909,48.86397],[33.844667,48.875156],[33.808754,48.888697],[33.779318,48.896645],[33.756946,48.906947],[33.729276,48.91519],[33.709259,48.906653],[33.703961,48.898411],[33.695424,48.911363],[33.665693,48.930791],[33.630958,48.937561],[33.597695,48.953162],[33.568259,48.970824],[33.536467,49.002321]]]]}},{"type":"Feature","properties":{"min_zoom":5.7},"geometry":{"type":"MultiPolygon","coordinates":[[[[30.430632,50.863586],[30.436224,50.876538],[30.437402,50.890962],[30.432692,50.905091],[30.446822,50.91039],[30.446527,50.926874],[30.442406,50.947479],[30.446233,50.966613],[30.429748,50.973972],[30.412087,51.01224],[30.388243,51.02107],[30.270203,51.029313],[30.254013,51.034022],[30.256662,51.039321],[30.285804,51.041676],[30.295224,51.043737],[30.307882,51.053156],[30.319951,51.055217],[30.333786,51.053156],[30.346738,51.049624],[30.359101,51.049035],[30.37117,51.055217],[30.366755,51.057866],[30.364694,51.060515],[30.362633,51.064048],[30.358218,51.069052],[30.37117,51.076411],[30.376174,51.071701],[30.384416,51.068169],[30.394425,51.066697],[30.404728,51.069052],[30.410615,51.073762],[30.410909,51.079943],[30.410026,51.087302],[30.412381,51.097016],[30.427394,51.11409],[30.444467,51.114678],[30.4636,51.112323],[30.484206,51.120566],[30.489504,51.129985],[30.487444,51.139994],[30.480085,51.148236],[30.470076,51.151474],[30.456241,51.154417],[30.454181,51.161188],[30.460068,51.175317],[30.463012,51.178261],[30.470076,51.180027],[30.477435,51.184443],[30.480379,51.195923],[30.4845,51.204165],[30.49392,51.210935],[30.514525,51.220355],[30.528949,51.219766],[30.536014,51.212702],[30.540724,51.204165],[30.54926,51.199161],[30.559563,51.201221],[30.590471,51.220355],[30.588999,51.200633],[30.581935,51.185326],[30.573693,51.172668],[30.569866,51.161482],[30.566628,51.110557],[30.562212,51.097016],[30.571926,51.102021],[30.582229,51.101726],[30.59106,51.09525],[30.597242,51.082593],[30.596064,51.072879],[30.590766,51.061693],[30.564862,51.022248],[30.55868,51.000759],[30.559857,50.977799],[30.569866,50.953367],[30.560446,50.938649],[30.557503,50.913333],[30.560446,50.885663],[30.569866,50.863586],[30.559563,50.842686],[30.545139,50.762913],[30.53572,50.733771],[30.523356,50.713754],[30.509521,50.684612],[30.505694,50.653998],[30.522179,50.630155],[30.522473,50.622501],[30.526889,50.612787],[30.527183,50.603073],[30.514525,50.596597],[30.509521,50.601013],[30.470076,50.623973],[30.452709,50.630449],[30.430632,50.645756],[30.41032,50.663712],[30.398546,50.678431],[30.397957,50.685201],[30.39884,50.702863],[30.378823,50.727001],[30.378235,50.740247],[30.383533,50.780575],[30.388243,50.791761],[30.397074,50.804124],[30.412087,50.839153],[30.430632,50.863586]]]]}},{"type":"Feature","properties":{"min_zoom":4},"geometry":{"type":"MultiPolygon","coordinates":[[[[32.125875,66.508156],[32.137944,66.525818],[32.125875,66.547895],[32.09791,66.556137],[32.086724,66.567617],[32.082309,66.579981],[32.070828,66.590872],[32.011956,66.605002],[31.96839,66.618542],[31.949845,66.630611],[31.922469,66.644152],[31.934538,66.657693],[31.948079,66.672705],[31.941308,66.687718],[31.934244,66.699787],[31.914227,66.710678],[31.873016,66.713622],[31.8477,66.702731],[31.822974,66.692722],[31.804429,66.69861],[31.786178,66.704791],[31.764984,66.711267],[31.741141,66.725102],[31.718475,66.726574],[31.705817,66.725691],[31.664312,66.734816],[31.629871,66.743059],[31.611032,66.74924],[31.589543,66.74453],[31.564522,66.740704],[31.54009,66.730695],[31.513008,66.709207],[31.469443,66.70067],[31.444716,66.696843],[31.420872,66.693017],[31.398501,66.683891],[31.374952,66.667996],[31.347281,66.650923],[31.332858,66.640914],[31.321672,66.635321],[31.30872,66.6312],[31.275457,66.620309],[31.266626,66.60353],[31.282227,66.59411],[31.253674,66.588223],[31.220411,66.584102],[31.200099,66.581158],[31.159477,66.57115],[31.120621,66.562613],[31.106197,66.55967],[31.096189,66.548189],[31.078821,66.532294],[31.058805,66.527878],[31.086769,66.568795],[31.128569,66.603824],[31.147997,66.622075],[31.180377,66.64739],[31.208636,66.651217],[31.229241,66.654749],[31.253085,66.659165],[31.276928,66.662991],[31.301949,66.673883],[31.331975,66.677121],[31.346987,66.686835],[31.374069,66.697726],[31.400267,66.707146],[31.411747,66.716271],[31.426171,66.72157],[31.450015,66.725691],[31.471797,66.730106],[31.49623,66.740115],[31.522134,66.760426],[31.517424,66.788685],[31.515952,66.806641],[31.539796,66.811057],[31.554514,66.814],[31.563345,66.826952],[31.58866,66.830779],[31.612504,66.821359],[31.62575,66.826952],[31.681385,66.835489],[31.738197,66.838727],[31.762629,66.848441],[31.778231,66.861687],[31.754976,66.873462],[31.729955,66.869635],[31.702285,66.861099],[31.67903,66.851385],[31.660779,66.851385],[31.638113,66.852856],[31.590721,66.850501],[31.538324,66.852268],[31.504178,66.854328],[31.479157,66.863748],[31.495641,66.868752],[31.532142,66.876111],[31.555986,66.892007],[31.591015,66.907608],[31.623984,66.921149],[31.639879,66.932629],[31.665783,66.937339],[31.673731,66.930274],[31.66284,66.924681],[31.647827,66.914378],[31.642234,66.898777],[31.664606,66.893184],[31.690804,66.898483],[31.691982,66.910257],[31.698458,66.921149],[31.712587,66.919383],[31.759097,66.91114],[31.804135,66.9185],[31.880964,66.926153],[31.970745,66.928508],[31.988407,66.937044],[32.007246,66.940282],[32.046102,66.956767],[32.084369,66.972074],[32.103209,66.963537],[32.12087,66.956178],[32.13029,66.947053],[32.137355,66.935278],[32.136472,66.920854],[32.119399,66.896128],[32.127641,66.88141],[32.133822,66.872284],[32.120282,66.864337],[32.112334,66.8558],[32.150601,66.845203],[32.201526,66.848147],[32.217422,66.858744],[32.229491,66.864042],[32.243326,66.868752],[32.279238,66.872579],[32.312796,66.876111],[32.327514,66.88141],[32.338994,66.87199],[32.331929,66.848735],[32.336345,66.833723],[32.348414,66.821359],[32.341349,66.803109],[32.317506,66.799282],[32.298078,66.79781],[32.292485,66.776322],[32.286009,66.753361],[32.27865,66.732167],[32.289247,66.713916],[32.3178,66.712445],[32.357539,66.710384],[32.391685,66.708324],[32.439372,66.705674],[32.471458,66.68448],[32.448792,66.668879],[32.427892,66.665935],[32.391097,66.662403],[32.352241,66.646213],[32.336639,66.631789],[32.323982,66.628256],[32.30838,66.617365],[32.277472,66.612361],[32.248624,66.604413],[32.241854,66.590578],[32.267758,66.58263],[32.309852,66.580275],[32.334284,66.584985],[32.369019,66.586751],[32.408464,66.590872],[32.432896,66.601764],[32.464393,66.606179],[32.495007,66.602647],[32.510608,66.593522],[32.49383,66.588517],[32.468809,66.578803],[32.444671,66.569089],[32.417884,66.562025],[32.437901,66.549956],[32.459389,66.541125],[32.422888,66.537592],[32.393452,66.528467],[32.384915,66.512866],[32.37785,66.49226],[32.41288,66.474598],[32.447615,66.466062],[32.439667,66.441924],[32.401399,66.427206],[32.361366,66.434859],[32.292485,66.444279],[32.236555,66.454582],[32.218305,66.460175],[32.193284,66.456348],[32.17209,66.459291],[32.136472,66.465473],[32.097027,66.467239],[32.067002,66.462824],[32.042275,66.459291],[32.020198,66.456053],[31.99606,66.451344],[31.968684,66.443101],[31.944546,66.433387],[31.928651,66.44163],[31.906573,66.452815],[31.883907,66.451049],[31.847112,66.453699],[31.815615,66.467239],[31.806195,66.479308],[31.773226,66.486373],[31.757036,66.494615],[31.779702,66.500208],[31.805018,66.508745],[31.819736,66.518459],[31.832982,66.533471],[31.848584,66.553782],[31.862419,66.566146],[31.887145,66.571739],[31.907456,66.563791],[31.930417,66.556137],[31.951611,66.544068],[31.99135,66.531411],[32.046102,66.529056],[32.055522,66.524052],[32.0723,66.512277],[32.103209,66.505507],[32.125875,66.508156]]],[[[31.971333,66.876111],[32.017549,66.889946],[32.013133,66.904959],[31.981931,66.900838],[31.935421,66.898777],[31.892149,66.897305],[31.91511,66.889357],[31.943074,66.881115],[31.971333,66.876111]]]]}},{"type":"Feature","properties":{"min_zoom":5},"geometry":{"type":"MultiPolygon","coordinates":[[[[32.022847,67.488683],[31.912755,67.50605],[31.885673,67.522829],[31.899509,67.529599],[31.894504,67.535781],[31.892149,67.541963],[31.893327,67.54785],[31.899509,67.553149],[31.914227,67.559036],[31.923646,67.558447],[31.947196,67.549616],[32.004302,67.539313],[32.063469,67.535781],[32.072889,67.537547],[32.104386,67.549616],[32.124108,67.551382],[32.241265,67.54314],[32.269819,67.534898],[32.289835,67.522829],[32.276,67.516059],[32.295134,67.498691],[32.312796,67.489272],[32.332224,67.484562],[32.358128,67.481029],[32.406404,67.469255],[32.422299,67.458363],[32.406698,67.447177],[32.333401,67.445706],[32.310441,67.440996],[32.311913,67.437169],[32.312796,67.433931],[32.314562,67.430399],[32.3178,67.426572],[32.285126,67.417741],[32.208591,67.428633],[32.173562,67.426572],[32.165025,67.419507],[32.157372,67.410088],[32.148541,67.406555],[32.135294,67.416564],[32.090551,67.458952],[32.070534,67.471315],[32.022847,67.488683]]],[[[32.082603,67.514293],[32.067296,67.514881],[32.050223,67.508405],[32.133528,67.472198],[32.193284,67.461601],[32.210063,67.461896],[32.224487,67.471315],[32.224192,67.479852],[32.212712,67.486917],[32.187397,67.494864],[32.241854,67.508405],[32.229196,67.507522],[32.216833,67.508111],[32.204764,67.51076],[32.193578,67.516059],[32.163259,67.516353],[32.114689,67.508405],[32.097616,67.510466],[32.082603,67.514293]]],[[[32.661323,67.654999],[32.67663,67.64293],[32.686933,67.639397],[32.686933,67.632627],[32.565066,67.639103],[32.43584,67.667068],[32.368725,67.673544],[32.310441,67.671483],[32.289835,67.673544],[32.240677,67.685612],[32.20653,67.689145],[32.171207,67.697976],[32.152662,67.700331],[32.131762,67.700625],[32.122342,67.698564],[32.119693,67.692383],[32.119104,67.680314],[32.121753,67.662652],[32.131467,67.645579],[32.144714,67.630566],[32.159432,67.618497],[32.170618,67.613493],[32.181804,67.61055],[32.19034,67.605545],[32.193578,67.594065],[32.187691,67.587],[32.174445,67.591416],[32.152662,67.604662],[32.044041,67.645579],[32.004597,67.646756],[31.925413,67.637925],[31.897154,67.646462],[31.902747,67.650583],[31.903335,67.657353],[31.899509,67.666773],[31.924235,67.662652],[31.935715,67.662946],[31.947196,67.666773],[31.920408,67.676782],[31.894799,67.679136],[31.869483,67.674132],[31.802663,67.649111],[31.796481,67.642635],[31.804723,67.634393],[31.959853,67.606428],[32.021375,67.60319],[32.052872,67.597892],[32.081426,67.587295],[32.09791,67.570516],[31.674909,67.639103],[31.618096,67.639397],[31.643706,67.645873],[31.656069,67.651172],[31.666078,67.659414],[31.636053,67.66589],[31.57718,67.672366],[31.549215,67.687084],[31.66961,67.687084],[31.691982,67.680903],[31.700518,67.669422],[31.709938,67.662358],[31.746439,67.673249],[31.770871,67.672072],[31.782646,67.673544],[31.789711,67.678548],[31.79707,67.6915],[31.803546,67.694149],[31.976926,67.69621],[32.062881,67.710928],[32.125286,67.71446],[32.337522,67.687084],[32.255689,67.70769],[32.278944,67.715638],[32.308969,67.713577],[32.455857,67.685907],[32.50531,67.667362],[32.559767,67.654704],[32.585083,67.653232],[32.635419,67.660886],[32.653081,67.659414],[32.661323,67.654999]]],[[[33.291557,68.064165],[33.291851,68.081827],[33.32217,68.078883],[33.328941,68.070346],[33.34101,68.041499],[33.344836,68.016183],[33.344542,68.004114],[33.34101,67.990574],[33.332179,67.979682],[33.297444,67.971734],[33.283903,67.962609],[33.279488,67.951423],[33.290379,67.940532],[33.279488,67.932878],[33.255938,67.919926],[33.249462,67.913745],[33.247696,67.904325],[33.249462,67.8952],[33.249462,67.884897],[33.241809,67.872239],[33.221792,67.857227],[33.199421,67.844275],[33.18117,67.829262],[33.173517,67.80689],[33.172339,67.795705],[33.168807,67.784519],[33.163802,67.773922],[33.157032,67.765679],[33.151145,67.755377],[33.153205,67.744485],[33.157915,67.734183],[33.16704,67.703863],[33.182936,67.685907],[33.221498,67.659414],[33.196477,67.661475],[33.17175,67.669128],[33.148201,67.673838],[33.126418,67.666773],[33.133483,67.664124],[33.145552,67.65647],[33.153205,67.653232],[33.127007,67.64499],[33.090506,67.639986],[33.066957,67.631449],[33.078731,67.612021],[33.115527,67.597598],[33.203247,67.590827],[33.263592,67.576109],[33.308041,67.576403],[33.342776,67.562274],[33.34778,67.557858],[33.344836,67.549616],[33.337772,67.54785],[33.300682,67.549616],[33.221498,67.54314],[33.205013,67.547556],[33.188823,67.554915],[33.172339,67.558153],[33.153205,67.549616],[33.151145,67.534309],[33.121708,67.526361],[33.096982,67.515764],[33.109051,67.491626],[33.129656,67.478969],[33.135838,67.471021],[33.12318,67.467489],[33.105224,67.46896],[33.085207,67.473082],[33.065779,67.479852],[33.050767,67.488683],[33.044585,67.496336],[33.037226,67.513998],[33.030161,67.522829],[33.015149,67.532249],[32.996898,67.538725],[32.823812,67.565218],[32.789371,67.556975],[32.796436,67.553149],[32.802323,67.548733],[32.808799,67.545201],[32.817336,67.54314],[32.777008,67.52489],[32.66044,67.527539],[32.61187,67.522829],[32.622761,67.511643],[32.638951,67.508994],[32.656613,67.5087],[32.673686,67.505462],[32.680457,67.496925],[32.664267,67.491921],[32.62541,67.488683],[32.651609,67.480146],[32.707832,67.474848],[32.73462,67.467489],[32.696647,67.458952],[32.60716,67.465428],[32.571542,67.446883],[32.598623,67.438935],[32.583316,67.418035],[32.552997,67.403906],[32.536807,67.416564],[32.529742,67.425395],[32.482055,67.437463],[32.476757,67.446],[32.483527,67.456892],[32.502072,67.474848],[32.482055,67.478086],[32.467043,67.483384],[32.44055,67.498691],[32.417589,67.50399],[32.337522,67.494864],[32.341055,67.506933],[32.348119,67.518119],[32.35695,67.527833],[32.365487,67.535781],[32.334873,67.535487],[32.321627,67.539313],[32.310441,67.549616],[32.367842,67.564629],[32.564183,67.535781],[32.589204,67.539902],[32.653081,67.563746],[32.679868,67.568161],[32.738741,67.568456],[32.762879,67.577286],[32.73462,67.599364],[32.723434,67.612021],[32.714897,67.625268],[32.733736,67.632627],[32.756108,67.638514],[32.771709,67.636159],[32.769649,67.618497],[32.802323,67.614965],[32.867083,67.620558],[32.960397,67.602602],[32.994249,67.601719],[33.01662,67.612021],[33.011616,67.625857],[33.026629,67.647051],[33.020153,67.662946],[32.993954,67.675015],[32.927134,67.674427],[32.899169,67.687084],[32.91271,67.696504],[32.92419,67.710339],[32.93567,67.718581],[32.950977,67.711222],[32.973938,67.703863],[33.078731,67.700331],[33.071372,67.718581],[33.058126,67.728001],[33.042524,67.734771],[33.026923,67.745368],[33.021919,67.760675],[33.030456,67.776865],[33.057537,67.803947],[33.024568,67.81425],[32.988067,67.811306],[32.951566,67.80012],[32.920363,67.786285],[32.905056,67.781575],[32.893871,67.783636],[32.884745,67.7907],[32.876209,67.80012],[32.862962,67.805713],[32.803795,67.810128],[32.849422,67.828968],[32.874443,67.835149],[32.899169,67.838093],[33.009261,67.824552],[33.126124,67.838093],[33.146435,67.842803],[33.146729,67.854577],[33.141725,67.870179],[33.147024,67.88578],[33.127596,67.898732],[32.920363,67.954661],[32.949211,67.96673],[32.988656,67.974678],[33.028689,67.97615],[33.057537,67.968496],[33.057537,67.954073],[33.07461,67.940532],[33.097865,67.930523],[33.126713,67.924342],[33.135249,67.919338],[33.143491,67.916394],[33.153205,67.919926],[33.159976,67.928168],[33.161448,67.937294],[33.158798,67.946713],[33.153205,67.954661],[33.167924,67.964964],[33.200598,67.976444],[33.214727,67.988807],[33.228268,67.961137],[33.271245,67.994106],[33.288024,68.011179],[33.296561,68.036789],[33.293028,68.060338],[33.291557,68.064165]]]]}},{"type":"Feature","properties":{"min_zoom":7},"geometry":{"type":"MultiPolygon","coordinates":[[[[33.593868,63.747315],[33.610942,63.739661],[33.619773,63.726121],[33.522044,63.725532],[33.489075,63.719939],[33.495256,63.708164],[33.490252,63.702277],[33.47995,63.69845],[33.469058,63.691974],[33.467292,63.68697],[33.468175,63.673724],[33.465231,63.668131],[33.460227,63.66607],[33.456695,63.669014],[33.452868,63.674312],[33.447864,63.67755],[33.426081,63.686381],[33.404592,63.701394],[33.300093,63.79824],[33.271834,63.800595],[33.231801,63.789114],[33.194416,63.785288],[33.173517,63.809131],[33.205897,63.80295],[33.220909,63.80501],[33.235039,63.815313],[33.203836,63.834447],[33.1326,63.862706],[33.105224,63.883605],[33.125241,63.900973],[33.151734,63.89538],[33.207663,63.869476],[33.241515,63.87448],[33.267124,63.891259],[33.292734,63.902739],[33.324525,63.890964],[33.372212,63.867121],[33.386636,63.856524],[33.381338,63.855052],[33.371624,63.850637],[33.366031,63.849459],[33.376922,63.838862],[33.381338,63.827382],[33.383987,63.816196],[33.38958,63.805599],[33.401649,63.795296],[33.416956,63.78676],[33.447864,63.774396],[33.47524,63.768509],[33.530875,63.764977],[33.557662,63.757323],[33.593868,63.747315]]]]}},{"type":"Feature","properties":{"min_zoom":4},"geometry":{"type":"MultiPolygon","coordinates":[[[[30.52836,62.814769],[30.546611,62.824189],[30.686434,62.869521],[30.644634,62.89101],[30.553087,62.921623],[30.514525,62.951354],[30.631977,62.976081],[30.636981,62.964306],[30.649638,62.95783],[30.66524,62.956064],[30.679664,62.958713],[30.693499,62.967839],[30.70233,62.988444],[30.714399,62.999924],[30.688789,63.026123],[30.690261,63.035837],[30.706156,63.047611],[30.729411,63.055265],[30.756493,63.057031],[30.809478,63.05497],[30.846568,63.062918],[30.858048,63.061152],[30.870412,63.053204],[30.86894,63.047317],[30.861875,63.040841],[30.858048,63.030244],[30.858048,62.965778],[30.853338,62.945467],[30.844802,62.936047],[30.834499,62.929571],[30.823608,62.917797],[30.818603,62.901018],[30.817132,62.885417],[30.810656,62.873936],[30.789167,62.869521],[30.749134,62.870404],[30.727351,62.867755],[30.690261,62.848621],[30.645223,62.841262],[30.624618,62.829193],[30.639924,62.825661],[30.66524,62.812414],[30.679664,62.807999],[30.674365,62.801817],[30.667595,62.796224],[30.659941,62.79122],[30.651993,62.786805],[30.683196,62.773264],[30.693204,62.763256],[30.686434,62.753247],[30.670833,62.752658],[30.610782,62.773853],[30.625206,62.785922],[30.629622,62.797402],[30.622851,62.805938],[30.604012,62.807999],[30.593709,62.800934],[30.582229,62.787099],[30.570455,62.775913],[30.559269,62.777091],[30.53101,62.785922],[30.448293,62.775913],[30.412381,62.780034],[30.438285,62.782684],[30.51011,62.803878],[30.52836,62.814769]]]]}},{"type":"Feature","properties":{"min_zoom":4},"geometry":{"type":"MultiPolygon","coordinates":[[[[29.451282,62.903667],[29.453343,62.894542],[29.451871,62.885122],[29.453343,62.87688],[29.459819,62.870993],[29.467472,62.868049],[29.474831,62.866283],[29.479835,62.863339],[29.481602,62.858041],[29.481602,62.852448],[29.48219,62.846855],[29.487195,62.841556],[29.531349,62.820362],[29.554604,62.813297],[29.569322,62.814769],[29.56314,62.814769],[29.576093,62.835375],[29.56314,62.83773],[29.527817,62.848915],[29.551072,62.85127],[29.60494,62.833314],[29.631433,62.835375],[29.625546,62.842734],[29.607295,62.855391],[29.603468,62.859513],[29.583452,62.889832],[29.543712,62.933692],[29.535176,62.951354],[29.561963,62.944584],[29.604646,62.914559],[29.637615,62.911026],[29.637615,62.917797],[29.614949,62.933398],[29.586101,62.948999],[29.554898,62.961068],[29.524579,62.965778],[29.506623,62.97402],[29.493965,62.994331],[29.479835,63.040841],[29.495142,63.037897],[29.507506,63.041135],[29.520752,63.04143],[29.557842,63.018469],[29.56314,63.014054],[29.568145,63.006106],[29.575209,62.989327],[29.579919,62.982851],[29.611122,62.959008],[29.749767,62.895719],[29.767724,62.884828],[29.78097,62.862751],[29.812761,62.822128],[29.820709,62.815947],[29.830129,62.801228],[29.843081,62.773853],[29.843669,62.755308],[29.83631,62.746182],[29.821887,62.742356],[29.802459,62.739118],[29.810112,62.734997],[29.830129,62.719395],[29.738582,62.688487],[29.685596,62.67995],[29.658809,62.692019],[29.633199,62.71704],[29.623191,62.730875],[29.617892,62.745888],[29.624368,62.743827],[29.638498,62.741178],[29.644974,62.739118],[29.625251,62.753541],[29.600525,62.763844],[29.58404,62.761489],[29.589633,62.739118],[29.576387,62.742356],[29.567262,62.750598],[29.552543,62.77032],[29.546067,62.774441],[29.537531,62.777385],[29.510744,62.781506],[29.509566,62.785038],[29.511038,62.789454],[29.508094,62.794458],[29.486606,62.80535],[29.477481,62.813592],[29.473654,62.825661],[29.425378,62.848915],[29.428322,62.853037],[29.430382,62.859513],[29.432148,62.863339],[29.42008,62.864222],[29.411249,62.869227],[29.40595,62.878058],[29.404773,62.889832],[29.410954,62.888066],[29.425967,62.885711],[29.432148,62.88365],[29.432443,62.891893],[29.434503,62.898663],[29.437153,62.904845],[29.438919,62.911026],[29.451282,62.903667]]]]}},{"type":"Feature","properties":{"min_zoom":4},"geometry":{"type":"MultiPolygon","coordinates":[[[[31.649299,58.219745],[31.63723,58.224455],[31.590721,58.216802],[31.568055,58.223278],[31.541562,58.235347],[31.515069,58.242411],[31.47062,58.223572],[31.444716,58.215918],[31.429409,58.206204],[31.440595,58.189426],[31.410275,58.18972],[31.396735,58.185893],[31.385549,58.175885],[31.416751,58.15057],[31.427054,58.134674],[31.427054,58.113185],[31.418223,58.117306],[31.41057,58.123194],[31.396146,58.137912],[31.384666,58.142622],[31.351697,58.144094],[31.337567,58.14792],[31.336684,58.165877],[31.301949,58.163816],[31.23454,58.151747],[31.219822,58.157634],[31.203926,58.160872],[31.145936,58.164405],[31.106197,58.17353],[31.087064,58.175885],[31.074406,58.178829],[31.036433,58.193547],[31.00994,58.208854],[30.990512,58.213858],[30.950479,58.216802],[30.943414,58.218862],[30.938704,58.228282],[30.932817,58.230342],[30.92222,58.229754],[30.914861,58.227399],[30.899259,58.219745],[30.883658,58.216507],[30.837737,58.2221],[30.88719,58.240645],[30.983742,58.291276],[31.005819,58.310115],[31.014944,58.332781],[31.064103,58.32189],[31.121799,58.329249],[31.17655,58.34956],[31.217173,58.377524],[31.263093,58.416969],[31.275457,58.436397],[31.303421,58.518525],[31.307542,58.508516],[31.309308,58.498508],[31.309603,58.477608],[31.323144,58.452587],[31.341394,58.429921],[31.366415,58.418441],[31.416751,58.428449],[31.432353,58.421973],[31.44766,58.413142],[31.464144,58.408433],[31.502411,58.407255],[31.518896,58.401368],[31.528904,58.388121],[31.522134,58.38871],[31.508004,58.387533],[31.501528,58.388121],[31.510359,58.371931],[31.529198,58.361334],[31.550393,58.358096],[31.566583,58.363984],[31.610149,58.400779],[31.625161,58.408433],[31.623101,58.391948],[31.628694,58.383706],[31.639879,58.381351],[31.655775,58.381351],[31.666372,58.375758],[31.666372,58.363101],[31.660191,58.348971],[31.652243,58.339551],[31.646061,58.348088],[31.637819,58.355447],[31.628105,58.360157],[31.618096,58.360157],[31.610737,58.355741],[31.61162,58.350737],[31.615742,58.344261],[31.623395,58.320418],[31.646944,58.290393],[31.652243,58.274791],[31.656364,58.255069],[31.666667,58.243],[31.680207,58.232403],[31.693748,58.216802],[31.69993,58.200317],[31.704051,58.181772],[31.711704,58.165288],[31.728189,58.155279],[31.708761,58.146743],[31.695809,58.159401],[31.680502,58.196196],[31.673437,58.203261],[31.649299,58.219745]]]]}},{"type":"Feature","properties":{"min_zoom":4},"geometry":{"type":"MultiPolygon","coordinates":[[[[26.779633,64.363713],[26.788759,64.373427],[26.801122,64.390795],[26.786992,64.394916],[26.755201,64.401098],[26.742543,64.408162],[26.737834,64.419348],[26.750491,64.424647],[26.768447,64.425824],[26.780516,64.424941],[26.845571,64.408162],[26.881483,64.404041],[26.911508,64.411106],[26.827909,64.428473],[26.807892,64.438482],[26.796118,64.455849],[26.796118,64.473217],[26.807009,64.485286],[26.82526,64.486757],[26.830264,64.486463],[26.8388,64.487052],[26.847043,64.489407],[26.854991,64.493233],[26.844393,64.502947],[26.822022,64.5159],[26.811425,64.524436],[26.807892,64.534444],[26.811719,64.544158],[26.812896,64.553578],[26.801122,64.562115],[26.814663,64.560349],[26.822022,64.555344],[26.829086,64.548868],[26.842038,64.541509],[26.879128,64.532384],[26.955663,64.524436],[26.97568,64.519138],[26.989809,64.51119],[26.998346,64.504714],[27.007471,64.502359],[27.015419,64.507069],[27.020718,64.521198],[27.007177,64.527968],[27.023367,64.533267],[27.038379,64.527968],[27.053686,64.519432],[27.099607,64.510601],[27.117269,64.510012],[27.136108,64.515016],[27.124039,64.530029],[27.138758,64.539449],[27.163484,64.542392],[27.181146,64.538271],[27.197925,64.531206],[27.240313,64.526497],[27.252971,64.515016],[27.233248,64.51119],[27.213526,64.504419],[27.196453,64.494117],[27.184678,64.480281],[27.218825,64.467624],[27.229127,64.465858],[27.23943,64.46262],[27.24885,64.455849],[27.25356,64.449079],[27.249438,64.445841],[27.225006,64.442603],[27.164073,64.418171],[27.184973,64.395505],[27.217647,64.386674],[27.254148,64.381375],[27.286823,64.370189],[27.280935,64.359592],[27.278286,64.345757],[27.280641,64.336632],[27.290649,64.33987],[27.300658,64.348701],[27.307134,64.352527],[27.314493,64.352527],[27.328622,64.349878],[27.375426,64.333982],[27.383374,64.333099],[27.380725,64.318676],[27.377192,64.308962],[27.38043,64.303369],[27.397209,64.301308],[27.411339,64.304546],[27.416932,64.3122],[27.419581,64.321325],[27.424879,64.329273],[27.438715,64.33722],[27.453433,64.341047],[27.486696,64.342813],[27.491994,64.341047],[27.494938,64.331628],[27.499942,64.329273],[27.509951,64.329567],[27.572062,64.349878],[27.582659,64.356649],[27.540859,64.370189],[27.552633,64.37902],[27.570295,64.386085],[27.590606,64.390206],[27.60974,64.390795],[27.60974,64.397565],[27.584719,64.404336],[27.575594,64.405219],[27.590312,64.411106],[27.605325,64.410517],[27.654189,64.402569],[27.659782,64.396682],[27.663903,64.389323],[27.678033,64.384024],[27.692162,64.383436],[27.706292,64.386674],[27.718949,64.392855],[27.729252,64.401392],[27.7372,64.401392],[27.780471,64.390795],[27.906459,64.391972],[27.978284,64.38373],[28.013902,64.356649],[27.975046,64.35812],[27.917056,64.369895],[27.862893,64.373427],[27.835812,64.349878],[27.868192,64.345463],[27.91529,64.31897],[27.94561,64.315143],[27.980345,64.321325],[27.98947,64.317792],[27.979756,64.301308],[27.964155,64.292183],[27.946493,64.292183],[27.801077,64.324857],[27.76016,64.322502],[27.696872,64.302191],[27.636527,64.274227],[27.650362,64.272755],[27.66302,64.267456],[27.668907,64.25892],[27.663903,64.246851],[27.683037,64.239492],[27.769285,64.222124],[27.792246,64.221241],[27.812557,64.226834],[27.828453,64.239786],[27.826392,64.251855],[27.843465,64.259508],[27.86672,64.262746],[27.883499,64.260391],[27.87614,64.240375],[27.879083,64.220358],[27.888503,64.202402],[27.900572,64.188567],[27.924415,64.179736],[28.058645,64.185329],[28.076013,64.182091],[28.098679,64.167961],[28.113397,64.164723],[28.177863,64.157953],[28.193464,64.149416],[28.196997,64.140585],[28.189343,64.135287],[28.170798,64.136759],[28.170798,64.129988],[28.18169,64.130871],[28.192287,64.129988],[28.202589,64.127928],[28.212304,64.123807],[28.184045,64.122629],[28.096324,64.103495],[28.061883,64.104673],[28.034802,64.113209],[27.986526,64.140585],[27.95709,64.151182],[27.794012,64.164723],[27.788419,64.167078],[27.767519,64.178558],[27.764281,64.177086],[27.739555,64.171788],[27.761338,64.189744],[27.824332,64.185034],[27.841993,64.198869],[27.801371,64.205934],[27.794012,64.205051],[27.779883,64.199752],[27.773701,64.198869],[27.770169,64.201224],[27.763398,64.210644],[27.76016,64.213293],[27.683626,64.225656],[27.597966,64.227717],[27.582659,64.233899],[27.572356,64.24479],[27.571178,64.255093],[27.582659,64.281586],[27.552339,64.287179],[27.518782,64.285412],[27.486402,64.278642],[27.458731,64.267751],[27.499942,64.260391],[27.488756,64.254504],[27.48493,64.247439],[27.483458,64.24008],[27.477865,64.229483],[27.475216,64.222713],[27.471683,64.216531],[27.465796,64.213293],[27.456671,64.215648],[27.449017,64.230072],[27.441658,64.233899],[27.412516,64.231249],[27.398092,64.231838],[27.386612,64.236842],[27.374838,64.239492],[27.359825,64.235076],[27.345107,64.226834],[27.334804,64.219475],[27.337453,64.215648],[27.342163,64.205934],[27.325679,64.206228],[27.315965,64.201813],[27.3089,64.195631],[27.300658,64.19151],[27.248261,64.190922],[27.232365,64.185329],[27.261213,64.174143],[27.280935,64.156775],[27.298892,64.136759],[27.321852,64.117036],[27.308606,64.117036],[27.274165,64.103495],[27.247967,64.124984],[27.197336,64.141468],[27.164073,64.157364],[27.19086,64.178558],[27.185561,64.186506],[27.18615,64.195631],[27.191154,64.204757],[27.198219,64.213293],[27.178791,64.204168],[27.164956,64.199752],[27.093425,64.197398],[27.054275,64.19151],[27.04721,64.187978],[27.042206,64.182679],[27.036319,64.178558],[27.026899,64.178558],[27.02425,64.182091],[27.022189,64.195043],[27.020718,64.198869],[27.001878,64.206817],[26.981567,64.212116],[26.963611,64.219769],[26.951836,64.233899],[26.943005,64.240669],[26.930642,64.246556],[26.903561,64.25421],[26.903561,64.260391],[26.935941,64.266867],[26.932114,64.293949],[26.907093,64.323091],[26.876773,64.336632],[26.834385,64.32839],[26.811719,64.328095],[26.790525,64.33987],[26.778456,64.354882],[26.779633,64.363713]]]]}},{"type":"Feature","properties":{"min_zoom":5.7},"geometry":{"type":"MultiPolygon","coordinates":[[[[27.223829,66.54554],[27.290355,66.525229],[27.321852,66.522285],[27.30213,66.533471],[27.294476,66.535826],[27.312432,66.557903],[27.323913,66.576448],[27.339808,66.59205],[27.370422,66.604707],[27.368067,66.609417],[27.364829,66.620897],[27.362769,66.625313],[27.38514,66.625018],[27.399859,66.622075],[27.411339,66.624135],[27.424879,66.638265],[27.43636,66.667113],[27.443424,66.670939],[27.458731,66.65887],[27.466974,66.64268],[27.471095,66.627079],[27.480809,66.617365],[27.506713,66.618248],[27.522903,66.626785],[27.532617,66.640325],[27.532617,66.655044],[27.520253,66.666229],[27.527907,66.672411],[27.463736,66.702731],[27.441658,66.707146],[27.42017,66.701848],[27.418109,66.700376],[27.408984,66.704497],[27.407806,66.706263],[27.408101,66.708324],[27.404274,66.713916],[27.403685,66.720687],[27.405746,66.730401],[27.403685,66.740409],[27.390144,66.748063],[27.381314,66.751889],[27.377192,66.760426],[27.384846,66.764841],[27.404274,66.761898],[27.465796,66.727752],[27.441658,66.747768],[27.458143,66.754833],[27.490523,66.750123],[27.514072,66.735111],[27.503475,66.727457],[27.506713,66.723042],[27.518782,66.721276],[27.534383,66.720687],[27.543508,66.718332],[27.551162,66.712445],[27.562053,66.700376],[27.564702,66.693605],[27.566174,66.684186],[27.569707,66.675943],[27.578832,66.672411],[27.602087,66.671528],[27.608268,66.675649],[27.60974,66.686835],[27.629463,66.682419],[27.663314,66.692134],[27.6745,66.690073],[27.681271,66.680948],[27.688335,66.662697],[27.698049,66.651806],[27.679504,66.652394],[27.663314,66.655927],[27.648302,66.65681],[27.632995,66.648862],[27.634172,66.642092],[27.656544,66.625902],[27.663903,66.618248],[27.60974,66.618248],[27.741321,66.587929],[27.76016,66.569972],[27.793129,66.595288],[27.801371,66.604707],[27.824332,66.589695],[27.849058,66.5894],[27.911463,66.597937],[27.906754,66.607357],[27.904104,66.610889],[27.917351,66.625313],[27.934718,66.637971],[27.953557,66.645624],[27.972985,66.645624],[27.950908,66.627668],[27.942666,66.617071],[27.938251,66.604707],[27.947376,66.604119],[27.972985,66.597937],[27.972985,66.591167],[27.933835,66.588812],[27.821977,66.563791],[27.852591,66.542891],[27.856123,66.535826],[27.84582,66.528173],[27.826392,66.531705],[27.794601,66.542597],[27.762809,66.545246],[27.7372,66.551722],[27.690985,66.573505],[27.658899,66.584102],[27.526729,66.605296],[27.506124,66.600881],[27.49847,66.586751],[27.506713,66.563791],[27.41752,66.578215],[27.396915,66.576743],[27.382491,66.562613],[27.396915,66.552899],[27.43842,66.542597],[27.429884,66.529939],[27.379842,66.491083],[27.376604,66.485196],[27.370422,66.469889],[27.366595,66.466945],[27.339514,66.468711],[27.315082,66.474304],[27.321263,66.483135],[27.335981,66.49226],[27.342163,66.501091],[27.323618,66.506978],[27.285645,66.505212],[27.266512,66.50845],[27.247672,66.518753],[27.214115,66.532294],[27.198219,66.542597],[27.223829,66.54554]]]]}},{"type":"Feature","properties":{"min_zoom":4.7},"geometry":{"type":"MultiPolygon","coordinates":[[[[34.216743,67.850456],[34.198198,67.867529],[34.16729,67.87901],[34.186129,67.891373],[34.242647,67.876655],[34.267374,67.882542],[34.287979,67.894611],[34.307407,67.894905],[34.33861,67.87901],[34.34067,67.869001],[34.338904,67.864291],[34.331251,67.858404],[34.344203,67.842214],[34.345969,67.828673],[34.343614,67.814838],[34.34538,67.796588],[34.3548,67.77922],[34.368635,67.766857],[34.441048,67.726235],[34.524942,67.693855],[34.542604,67.683846],[34.5585,67.666773],[34.55379,67.653527],[34.557617,67.640869],[34.562621,67.629978],[34.561443,67.621735],[34.562915,67.612905],[34.596473,67.598481],[34.606187,67.590533],[34.589997,67.584351],[34.496389,67.529599],[34.488147,67.528128],[34.47961,67.525478],[34.471957,67.524007],[34.465186,67.526067],[34.461654,67.531366],[34.459593,67.536664],[34.45665,67.541374],[34.450174,67.544906],[34.430157,67.546673],[34.413673,67.541668],[34.398071,67.534604],[34.379526,67.529599],[34.363336,67.529894],[34.318004,67.537547],[34.304463,67.54314],[34.295633,67.556681],[34.300931,67.564923],[34.313294,67.572282],[34.325069,67.584351],[34.305347,67.592005],[34.307407,67.606428],[34.315649,67.622619],[34.314766,67.636159],[34.307407,67.6497],[34.314177,67.65912],[34.325363,67.669717],[34.331251,67.687084],[34.32713,67.697387],[34.308879,67.702391],[34.304463,67.711222],[34.305935,67.720642],[34.30829,67.727118],[34.306524,67.732416],[34.297693,67.738598],[34.272083,67.743013],[34.239703,67.743897],[34.210856,67.749784],[34.195254,67.769212],[34.237937,67.757437],[34.260898,67.755965],[34.270906,67.765679],[34.253538,67.80689],[34.232344,67.829557],[34.216743,67.850456]]]]}},{"type":"Feature","properties":{"min_zoom":6},"geometry":{"type":"MultiPolygon","coordinates":[[[[31.256029,68.629933],[31.271041,68.639941],[31.26486,68.656425],[31.261621,68.670555],[31.285759,68.679386],[31.310192,68.669966],[31.311075,68.657603],[31.311075,68.648183],[31.326382,68.645239],[31.337567,68.639647],[31.353169,68.634054],[31.37819,68.630521],[31.399384,68.63111],[31.42676,68.636997],[31.454136,68.625811],[31.48475,68.618747],[31.55628,68.64053],[31.629871,68.665551],[31.655186,68.66349],[31.678441,68.650244],[31.715237,68.649361],[31.745556,68.643179],[31.759097,68.624045],[31.744084,68.614626],[31.698458,68.615803],[31.642234,68.615214],[31.607794,68.615214],[31.592192,68.614626],[31.541856,68.606383],[31.492109,68.594903],[31.455902,68.580479],[31.394968,68.575181],[31.346398,68.586072],[31.316373,68.592254],[31.303421,68.581362],[31.281933,68.572532],[31.253085,68.566056],[31.24602,68.555164],[31.266331,68.53868],[31.257206,68.526316],[31.218056,68.518957],[31.201277,68.506594],[31.181849,68.498646],[31.162421,68.491581],[31.174195,68.461851],[31.19068,68.434769],[31.173018,68.435064],[31.149469,68.433003],[31.130041,68.428293],[31.107375,68.435652],[31.09354,68.435947],[31.093245,68.419462],[31.074406,68.41593],[31.02407,68.426233],[30.96814,68.419168],[30.921631,68.406216],[30.881303,68.392969],[30.851278,68.375602],[30.830084,68.370598],[30.795937,68.36942],[30.73471,68.346166],[30.694087,68.325266],[30.674954,68.316729],[30.660824,68.301717],[30.664945,68.284055],[30.683196,68.270808],[30.684962,68.251969],[30.664651,68.240489],[30.638158,68.244316],[30.606073,68.237251],[30.617553,68.219295],[30.66053,68.200161],[30.68349,68.185148],[30.6673,68.175729],[30.627561,68.17514],[30.608133,68.167487],[30.629622,68.148058],[30.677897,68.134518],[30.727351,68.123921],[30.738831,68.106259],[30.720875,68.108908],[30.679664,68.123038],[30.631977,68.132457],[30.587528,68.148647],[30.531598,68.154829],[30.494509,68.150119],[30.486561,68.139522],[30.498924,68.126864],[30.501868,68.113618],[30.468016,68.106553],[30.434164,68.105081],[30.423272,68.088891],[30.414442,68.074762],[30.386183,68.064459],[30.361456,68.057983],[30.360573,68.072113],[30.351742,68.087419],[30.338201,68.0989],[30.296696,68.122743],[30.261961,68.144232],[30.286982,68.144526],[30.306116,68.134518],[30.321717,68.122449],[30.343794,68.11038],[30.362045,68.104493],[30.418857,68.110674],[30.453886,68.127159],[30.464189,68.149825],[30.490387,68.162188],[30.52159,68.174257],[30.547494,68.181027],[30.562212,68.17514],[30.578108,68.180144],[30.594887,68.188975],[30.605189,68.197512],[30.575164,68.204871],[30.548672,68.213996],[30.557797,68.225182],[30.571926,68.238428],[30.617553,68.249614],[30.656998,68.259622],[30.646106,68.275518],[30.635509,68.289059],[30.604895,68.291119],[30.560446,68.292591],[30.526006,68.287881],[30.504223,68.272575],[30.494803,68.271691],[30.475375,68.274046],[30.446822,68.278756],[30.435341,68.299656],[30.428571,68.317318],[30.437402,68.331447],[30.469488,68.333508],[30.495392,68.338218],[30.51482,68.342928],[30.503928,68.321145],[30.499807,68.301128],[30.538958,68.301128],[30.585467,68.300539],[30.611371,68.297301],[30.63757,68.317612],[30.661413,68.335274],[30.679958,68.342928],[30.744129,68.36736],[30.795643,68.38355],[30.856871,68.399445],[30.911623,68.419757],[30.938115,68.431826],[30.971084,68.453903],[30.955188,68.464206],[30.941059,68.476274],[30.992573,68.479218],[31.049385,68.470093],[31.066164,68.478924],[31.057627,68.495703],[31.036433,68.501884],[31.030251,68.510126],[31.02142,68.532204],[30.997871,68.542212],[30.990806,68.557813],[30.976677,68.586072],[30.938115,68.596964],[30.913977,68.602851],[30.918393,68.615803],[30.929579,68.630227],[30.911034,68.641707],[30.85952,68.643179],[30.810361,68.637292],[30.788578,68.619924],[30.773271,68.606383],[30.749428,68.596081],[30.717931,68.581068],[30.707628,68.592254],[30.727939,68.631404],[30.712927,68.667611],[30.689083,68.683801],[30.666123,68.685567],[30.60048,68.689394],[30.546022,68.689394],[30.534542,68.675265],[30.527183,68.671438],[30.540724,68.699991],[30.576047,68.718831],[30.589883,68.70735],[30.635215,68.70058],[30.693499,68.703818],[30.734415,68.703818],[30.770033,68.701757],[30.797115,68.718242],[30.84127,68.729428],[30.868645,68.710588],[30.865702,68.690866],[30.864819,68.679386],[30.888368,68.672615],[30.929579,68.669672],[30.969024,68.674676],[31.002875,68.684684],[31.031134,68.689688],[31.047619,68.689688],[31.033489,68.678797],[31.008763,68.663784],[31.027896,68.659369],[31.075583,68.657897],[31.090007,68.641707],[31.109141,68.633759],[31.156828,68.6473],[31.192152,68.654659],[31.207458,68.639352],[31.218939,68.624634],[31.238072,68.625811],[31.256029,68.629933]]]]}},{"type":"Feature","properties":{"min_zoom":6},"geometry":{"type":"MultiPolygon","coordinates":[[[[27.169666,68.088597],[27.151121,68.093307],[27.129338,68.095073],[27.083711,68.111557],[27.048976,68.104493],[27.013064,68.091835],[26.979507,68.085065],[26.943888,68.083298],[26.867648,68.069169],[26.835268,68.0571],[26.849103,68.051507],[26.897085,68.04297],[26.889725,68.035611],[26.883544,68.027664],[26.879423,68.018833],[26.876773,68.009413],[26.902089,68.008824],[26.93182,68.002054],[26.95949,67.990279],[26.979212,67.975267],[26.958312,67.969968],[26.938296,67.972029],[26.897085,67.981448],[26.763149,67.975267],[26.75579,67.977916],[26.754318,67.984392],[26.754612,67.991162],[26.753141,67.994989],[26.733124,68.001465],[26.690147,68.009413],[26.670719,68.016183],[26.676017,68.03149],[26.662771,68.045325],[26.641577,68.056217],[26.623032,68.063282],[26.42257,68.105376],[26.327196,68.103021],[26.29511,68.098311],[26.273327,68.085065],[26.28834,68.080649],[26.303647,68.078294],[26.335438,68.077705],[26.335438,68.070935],[26.288928,68.062104],[26.273327,68.063282],[26.262436,68.06858],[26.245362,68.082415],[26.231822,68.085065],[26.205035,68.078883],[26.17707,68.067991],[26.148811,68.062104],[26.122024,68.070935],[26.131738,68.085653],[26.146456,68.091246],[26.184135,68.091246],[26.184135,68.098017],[26.149988,68.111852],[26.149988,68.118622],[26.29717,68.105964],[26.341619,68.118622],[26.303352,68.118622],[26.259786,68.124215],[26.219458,68.135106],[26.190905,68.152768],[26.198853,68.160716],[26.20945,68.167487],[26.220636,68.171902],[26.231822,68.173374],[26.240653,68.169547],[26.244479,68.162777],[26.247129,68.155712],[26.253016,68.152768],[26.333083,68.141288],[26.362225,68.145998],[26.347507,68.15218],[26.293932,68.159539],[26.343974,68.177495],[26.432284,68.182499],[26.516472,68.175434],[26.553856,68.156006],[26.566219,68.14276],[26.594478,68.139228],[26.649524,68.139816],[26.64923,68.137461],[26.652174,68.125687],[26.653351,68.122449],[26.659238,68.120977],[26.702216,68.128336],[26.73018,68.138639],[26.745781,68.139816],[26.745781,68.132163],[26.737834,68.129808],[26.718994,68.118622],[26.791997,68.105081],[26.814663,68.098017],[26.821139,68.091246],[26.827026,68.080943],[26.834385,68.075351],[26.845571,68.081238],[26.854402,68.085065],[26.983039,68.101255],[27.007177,68.111852],[27.021895,68.129514],[27.012475,68.138933],[26.997168,68.146587],[26.993342,68.159539],[27.007471,68.166015],[27.030432,68.159539],[27.092837,68.128042],[27.174964,68.102432],[27.169666,68.088597]]]]}},{"type":"Feature","properties":{"min_zoom":6},"geometry":{"type":"MultiPolygon","coordinates":[[[[27.174964,68.102432],[27.220591,68.088008],[27.298303,68.072701],[27.309783,68.075645],[27.319791,68.097722],[27.330683,68.099194],[27.342163,68.094484],[27.348934,68.085065],[27.364535,68.079177],[27.377192,68.076234],[27.390144,68.077705],[27.398681,68.08477],[27.402802,68.094484],[27.40604,68.104493],[27.410456,68.111852],[27.434593,68.122743],[27.465796,68.126276],[27.494938,68.121271],[27.514072,68.105081],[27.506124,68.095662],[27.501708,68.088891],[27.499942,68.081238],[27.492289,68.077117],[27.456671,68.078883],[27.444602,68.077705],[27.440481,68.070346],[27.444602,68.054451],[27.437831,68.046503],[27.418698,68.037083],[27.41075,68.03149],[27.404274,68.022954],[27.450784,68.004998],[27.476982,68.000288],[27.489051,67.996167],[27.500531,67.9944],[27.517015,68.00176],[27.548218,68.009413],[27.643298,68.016183],[27.667436,68.012945],[27.691279,68.007058],[27.715417,68.004114],[27.739555,68.009413],[27.714828,68.023542],[27.655661,68.024426],[27.632995,68.033256],[27.630051,68.040616],[27.641531,68.04768],[27.639765,68.053862],[27.628285,68.059161],[27.615922,68.058866],[27.604147,68.060632],[27.595611,68.070935],[27.629757,68.08006],[27.663903,68.085065],[27.681271,68.085359],[27.692751,68.082415],[27.718949,68.070935],[27.746325,68.065048],[27.772229,68.068286],[27.792246,68.081238],[27.801371,68.105081],[27.814618,68.101549],[27.838461,68.091835],[27.849353,68.085065],[27.835812,68.075056],[27.80667,68.060044],[27.794012,68.05033],[27.789891,68.042382],[27.786064,68.032079],[27.781354,68.022659],[27.773701,68.016183],[27.793423,68.003526],[27.816678,68.00176],[27.863188,68.009413],[27.935601,68.006764],[28.039217,68.025014],[28.073952,68.038261],[28.068948,68.053862],[27.998006,68.06858],[27.986526,68.077705],[27.998595,68.080649],[28.055407,68.073879],[28.072481,68.067108],[28.086021,68.059749],[28.103094,68.055039],[28.117518,68.048269],[28.1237,68.033256],[28.114869,68.022071],[28.055407,68.002643],[28.081017,67.996755],[28.134003,67.991457],[28.157257,67.981448],[28.132531,67.974972],[27.890269,67.988807],[27.898511,67.981448],[27.903516,67.977916],[27.911463,67.975267],[27.911463,67.968496],[27.844937,67.954073],[27.813146,67.939649],[27.794012,67.913745],[27.80196,67.912273],[27.814912,67.907857],[27.821977,67.906386],[27.799016,67.900793],[27.774584,67.900204],[27.75339,67.896083],[27.739555,67.87901],[27.746325,67.87901],[27.73926,67.85811],[27.753684,67.848101],[27.778116,67.845158],[27.801371,67.844863],[27.781354,67.832795],[27.750152,67.826907],[27.601498,67.814838],[27.575594,67.824552],[27.543803,67.846924],[27.429295,67.860759],[27.375426,67.889607],[27.245906,67.89255],[27.212054,67.906386],[27.265334,67.905502],[27.342163,67.926697],[27.346873,67.937882],[27.343635,67.945536],[27.338042,67.953189],[27.334804,67.96467],[27.342163,67.967319],[27.390144,67.975267],[27.373954,67.993517],[27.355115,68.004114],[27.308017,68.016183],[27.319203,68.021188],[27.330977,68.023248],[27.355704,68.022954],[27.338336,68.043559],[27.314199,68.055923],[27.285351,68.06181],[27.211171,68.062987],[27.187916,68.066225],[27.177614,68.074173],[27.169666,68.088597],[27.174964,68.102432]]]]}},{"type":"Feature","properties":{"min_zoom":4.7},"geometry":{"type":"MultiPolygon","coordinates":[[[[18.414688,67.427161],[18.294293,67.473082],[18.260735,67.479263],[18.205101,67.481618],[18.18685,67.484562],[18.172132,67.491921],[18.16595,67.505462],[18.162123,67.521357],[18.152409,67.529305],[17.803294,67.597892],[17.7612,67.597009],[17.740005,67.599952],[17.706742,67.617909],[17.639038,67.618497],[17.549552,67.653821],[17.515405,67.659414],[17.478316,67.654115],[17.40914,67.636159],[17.371461,67.639397],[17.261369,67.664124],[17.17983,67.694149],[17.17983,67.700331],[17.220158,67.697093],[17.337315,67.673544],[17.367635,67.671483],[17.372639,67.675604],[17.364691,67.687084],[17.347324,67.696798],[17.323774,67.70769],[17.269906,67.725646],[17.239881,67.73065],[17.195432,67.762147],[17.17983,67.769212],[17.148628,67.775688],[17.138619,67.779515],[17.117425,67.783636],[17.094759,67.782458],[17.073859,67.78393],[17.056197,67.796588],[17.13391,67.800709],[17.175415,67.798648],[17.20338,67.786285],[17.226634,67.769212],[17.255776,67.758026],[17.588113,67.682669],[17.614606,67.670011],[17.698206,67.656765],[17.730586,67.643813],[17.851275,67.625268],[17.888954,67.607312],[17.917213,67.602896],[17.984033,67.584057],[18.025539,67.58494],[18.155942,67.561685],[18.203334,67.533132],[18.384663,67.45748],[18.424696,67.448061],[18.414688,67.427161]]]]}},{"type":"Feature","properties":{"min_zoom":5.7},"geometry":{"type":"MultiPolygon","coordinates":[[[[18.424696,67.448061],[18.481214,67.421273],[18.509179,67.413031],[18.528901,67.412443],[18.584242,67.42039],[18.606025,67.416564],[18.628985,67.409793],[18.651945,67.405378],[18.673728,67.409499],[18.727303,67.411854],[18.810313,67.396547],[18.886848,67.370348],[18.920111,67.340912],[18.936301,67.32119],[18.973685,67.308532],[19.043744,67.296169],[19.112037,67.275563],[19.149126,67.251425],[19.15678,67.247599],[19.175325,67.244361],[19.230371,67.226699],[19.253626,67.212275],[19.274231,67.20521],[19.283356,67.2005],[19.288361,67.194907],[19.299546,67.178717],[19.304256,67.173419],[19.332515,67.161644],[19.369899,67.155463],[19.499714,67.148398],[19.659554,67.118667],[19.756988,67.083932],[19.771118,67.074513],[19.787013,67.060972],[19.799671,67.045959],[19.804675,67.033007],[19.807325,67.02712],[19.812623,67.023882],[19.815567,67.019172],[19.810857,67.008869],[19.80232,67.001805],[19.792901,67.002982],[19.784364,67.010341],[19.777299,67.02241],[19.749629,67.028886],[19.696644,67.051258],[19.667502,67.055968],[19.601858,67.058028],[19.572128,67.065976],[19.550933,67.083932],[19.561531,67.094824],[19.547695,67.10336],[19.432893,67.121905],[19.406695,67.11484],[19.368133,67.110719],[19.309555,67.116901],[19.259807,67.133091],[19.248916,67.159584],[19.23302,67.162527],[19.126755,67.203444],[19.114391,67.210214],[19.094963,67.224638],[19.091725,67.23288],[19.095258,67.240828],[19.097907,67.250248],[19.091431,67.262022],[19.062583,67.27939],[19.025788,67.287632],[18.954552,67.289987],[18.925998,67.29558],[18.8998,67.309121],[18.851819,67.343856],[18.755267,67.388893],[18.73996,67.392131],[18.718472,67.391543],[18.697572,67.388305],[18.684031,67.382417],[18.667841,67.378296],[18.647824,67.383889],[18.612206,67.398607],[18.576294,67.39743],[18.530962,67.390954],[18.487985,67.388893],[18.457665,67.402434],[18.436765,67.418624],[18.414688,67.427161],[18.424696,67.448061]]]]}},{"type":"Feature","properties":{"min_zoom":6},"geometry":{"type":"MultiPolygon","coordinates":[[[[11.260757,60.607038],[11.25899,60.614986],[11.276358,60.600857],[11.272237,60.58084],[11.257519,60.560234],[11.241917,60.543161],[11.231909,60.521673],[11.23603,60.480462],[11.228376,60.461034],[11.227788,60.443961],[11.230731,60.417468],[11.226316,60.401572],[11.204239,60.416585],[11.186577,60.461917],[11.169209,60.482522],[11.162733,60.492236],[11.172153,60.510192],[11.179512,60.535508],[11.179512,60.557585],[11.16656,60.567299],[11.144188,60.573481],[11.126232,60.588199],[11.094441,60.621462],[11.073541,60.633531],[11.046165,60.645011],[11.01614,60.653253],[10.988175,60.656786],[10.979933,60.660318],[10.943138,60.68475],[10.895745,60.697702],[10.810085,60.738913],[10.762104,60.749805],[10.734433,60.762463],[10.707941,60.778064],[10.690573,60.792782],[10.682331,60.815742],[10.690573,60.864018],[10.686746,60.879031],[10.614627,60.944674],[10.578715,60.966457],[10.430061,61.029745],[10.415931,61.043286],[10.419169,61.057121],[10.430944,61.071545],[10.434476,61.087735],[10.433299,61.104514],[10.429178,61.122175],[10.436831,61.114522],[10.443013,61.104219],[10.447428,61.092739],[10.450078,61.081259],[10.448017,61.056827],[10.450078,61.046524],[10.458909,61.036516],[10.516015,61.00443],[10.576066,60.988829],[10.601087,60.978231],[10.729724,60.884035],[10.73826,60.868434],[10.734139,60.859308],[10.715594,60.843413],[10.710884,60.834876],[10.712945,60.825456],[10.719127,60.813976],[10.727074,60.804262],[10.767108,60.782774],[10.779766,60.779536],[10.796544,60.778064],[10.848058,60.766584],[10.915173,60.759519],[10.949614,60.764229],[10.964037,60.783068],[10.962566,60.796903],[10.957267,60.805145],[10.912229,60.830461],[10.904576,60.837231],[10.895745,60.847828],[10.88397,60.871377],[10.874551,60.879325],[10.855123,60.881974],[10.875728,60.890511],[10.899277,60.885212],[10.920766,60.873143],[10.936073,60.861663],[10.949908,60.846356],[10.956678,60.841058],[10.966981,60.836348],[10.98847,60.831932],[10.998184,60.827517],[11.027326,60.804557],[11.041161,60.797786],[11.089142,60.788661],[11.09032,60.784245],[11.079723,60.775709],[11.066476,60.759225],[11.094146,60.725373],[11.101211,60.711243],[11.106804,60.696819],[11.107687,60.68946],[11.108276,60.680335],[11.111514,60.673565],[11.135652,60.656786],[11.163322,60.62264],[11.190698,60.598207],[11.223078,60.58761],[11.265761,60.594086],[11.262228,60.598796],[11.261051,60.602328],[11.260757,60.607038]]]]}},{"type":"Feature","properties":{"min_zoom":5},"geometry":{"type":"MultiPolygon","coordinates":[[[[35.714173,68.741791],[35.738017,68.737375],[35.726537,68.724129],[35.696511,68.721185],[35.673257,68.712649],[35.644409,68.702052],[35.624392,68.696459],[35.614384,68.685862],[35.571995,68.684979],[35.511356,68.689688],[35.476327,68.68439],[35.46102,68.680269],[35.446891,68.671732],[35.451306,68.655542],[35.455722,68.638763],[35.453072,68.617569],[35.464553,68.602557],[35.467202,68.593431],[35.464258,68.579302],[35.45896,68.558108],[35.446008,68.526611],[35.431289,68.50836],[35.420692,68.499235],[35.41245,68.477452],[35.394494,68.465089],[35.38007,68.456258],[35.355343,68.446249],[35.330322,68.441245],[35.304713,68.432709],[35.276748,68.422406],[35.267034,68.394736],[35.275865,68.371481],[35.292644,68.354408],[35.309717,68.337335],[35.31531,68.319673],[35.298531,68.3026],[35.28499,68.291119],[35.275865,68.267865],[35.250255,68.256679],[35.237892,68.240194],[35.227589,68.213996],[35.188145,68.205459],[35.166362,68.226359],[35.179902,68.250203],[35.199036,68.261094],[35.20875,68.289059],[35.188439,68.308781],[35.157236,68.319084],[35.15076,68.333214],[35.178136,68.336452],[35.207573,68.350581],[35.20875,68.366477],[35.214049,68.382667],[35.221408,68.405921],[35.226706,68.420051],[35.254377,68.428882],[35.278514,68.446249],[35.288228,68.469798],[35.30118,68.478629],[35.316487,68.488638],[35.333266,68.497763],[35.348573,68.510715],[35.354755,68.532792],[35.34298,68.545744],[35.33827,68.558696],[35.352105,68.564878],[35.359759,68.573415],[35.328851,68.586661],[35.30589,68.615803],[35.319725,68.653776],[35.315899,68.667317],[35.300886,68.662018],[35.286168,68.65201],[35.241424,68.651127],[35.199036,68.648772],[35.188439,68.657014],[35.206395,68.672321],[35.235832,68.688511],[35.255554,68.70529],[35.279103,68.708233],[35.294704,68.713532],[35.308834,68.717947],[35.321197,68.711471],[35.337387,68.70529],[35.358287,68.714415],[35.341214,68.725601],[35.324141,68.742674],[35.343863,68.764751],[35.38007,68.775348],[35.410095,68.775054],[35.440709,68.767401],[35.472206,68.77476],[35.49134,68.785062],[35.505469,68.802724],[35.5143,68.824802],[35.539027,68.828628],[35.565225,68.83952],[35.598194,68.846879],[35.628513,68.838637],[35.656184,68.830689],[35.681499,68.817148],[35.676789,68.800075],[35.657361,68.787123],[35.636167,68.783885],[35.620271,68.773877],[35.629396,68.752094],[35.650002,68.734726],[35.661482,68.725307],[35.681205,68.730605],[35.714173,68.741791]]]]}},{"type":"Feature","properties":{"min_zoom":5.7},"geometry":{"type":"MultiPolygon","coordinates":[[[[38.61366,37.549202],[38.603357,37.54096],[38.604535,37.520354],[38.601297,37.492095],[38.57657,37.4762],[38.561557,37.481792],[38.545073,37.483264],[38.519758,37.47355],[38.533004,37.45265],[38.558025,37.423803],[38.540069,37.417621],[38.490027,37.444703],[38.43086,37.463542],[38.37287,37.472962],[38.336075,37.483264],[38.316941,37.497688],[38.316058,37.517705],[38.303695,37.534189],[38.286033,37.550968],[38.280734,37.562154],[38.273669,37.573634],[38.255124,37.584231],[38.247765,37.596006],[38.257479,37.61249],[38.277496,37.614845],[38.308699,37.600421],[38.314586,37.582171],[38.323123,37.566864],[38.340784,37.572162],[38.349027,37.60572],[38.342256,37.654584],[38.339901,37.679605],[38.364922,37.657528],[38.389943,37.650757],[38.401423,37.660177],[38.425856,37.660177],[38.439396,37.653995],[38.44911,37.635745],[38.458824,37.622204],[38.440574,37.626325],[38.421146,37.627208],[38.415847,37.608663],[38.405544,37.602187],[38.384645,37.598361],[38.373459,37.5754],[38.367572,37.554795],[38.372576,37.542137],[38.374931,37.528596],[38.374636,37.50858],[38.387294,37.495333],[38.39583,37.507991],[38.406428,37.517411],[38.418497,37.524181],[38.449993,37.53154],[38.485906,37.544786],[38.492676,37.567747],[38.505628,37.580404],[38.530355,37.582759],[38.541835,37.591002],[38.558025,37.601599],[38.577453,37.606308],[38.593643,37.608958],[38.621019,37.619849],[38.623668,37.638689],[38.62985,37.651935],[38.661053,37.650757],[38.704618,37.648108],[38.738176,37.659294],[38.713744,37.693735],[38.679892,37.72847],[38.666645,37.747603],[38.658109,37.785871],[38.667234,37.796762],[38.68519,37.770564],[38.692255,37.74672],[38.726401,37.699033],[38.774383,37.659],[38.808235,37.659588],[38.813239,37.670774],[38.789101,37.697267],[38.814122,37.715223],[38.848857,37.712868],[38.876527,37.723465],[38.878882,37.748192],[38.872995,37.757906],[38.892717,37.76762],[38.902431,37.769681],[38.918032,37.76762],[38.932456,37.779395],[38.929807,37.794996],[38.884769,37.773507],[38.882709,37.810597],[38.899782,37.824432],[38.926569,37.843272],[38.951296,37.840622],[38.96101,37.859462],[38.973373,37.866232],[38.982793,37.899495],[39.00016,37.88095],[38.994273,37.852986],[38.992212,37.826198],[38.970724,37.808537],[38.97926,37.795879],[38.979555,37.777628],[38.972784,37.749958],[38.947174,37.747898],[38.928335,37.727881],[38.935694,37.710513],[38.912734,37.697856],[38.927158,37.695206],[38.945997,37.699033],[38.951296,37.688142],[38.931573,37.682254],[38.912145,37.691968],[38.88889,37.685492],[38.847091,37.68667],[38.841203,37.676073],[38.882709,37.654584],[38.880943,37.638689],[38.835905,37.641043],[38.802642,37.632507],[38.778209,37.626325],[38.749951,37.620438],[38.711683,37.615139],[38.677537,37.613668],[38.657815,37.610135],[38.648689,37.598066],[38.62985,37.57069],[38.61366,37.549202]]]]}},{"type":"Feature","properties":{"min_zoom":2},"geometry":{"type":"MultiPolygon","coordinates":[[[[38.70403,58.113185],[38.679597,58.108181],[38.633382,58.129964],[38.611599,58.124077],[38.606006,58.11554],[38.603652,58.107592],[38.59953,58.100233],[38.58805,58.093169],[38.573038,58.091108],[38.561557,58.095524],[38.539775,58.109947],[38.493265,58.130553],[38.440574,58.14586],[38.388177,58.144977],[38.344022,58.117012],[38.329893,58.096407],[38.330776,58.085515],[38.384645,58.061083],[38.428211,58.034001],[38.437041,58.021344],[38.424678,58.015751],[38.396714,58.022227],[38.347555,58.041949],[38.334603,58.044893],[38.306049,58.041655],[38.290742,58.043715],[38.281028,58.042538],[38.273669,58.036356],[38.265133,58.032235],[38.251592,58.038711],[38.254536,58.042538],[38.258362,58.052252],[38.253064,58.053429],[38.243055,58.057256],[38.237757,58.058434],[38.249826,58.073741],[38.246882,58.08787],[38.237463,58.102883],[38.230987,58.120544],[38.233047,58.142327],[38.243055,58.156457],[38.271903,58.182067],[38.26425,58.198551],[38.264544,58.213564],[38.2616,58.228282],[38.243939,58.244766],[38.219506,58.25448],[38.185654,58.261251],[38.151803,58.263311],[38.128548,58.257718],[38.142383,58.250948],[38.087631,58.250948],[38.089986,58.254775],[38.094402,58.264489],[38.070264,58.267727],[38.034057,58.281856],[37.991374,58.289215],[37.956345,58.30776],[37.936328,58.313059],[37.911307,58.314236],[37.906892,58.310704],[37.91219,58.300695],[37.916311,58.281562],[37.909835,58.268021],[37.896,58.277735],[37.850374,58.331604],[37.765008,58.381351],[37.760004,58.386061],[37.747935,58.4049],[37.736455,58.411671],[37.717027,58.407844],[37.70643,58.411671],[37.702014,58.418147],[37.700837,58.424034],[37.698187,58.430216],[37.689651,58.436397],[37.678171,58.439046],[37.635194,58.436397],[37.644024,58.446111],[37.648146,58.449644],[37.623419,58.470838],[37.608995,58.479963],[37.594277,58.483495],[37.586329,58.488205],[37.556304,58.521468],[37.537465,58.530888],[37.51892,58.528239],[37.503024,58.52294],[37.49125,58.524706],[37.485657,58.536775],[37.487128,58.552377],[37.492427,58.567978],[37.498609,58.579753],[37.445623,58.594765],[37.424429,58.605068],[37.401763,58.620964],[37.376448,58.634799],[37.324051,58.649222],[37.299324,58.66188],[37.266944,58.687784],[37.247222,58.695143],[37.216902,58.696615],[37.198946,58.69426],[37.15538,58.68278],[37.137424,58.683369],[37.104161,58.689845],[37.086499,58.689845],[37.086499,58.696615],[37.178046,58.711039],[37.209837,58.710156],[37.198357,58.728995],[37.164211,58.756077],[37.14861,58.771678],[37.136541,58.794638],[37.139779,58.808473],[37.154203,58.817304],[37.175102,58.82643],[37.158324,58.83997],[37.137424,58.852628],[37.122117,58.866169],[37.120645,58.881476],[37.198063,58.842325],[37.209837,58.829668],[37.216019,58.810828],[37.230737,58.78934],[37.248693,58.771972],[37.264884,58.764908],[37.312276,58.771089],[37.326406,58.768146],[37.336414,58.759903],[37.339063,58.750189],[37.340535,58.740475],[37.347011,58.730761],[37.374976,58.721342],[37.411771,58.723697],[37.448861,58.733116],[37.477414,58.744302],[37.453571,58.722225],[37.424134,58.703974],[37.392049,58.690728],[37.360846,58.68278],[37.376448,58.665118],[37.438853,58.624202],[37.463874,58.613899],[37.48654,58.613016],[37.498903,58.619197],[37.507145,58.628911],[37.518331,58.637742],[37.528339,58.635682],[37.540114,58.625673],[37.554832,58.615665],[37.573671,58.613899],[37.561603,58.603007],[37.549534,58.587406],[37.544529,58.569744],[37.55336,58.552082],[37.565429,58.545901],[37.578087,58.546489],[37.60458,58.552082],[37.617237,58.548256],[37.638432,58.535009],[37.64844,58.535598],[37.679937,58.558264],[37.694361,58.575337],[37.693183,58.589761],[37.673461,58.59712],[37.654327,58.592705],[37.636665,58.593293],[37.621358,58.613899],[37.636371,58.62008],[37.641964,58.620964],[37.628129,58.626851],[37.614882,58.627734],[37.604874,58.631266],[37.601047,58.644807],[37.608112,58.651577],[37.624302,58.652755],[37.654916,58.648045],[37.677288,58.63627],[37.695833,58.620964],[37.716438,58.609189],[37.744403,58.607128],[37.735572,58.623024],[37.730862,58.628323],[37.754117,58.633621],[37.777077,58.625379],[37.820054,58.600358],[37.897178,58.577986],[37.93103,58.555026],[37.940449,58.55532],[37.948691,58.558558],[37.956639,58.559441],[37.966942,58.554732],[37.988725,58.541485],[37.998145,58.538836],[38.059078,58.529122],[38.084393,58.529711],[38.094402,58.546489],[38.086748,58.561502],[38.046126,58.600358],[38.058784,58.615665],[38.115596,58.606834],[38.128548,58.617431],[38.120011,58.628911],[38.100583,58.64363],[38.078506,58.656582],[38.063493,58.66188],[38.05113,58.663941],[38.025815,58.673066],[38.01198,58.675421],[37.96076,58.668945],[37.943687,58.669239],[37.959877,58.681308],[37.981955,58.686018],[38.026109,58.689845],[37.998439,58.700147],[37.942215,58.707212],[37.916311,58.716337],[37.923965,58.720753],[37.931618,58.723697],[37.940155,58.724874],[37.950458,58.723697],[37.941332,58.735471],[37.929852,58.743125],[37.923376,58.751072],[37.930146,58.764908],[37.943687,58.752544],[37.97489,58.742242],[37.988136,58.733999],[37.999028,58.723991],[38.014335,58.713394],[38.031113,58.707212],[38.046126,58.710156],[38.052896,58.729584],[38.04171,58.754605],[38.01198,58.792283],[38.006092,58.797876],[37.999616,58.801703],[37.994023,58.806119],[37.991374,58.812595],[37.994907,58.819071],[38.003149,58.824369],[38.009919,58.829962],[38.006387,58.847035],[38.009625,58.859987],[38.009919,58.872645],[37.998145,58.881476],[37.973712,58.871762],[37.943982,58.848213],[37.916017,58.837616],[37.895706,58.867346],[37.901299,58.868229],[37.911013,58.872645],[37.916311,58.874117],[37.896883,58.885597],[37.869507,58.891484],[37.850374,58.899138],[37.8542,58.915622],[37.837716,58.922392],[37.778549,58.928574],[37.745286,58.941232],[37.728507,58.944175],[37.709962,58.939465],[37.675227,58.925336],[37.65521,58.923864],[37.638432,58.932401],[37.621947,58.938877],[37.60193,58.933873],[37.566607,58.915622],[37.551005,58.911795],[37.538937,58.910323],[37.5304,58.904731],[37.525101,58.888246],[37.527751,58.876766],[37.542763,58.8541],[37.546296,58.840265],[37.531872,58.824663],[37.497726,58.836144],[37.436498,58.867346],[37.477414,58.897077],[37.490955,58.915916],[37.476237,58.951534],[37.487717,58.956244],[37.53511,58.958599],[37.547767,58.963309],[37.573671,58.977144],[37.579264,58.981265],[37.583091,58.985975],[37.587212,58.989802],[37.594277,58.991274],[37.600459,58.989213],[37.60458,58.984209],[37.607818,58.977144],[37.62548,58.976261],[37.642847,58.977438],[37.659626,58.980971],[37.717616,59.003931],[37.723797,59.008052],[37.71997,59.022476],[37.709668,59.030424],[37.682292,59.038666],[37.696716,59.044553],[37.702897,59.046025],[37.679054,59.082526],[37.67611,59.093712],[37.681114,59.100777],[37.699071,59.101071],[37.702897,59.107842],[37.700248,59.115201],[37.693478,59.118733],[37.684941,59.120794],[37.538937,59.189381],[37.662275,59.153763],[37.703486,59.148464],[37.71791,59.144637],[37.728507,59.138456],[37.739398,59.136395],[37.754705,59.145226],[37.769129,59.156706],[37.776488,59.156706],[37.783847,59.15023],[37.799154,59.142282],[37.835067,59.13404],[37.855084,59.132863],[37.874806,59.134629],[37.890407,59.140516],[37.924554,59.157884],[37.93986,59.161416],[37.951341,59.167009],[37.974007,59.193796],[37.984604,59.203804],[38.002266,59.21028],[38.019927,59.211752],[38.060255,59.209986],[38.042299,59.204688],[38.026109,59.19674],[38.017867,59.190852],[38.001677,59.172308],[37.950458,59.142282],[37.969591,59.123737],[38.108237,59.101366],[38.144738,59.086353],[38.163283,59.083115],[38.180062,59.090474],[38.187715,59.101954],[38.186243,59.112257],[38.180945,59.122854],[38.176529,59.134629],[38.176824,59.14552],[38.179767,59.155529],[38.180062,59.16642],[38.173291,59.179372],[38.15769,59.189381],[38.114418,59.197623],[38.094402,59.203804],[38.110003,59.216168],[38.129725,59.219406],[38.187421,59.215873],[38.199784,59.212635],[38.200667,59.204393],[38.183888,59.189381],[38.202139,59.186437],[38.22245,59.178489],[38.240995,59.168481],[38.25483,59.158178],[38.276613,59.146109],[38.3034,59.140222],[38.330776,59.139633],[38.353736,59.142282],[38.374636,59.148464],[38.382878,59.156412],[38.38906,59.167303],[38.402895,59.183199],[38.419674,59.194385],[38.477958,59.216757],[38.471482,59.206748],[38.437041,59.183199],[38.427622,59.172896],[38.409077,59.142282],[38.389354,59.120499],[38.387,59.119028],[38.369043,59.103132],[38.36816,59.101366],[38.355208,59.092829],[38.349321,59.089886],[38.340784,59.086942],[38.329893,59.087236],[38.320179,59.090769],[38.310759,59.092829],[38.299279,59.086942],[38.316647,59.076639],[38.317235,59.067808],[38.305755,59.06457],[38.262778,59.076639],[38.220095,59.072812],[38.19684,59.073401],[38.202433,59.070163],[38.217151,59.059566],[38.174174,59.05309],[38.162694,59.052796],[38.149742,59.057211],[38.129431,59.070458],[38.107354,59.07605],[38.066437,59.093712],[38.019927,59.0996],[37.953401,59.117261],[37.885109,59.11785],[37.818582,59.107842],[37.772367,59.086942],[37.779726,59.083115],[37.786202,59.081349],[37.802392,59.08076],[37.811518,59.078994],[37.816228,59.074873],[37.81976,59.070163],[37.826236,59.066631],[37.87304,59.055445],[37.888641,59.049558],[37.904242,59.045142],[37.930735,59.047791],[37.943687,59.046025],[37.953696,59.040138],[37.974301,59.014823],[37.984604,59.005697],[38.019044,58.987741],[38.033763,58.986269],[38.059372,59.003048],[38.07409,59.005109],[38.093224,58.993628],[38.121777,58.956539],[38.155629,58.917094],[38.423354,58.741358],[38.691078,58.565623],[38.725224,58.55061],[38.803525,58.528239],[38.840909,58.524706],[38.85651,58.520585],[38.886535,58.50204],[38.902726,58.497919],[39.074634,58.50469],[38.991623,58.480257],[38.955417,58.45612],[38.96101,58.425506],[38.965719,58.418735],[38.969546,58.4049],[38.97455,58.39813],[38.983676,58.392243],[39.000454,58.384],[39.026064,58.365455],[39.064331,58.348088],[39.080816,58.332781],[38.953062,58.360157],[38.879765,58.361334],[38.847385,58.329837],[38.840026,58.30776],[38.807057,58.274203],[38.799698,58.25448],[38.799698,58.217096],[38.806468,58.182067],[38.833844,58.142033],[38.845325,58.119956],[38.844147,58.103471],[38.830901,58.09729],[38.814711,58.099056],[38.798815,58.105532],[38.777915,58.11819],[38.775266,58.121133],[38.772322,58.127315],[38.771439,58.134968],[38.774677,58.139973],[38.778209,58.143799],[38.779093,58.14792],[38.762903,58.172647],[38.736115,58.192075],[38.705207,58.205321],[38.676654,58.210031],[38.652222,58.221511],[38.62043,58.243],[38.589522,58.254775],[38.568033,58.237113],[38.587462,58.224749],[38.617781,58.191781],[38.654577,58.166465],[38.70403,58.113185]]]]}},{"type":"Feature","properties":{"min_zoom":4},"geometry":{"type":"MultiPolygon","coordinates":[[[[35.322375,47.551106],[35.321197,47.534033],[35.326201,47.526674],[35.319431,47.519904],[35.324435,47.506068],[35.308834,47.496943],[35.288228,47.488112],[35.277926,47.474866],[35.282047,47.451317],[35.287051,47.437776],[35.282341,47.435127],[35.25732,47.444841],[35.243779,47.453377],[35.235243,47.45691],[35.222585,47.457793],[35.212282,47.455438],[35.1905,47.446607],[35.178136,47.444841],[35.099541,47.451022],[35.077464,47.444546],[35.058624,47.42188],[35.040963,47.416876],[35.02124,47.414227],[34.968549,47.396271],[34.925277,47.395682],[34.892603,47.408634],[34.832847,47.451022],[34.792225,47.467212],[34.781039,47.474866],[34.760728,47.502242],[34.753663,47.506068],[34.727465,47.509012],[34.647103,47.533444],[34.615901,47.541392],[34.576456,47.534327],[34.510518,47.506068],[34.468424,47.495766],[34.383942,47.49135],[34.35215,47.478104],[34.339493,47.462797],[34.327424,47.444841],[34.313294,47.429828],[34.293866,47.423646],[34.22263,47.416876],[34.090461,47.422763],[34.05131,47.416876],[34.035709,47.407162],[34.029822,47.39215],[34.030116,47.347995],[34.065145,47.35712],[34.137853,47.356237],[34.183185,47.379786],[34.189661,47.37802],[34.191722,47.372133],[34.191428,47.368895],[34.187307,47.366245],[34.170822,47.353293],[34.16729,47.347995],[34.174355,47.337692],[34.204968,47.319736],[34.21586,47.307078],[34.174943,47.312377],[34.092227,47.336515],[34.05131,47.327978],[34.036003,47.31797],[34.022757,47.304723],[34.013043,47.288533],[34.006567,47.250855],[33.998619,47.237903],[33.921201,47.175792],[33.913548,47.166667],[33.905306,47.148416],[33.886466,47.13723],[33.8638,47.127811],[33.845255,47.115153],[33.838191,47.10014],[33.832303,47.079535],[33.823472,47.061579],[33.807577,47.053631],[33.788738,47.048921],[33.705138,46.985338],[33.699545,46.977979],[33.693952,46.961495],[33.690714,46.943833],[33.691597,46.933825],[33.710731,46.924994],[33.735752,46.92205],[33.789915,46.923227],[33.789915,46.916457],[33.769898,46.917929],[33.684238,46.905271],[33.666871,46.897618],[33.653036,46.885549],[33.640378,46.868181],[33.68571,46.868181],[33.706904,46.863472],[33.705138,46.851403],[33.69513,46.84787],[33.674524,46.854641],[33.663927,46.851403],[33.659512,46.848753],[33.654507,46.848165],[33.643616,46.848165],[33.640672,46.846398],[33.633019,46.834624],[33.54,46.831386],[33.558839,46.836684],[33.566787,46.848165],[33.570908,46.862],[33.578267,46.87554],[33.596518,46.888492],[33.598873,46.889376],[33.60476,46.903799],[33.613297,46.945894],[33.619773,46.957374],[33.638906,46.977979],[33.644499,46.988282],[33.640378,46.999173],[33.625365,46.994758],[33.60476,46.995052],[33.586215,46.999762],[33.578267,47.008887],[33.585626,47.01713],[33.623599,47.016541],[33.640378,47.026255],[33.633019,47.03332],[33.640378,47.045977],[33.655096,47.063934],[33.660395,47.074236],[33.666282,47.062756],[33.665693,47.051865],[33.662161,47.04009],[33.660395,47.026255],[33.686299,47.040973],[33.775786,47.120157],[33.786088,47.134581],[33.789915,47.149299],[33.786677,47.165489],[33.77814,47.173731],[33.748998,47.184034],[33.760479,47.188155],[33.767249,47.186978],[33.773431,47.184328],[33.783733,47.184034],[33.84555,47.20199],[33.925028,47.262924],[33.957997,47.297364],[33.972421,47.333277],[33.948283,47.361536],[33.960352,47.366245],[33.973598,47.368012],[33.984784,47.370661],[33.989199,47.379492],[33.984784,47.393327],[33.975659,47.404218],[33.966239,47.412755],[33.961824,47.420114],[33.929149,47.449845],[33.922968,47.464563],[33.955053,47.464563],[33.949166,47.474277],[33.934153,47.483991],[33.927677,47.491939],[33.923556,47.503714],[33.920907,47.533444],[33.922673,47.541981],[33.923556,47.554344],[33.927677,47.56082],[33.933859,47.56082],[33.949166,47.54463],[33.965062,47.540509],[33.98449,47.54463],[34.009805,47.55405],[34.051016,47.575244],[34.077803,47.581131],[34.10253,47.571123],[34.131966,47.540803],[34.146979,47.530501],[34.164346,47.526674],[34.219098,47.526674],[34.257365,47.56082],[34.257365,47.567591],[34.231167,47.589373],[34.224985,47.599971],[34.236465,47.609096],[34.260014,47.612334],[34.266491,47.601442],[34.268257,47.584075],[34.277088,47.567591],[34.290923,47.579071],[34.302992,47.579659],[34.331251,47.567591],[34.359215,47.56082],[34.365691,47.55611],[34.376583,47.543158],[34.379526,47.540215],[34.388946,47.53992],[34.396894,47.541981],[34.45871,47.569945],[34.462831,47.574067],[34.448702,47.595555],[34.466658,47.599676],[34.527297,47.601737],[34.59088,47.611156],[34.612957,47.609096],[34.632091,47.601148],[34.669181,47.579071],[34.897018,47.546691],[34.942056,47.546396],[34.985916,47.556993],[35.020063,47.576421],[35.078347,47.629113],[35.098658,47.65325],[35.118969,47.689752],[35.131332,47.73008],[35.126917,47.765698],[35.091004,47.808969],[35.086,47.824276],[35.113376,47.84812],[35.116614,47.837228],[35.130744,47.817211],[35.133687,47.810735],[35.13928,47.802787],[35.162535,47.79013],[35.167833,47.783654],[35.170483,47.771291],[35.176076,47.761576],[35.188439,47.74627],[35.195504,47.729491],[35.201391,47.700054],[35.209339,47.68357],[35.219347,47.672973],[35.244957,47.655017],[35.25732,47.642653],[35.263796,47.629407],[35.275276,47.594966],[35.284402,47.581131],[35.293527,47.575538],[35.312366,47.567591],[35.319431,47.56082],[35.322375,47.551106]]]]}},{"type":"Feature","properties":{"min_zoom":4},"geometry":{"type":"MultiPolygon","coordinates":[[[[33.174694,49.063549],[33.153205,49.027637],[33.153205,49.020572],[33.179993,48.986131],[33.187352,48.972296],[33.171162,48.973179],[33.162919,48.97995],[33.156443,48.989958],[33.147024,49.000261],[33.133189,49.007914],[33.122297,49.009092],[33.068723,49.002027],[33.013677,48.983482],[32.982474,48.979067],[33.081381,49.013801],[33.091683,49.018806],[33.098748,49.027637],[33.099042,49.037939],[33.094921,49.046476],[33.092566,49.055601],[33.098748,49.069142],[33.089034,49.077679],[33.078731,49.081505],[33.054005,49.082094],[33.041347,49.084155],[33.012794,49.095635],[32.939497,49.070319],[32.927134,49.071791],[32.918597,49.081505],[32.897109,49.089747],[32.872088,49.095046],[32.851482,49.095635],[32.809682,49.08386],[32.789077,49.081211],[32.769649,49.088276],[32.763173,49.108587],[32.733442,49.139201],[32.666621,49.191892],[32.523266,49.260184],[32.45203,49.274314],[32.441139,49.283733],[32.433191,49.294625],[32.414351,49.306105],[32.379028,49.322295],[32.248036,49.353498],[32.208002,49.369982],[32.122342,49.427089],[32.090551,49.438275],[32.056699,49.44269],[32.044336,49.44946],[32.004597,49.494498],[31.988995,49.50539],[31.96839,49.506567],[31.885673,49.555137],[31.924235,49.560436],[31.945429,49.567795],[31.954555,49.578686],[31.961914,49.598997],[31.978987,49.602235],[31.999298,49.596642],[32.016077,49.589283],[32.044041,49.571033],[32.079954,49.534237],[32.111745,49.520991],[32.182981,49.506273],[32.220365,49.507156],[32.255689,49.520991],[32.308086,49.496853],[32.320744,49.493615],[32.333107,49.488316],[32.364015,49.464179],[32.37579,49.45888],[32.390214,49.454465],[32.427009,49.424734],[32.444377,49.41708],[32.502072,49.404128],[32.544166,49.385878],[32.56065,49.383817],[32.5842,49.385583],[32.591559,49.383817],[32.59568,49.379696],[32.600095,49.372337],[32.606571,49.365567],[32.615696,49.362623],[32.628943,49.360562],[32.661912,49.351732],[32.680751,49.349082],[32.701062,49.348788],[32.719607,49.350554],[32.735503,49.35497],[32.749043,49.362623],[32.749043,49.369982],[32.68811,49.399713],[32.673392,49.411193],[32.672509,49.416197],[32.673686,49.422673],[32.673686,49.428561],[32.669859,49.430915],[32.669271,49.432093],[32.653081,49.438275],[32.61187,49.46565],[32.62335,49.474187],[32.635713,49.489788],[32.653081,49.520991],[32.66515,49.55602],[32.676335,49.563968],[32.716958,49.57015],[32.728438,49.561907],[32.7461,49.542774],[32.749043,49.540713],[32.742862,49.526584],[32.700768,49.480074],[32.747277,49.475659],[32.865317,49.438275],[32.855309,49.42179],[32.841179,49.408544],[32.83853,49.400007],[32.862079,49.396769],[32.887395,49.396769],[32.900641,49.393237],[32.909178,49.381168],[32.928606,49.341429],[32.940969,49.328182],[32.957159,49.318468],[32.978647,49.314936],[33.000725,49.307871],[33.012794,49.291387],[33.030161,49.253414],[33.045762,49.242522],[33.094921,49.217207],[33.105224,49.208965],[33.147024,49.150975],[33.154088,49.147443],[33.172633,49.141556],[33.180876,49.136846],[33.20413,49.107704],[33.204425,49.102699],[33.184114,49.069142],[33.174694,49.063549]]]]}},{"type":"Feature","properties":{"min_zoom":4.7},"geometry":{"type":"MultiPolygon","coordinates":[[[[39.169125,59.839631],[39.188259,59.82403],[39.221522,59.789589],[39.224171,59.785174],[39.225054,59.779875],[39.22476,59.768395],[39.227704,59.764274],[39.248898,59.748378],[39.265971,59.739253],[39.288343,59.735426],[39.310714,59.736898],[39.327787,59.744846],[39.31042,59.749556],[39.293935,59.756326],[39.278923,59.76604],[39.266265,59.778992],[39.339562,59.777815],[39.373414,59.769867],[39.375769,59.75191],[39.417863,59.730422],[39.506761,59.670372],[39.553859,59.662424],[39.534431,59.68038],[39.488216,59.70599],[39.471731,59.723946],[39.501168,59.722768],[39.526777,59.713349],[39.574464,59.686267],[39.593892,59.671549],[39.599485,59.656537],[39.60184,59.640935],[39.612143,59.624745],[39.636281,59.609144],[39.654531,59.61091],[39.698392,59.635637],[39.726356,59.642407],[39.821436,59.641818],[39.68544,59.600902],[39.673665,59.583829],[39.713993,59.547622],[39.726356,59.53938],[39.747256,59.534375],[39.769922,59.533492],[39.791411,59.530254],[39.80819,59.51848],[39.769039,59.503467],[39.756087,59.494342],[39.734599,59.472853],[39.723118,59.465789],[39.7084,59.463139],[39.682496,59.469321],[39.656592,59.484333],[39.631277,59.50229],[39.364288,59.652415],[39.336618,59.659775],[39.310125,59.678614],[39.275096,59.690683],[39.211219,59.744846],[39.121732,59.779286],[39.098183,59.796065],[39.095828,59.800481],[39.096123,59.808723],[39.088175,59.833744],[39.081993,59.844635],[39.07434,59.854349],[39.064626,59.862591],[39.05344,59.868479],[39.071396,59.867301],[39.104659,59.852877],[39.122321,59.847873],[39.109663,59.860825],[39.114373,59.867301],[39.129092,59.865535],[39.14587,59.852583],[39.169125,59.839631]]]]}},{"type":"Feature","properties":{"min_zoom":5.7},"geometry":{"type":"MultiPolygon","coordinates":[[[[41.181104,57.524163],[41.253223,57.510916],[41.342415,57.510916],[41.342415,57.482952],[41.312096,57.486484],[41.276772,57.494726],[41.242626,57.49767],[41.215544,57.486484],[41.210246,57.467939],[41.215839,57.452044],[41.212012,57.445862],[41.17816,57.456459],[41.178455,57.475593],[41.155494,57.48825],[41.123997,57.495315],[41.098976,57.497376],[41.090145,57.500908],[41.083375,57.509445],[41.0716,57.527695],[41.064241,57.533288],[41.033922,57.544474],[41.061298,57.548301],[41.122525,57.514743],[41.143425,57.524163],[41.118993,57.537409],[41.092206,57.558898],[41.070423,57.58333],[41.061298,57.606585],[41.052467,57.640731],[41.030684,57.657804],[41.001836,57.669873],[40.972694,57.688418],[40.965629,57.697838],[40.947967,57.729335],[40.944729,57.74052],[40.937665,57.750234],[40.889978,57.774372],[40.864662,57.780554],[40.806967,57.77555],[40.78018,57.777905],[40.76399,57.786147],[40.776648,57.790562],[40.821685,57.79851],[40.670676,57.797627],[40.639768,57.788502],[40.62505,57.779671],[40.587666,57.770251],[40.571181,57.761126],[40.565,57.750529],[40.556463,57.722564],[40.546749,57.709612],[40.52791,57.738754],[40.50024,57.747585],[40.397801,57.730806],[40.370425,57.721387],[40.352763,57.702253],[40.348936,57.668107],[40.32421,57.678998],[40.300661,57.678998],[40.210585,57.644852],[40.191452,57.630723],[40.183798,57.610411],[40.161427,57.571555],[40.108735,57.556837],[40.047508,57.55772],[39.999232,57.566257],[40.005414,57.566257],[40.0949,57.585979],[40.114917,57.596282],[40.128163,57.608057],[40.153184,57.637787],[40.190274,57.666341],[40.386615,57.754356],[40.429887,57.76613],[40.574419,57.784675],[40.583839,57.787913],[40.59944,57.802043],[40.609154,57.805281],[40.623578,57.806752],[40.649188,57.812345],[40.6642,57.81264],[40.629465,57.825886],[40.637119,57.837661],[40.632998,57.848552],[40.621812,57.85856],[40.595025,57.877988],[40.582662,57.883876],[40.568238,57.887114],[40.546749,57.887702],[40.55352,57.903009],[40.549987,57.914784],[40.538507,57.92126],[40.520256,57.92126],[40.527027,57.908308],[40.508776,57.908602],[40.492586,57.916256],[40.476396,57.926853],[40.458146,57.935684],[40.483755,57.943632],[40.574714,57.935684],[40.595908,57.939511],[40.608271,57.939216],[40.630054,57.926853],[40.643006,57.928325],[40.65537,57.934506],[40.6642,57.943043],[40.651248,57.950991],[40.60886,57.963648],[40.61828,57.965709],[40.635353,57.971891],[40.643006,57.9766],[40.640946,57.980427],[40.636236,57.987786],[40.635058,57.994557],[40.643301,57.997795],[40.732493,58.003976],[40.724839,57.991319],[40.721896,57.974834],[40.725723,57.959233],[40.739263,57.949225],[40.748094,57.950402],[40.78695,57.963648],[40.842291,57.963648],[40.837875,57.972185],[40.809616,58.004565],[40.808733,58.009569],[40.821685,58.017517],[40.826689,58.0184],[40.837875,58.012513],[40.842291,58.011335],[40.846706,58.013985],[40.859364,58.028114],[40.869372,58.034001],[40.881147,58.036062],[40.893216,58.034885],[40.904402,58.031058],[40.880264,57.961882],[40.880558,57.929502],[40.904402,57.908308],[40.881736,57.901243],[40.849944,57.8983],[40.817564,57.899477],[40.771055,57.90978],[40.743679,57.908602],[40.727783,57.899477],[40.739263,57.880343],[40.715714,57.874162],[40.663023,57.873867],[40.643006,57.860327],[40.698641,57.822648],[40.766639,57.811462],[40.838464,57.80793],[40.904402,57.792328],[40.927656,57.780554],[40.971517,57.751118],[41.022442,57.694011],[41.043047,57.677821],[41.068362,57.668107],[41.085141,57.668696],[41.119582,57.679587],[41.136361,57.682236],[41.156672,57.679293],[41.159027,57.672228],[41.148724,57.665163],[41.129884,57.661925],[41.104864,57.652506],[41.099859,57.630723],[41.10663,57.605407],[41.116049,57.585979],[41.129001,57.569495],[41.136949,57.562136],[41.157555,57.553305],[41.169329,57.529461],[41.181104,57.524163]]]]}},{"type":"Feature","properties":{"min_zoom":5.7},"geometry":{"type":"MultiPolygon","coordinates":[[[[38.049364,57.345778],[38.021694,57.31693],[38.005209,57.305745],[37.98166,57.297208],[37.931913,57.286611],[37.908952,57.27778],[37.874217,57.252465],[37.85685,57.245989],[37.833889,57.250404],[37.780609,57.283667],[37.757943,57.291321],[37.760887,57.290732],[37.774722,57.295442],[37.78944,57.296619],[37.804747,57.294853],[37.820054,57.291321],[37.829474,57.2872],[37.844192,57.279252],[37.8542,57.27778],[37.863031,57.279841],[37.87775,57.28926],[37.885109,57.291321],[37.901593,57.293676],[37.935445,57.30339],[37.972535,57.308688],[37.984898,57.316636],[38.005209,57.339891],[38.082921,57.391993],[38.094402,57.411716],[38.10912,57.429378],[38.223333,57.486779],[38.238934,57.498553],[38.268371,57.527695],[38.301045,57.571555],[38.306049,57.566257],[38.304872,57.55095],[38.29192,57.510033],[38.285738,57.497376],[38.269548,57.481774],[38.250415,57.471766],[38.209792,57.456459],[38.135613,57.415542],[38.127076,57.406123],[38.118245,57.386695],[38.111475,57.377275],[38.101466,57.371388],[38.076445,57.364323],[38.066437,57.360202],[38.049364,57.345778]]]]}},{"type":"Feature","properties":{"min_zoom":5.7},"geometry":{"type":"MultiPolygon","coordinates":[[[[37.005254,56.76382],[36.997012,56.757344],[36.98406,56.722021],[36.946676,56.767058],[36.925187,56.78001],[36.824809,56.793551],[36.809208,56.787958],[36.776533,56.767058],[36.771824,56.760288],[36.771824,56.712307],[36.767114,56.702887],[36.721487,56.678455],[36.687635,56.672567],[36.67174,56.664325],[36.66026,56.656672],[36.635239,56.644603],[36.598149,56.619287],[36.568124,56.604275],[36.536038,56.593089],[36.504247,56.58573],[36.454499,56.582786],[36.367073,56.565124],[36.352355,56.559237],[36.326156,56.54393],[36.312321,56.537749],[36.293482,56.533922],[36.236964,56.530389],[36.137175,56.507429],[36.113331,56.510373],[36.13217,56.535688],[36.160429,56.555116],[36.248739,56.590734],[36.255803,56.591028],[36.279647,56.584847],[36.292599,56.584552],[36.302313,56.589262],[36.316737,56.601037],[36.335576,56.609573],[36.355593,56.613106],[36.373843,56.609573],[36.409167,56.606924],[36.461269,56.613695],[36.50042,56.627235],[36.497476,56.64372],[36.446846,56.660498],[36.420058,56.681398],[36.374432,56.702298],[36.374432,56.706419],[36.498065,56.667563],[36.554289,56.663148],[36.572539,56.654022],[36.579898,56.642542],[36.582842,56.630768],[36.587846,56.626647],[36.631118,56.658144],[36.723548,56.70848],[36.750335,56.734973],[36.743859,56.75705],[36.7156,56.771768],[36.675567,56.777361],[36.774767,56.809152],[36.809208,56.812096],[36.870141,56.810624],[36.888392,56.815334],[36.898989,56.823576],[36.921949,56.853013],[36.939611,56.85419],[36.95845,56.849186],[36.976407,56.840944],[36.991419,56.832113],[37.012613,56.815334],[37.020856,56.811802],[37.028803,56.815334],[37.039695,56.823871],[37.051764,56.829463],[37.061772,56.827992],[37.071192,56.798261],[37.084144,56.786781],[37.11152,56.769708],[37.111814,56.763526],[37.114463,56.755578],[37.120645,56.749985],[37.126827,56.749102],[37.13448,56.749985],[37.152142,56.754106],[37.123883,56.732618],[37.120645,56.725847],[37.114758,56.724081],[37.085616,56.734973],[37.073547,56.736444],[37.063833,56.727613],[37.065305,56.716428],[37.064716,56.706419],[37.049703,56.702298],[37.036751,56.704359],[37.031453,56.709952],[37.032336,56.718488],[37.039401,56.729674],[37.029981,56.755872],[37.020856,56.764409],[37.005254,56.76382]]]]}},{"type":"Feature","properties":{"min_zoom":5.7},"geometry":{"type":"MultiPolygon","coordinates":[[[[38.557731,35.889283],[38.566856,35.888988],[38.573626,35.890166],[38.564795,35.873387],[38.561263,35.864556],[38.559791,35.852781],[38.55361,35.851015],[38.519169,35.836003],[38.519169,35.842773],[38.512104,35.842773],[38.504156,35.833353],[38.458236,35.801268],[38.449993,35.801268],[38.441751,35.812159],[38.431743,35.810982],[38.420557,35.806566],[38.409077,35.808627],[38.409666,35.815103],[38.402306,35.833353],[38.39377,35.847188],[38.389354,35.839535],[38.384939,35.835708],[38.365805,35.825111],[38.36139,35.818635],[38.36816,35.787727],[38.36816,35.773892],[38.36139,35.773892],[38.357563,35.789493],[38.350498,35.794497],[38.327244,35.794497],[38.326361,35.791554],[38.319001,35.786844],[38.310171,35.785372],[38.306049,35.790671],[38.309287,35.798913],[38.316647,35.803623],[38.324006,35.807155],[38.327244,35.811865],[38.329893,35.823345],[38.334603,35.829527],[38.335486,35.836297],[38.327244,35.849543],[38.318118,35.859257],[38.307521,35.865733],[38.294275,35.868971],[38.27573,35.870149],[38.253653,35.877508],[38.223627,35.915481],[38.203905,35.931671],[38.192425,35.935792],[38.15975,35.94374],[38.145915,35.945212],[38.134435,35.948744],[38.117362,35.966112],[38.108237,35.973176],[38.112947,35.982007],[38.110003,35.989661],[38.102349,35.99231],[38.094402,35.986128],[38.087631,35.986128],[38.07409,35.993782],[38.07409,35.999963],[38.087337,36.007911],[38.079978,36.014976],[38.052896,36.027045],[38.044065,36.036759],[38.024932,36.062074],[38.01875,36.075615],[38.014923,36.113294],[38.024932,36.145968],[38.042299,36.172461],[38.079683,36.210434],[38.084099,36.213377],[38.091164,36.216321],[38.092635,36.223386],[38.092047,36.232217],[38.094402,36.240165],[38.103821,36.249584],[38.115007,36.256649],[38.142383,36.26754],[38.144149,36.265186],[38.151508,36.262242],[38.159162,36.262831],[38.162694,36.270778],[38.16446,36.276371],[38.173291,36.292856],[38.176529,36.301392],[38.175352,36.330829],[38.17859,36.342603],[38.189481,36.336422],[38.19684,36.336422],[38.22245,36.280787],[38.225688,36.252233],[38.200373,36.240165],[38.174763,36.233689],[38.144149,36.217499],[38.12531,36.195421],[38.135613,36.171872],[38.099995,36.14273],[38.094402,36.133899],[38.096757,36.120653],[38.110592,36.084446],[38.118245,36.071788],[38.125899,36.066195],[38.142972,36.059131],[38.149153,36.05501],[38.154158,36.048239],[38.157984,36.035581],[38.162694,36.027045],[38.169464,36.018214],[38.174763,36.013799],[38.189481,36.006734],[38.194191,36.005851],[38.205083,36.007323],[38.209792,36.006734],[38.212736,36.004085],[38.215974,35.999375],[38.21774,35.995254],[38.217151,35.993782],[38.228632,35.992016],[38.25483,35.993782],[38.25483,35.988778],[38.261012,35.979064],[38.268371,35.970233],[38.282206,35.9667],[38.351087,35.940208],[38.360801,35.929905],[38.371693,35.920485],[38.389354,35.918425],[38.404661,35.927844],[38.411432,35.957869],[38.423501,35.965817],[38.424678,35.958458],[38.429682,35.945212],[38.437041,35.945212],[38.437041,35.952571],[38.443223,35.952571],[38.452054,35.931671],[38.463829,35.911654],[38.468538,35.907827],[38.473248,35.907533],[38.476781,35.904884],[38.477958,35.893698],[38.48149,35.887811],[38.48885,35.891932],[38.495914,35.899585],[38.497975,35.904295],[38.503568,35.901057],[38.514459,35.891932],[38.515637,35.890166],[38.533299,35.896053],[38.533299,35.897525],[38.540363,35.903706],[38.544484,35.903706],[38.546251,35.893698],[38.549783,35.89046],[38.557731,35.889283]]]]}},{"type":"Feature","properties":{"min_zoom":5.7},"geometry":{"type":"MultiPolygon","coordinates":[[[[39.851167,38.690452],[39.860586,38.690746],[39.862058,38.672495],[39.84734,38.640998],[39.819081,38.618921],[39.784935,38.61009],[39.75226,38.618038],[39.746667,38.622748],[39.738425,38.633639],[39.731655,38.638349],[39.721647,38.640115],[39.710755,38.639821],[39.701924,38.641293],[39.698392,38.648946],[39.687795,38.655128],[39.621857,38.645119],[39.598897,38.652184],[39.587122,38.652773],[39.586239,38.650124],[39.543851,38.626575],[39.415802,38.593311],[39.371353,38.593017],[39.35428,38.611856],[39.365466,38.623925],[39.407266,38.638938],[39.425516,38.658955],[39.466727,38.682209],[39.477913,38.699871],[39.478207,38.710468],[39.47703,38.721065],[39.471731,38.740788],[39.471731,38.745203],[39.473498,38.749619],[39.474381,38.754917],[39.471731,38.762571],[39.467316,38.763748],[39.453481,38.761982],[39.450832,38.76522],[39.442589,38.780233],[39.423456,38.775523],[39.401084,38.764926],[39.382539,38.762571],[39.378712,38.767869],[39.372825,38.788475],[39.368115,38.796128],[39.356046,38.80437],[39.346332,38.806137],[39.324255,38.803487],[39.306299,38.807314],[39.287754,38.816734],[39.258906,38.837045],[39.255962,38.840872],[39.254196,38.846465],[39.251253,38.852352],[39.245071,38.858239],[39.240067,38.854707],[39.235063,38.852352],[39.228881,38.85088],[39.218578,38.850586],[39.218578,38.844404],[39.224171,38.833513],[39.220344,38.828508],[39.210336,38.827625],[39.197384,38.830275],[39.173541,38.851763],[39.163238,38.858239],[39.135273,38.865598],[39.117023,38.860888],[39.104659,38.845876],[39.094945,38.822621],[39.080521,38.835867],[39.078755,38.854118],[39.084348,38.877962],[39.064037,38.879728],[39.05344,38.877962],[39.04667,38.874723],[39.042548,38.870014],[39.038133,38.866187],[39.029596,38.864421],[39.009285,38.869719],[38.996922,38.87855],[38.985147,38.8812],[38.96778,38.867659],[38.960127,38.865304],[38.950707,38.869425],[38.940698,38.875018],[38.930396,38.877962],[38.927452,38.875901],[38.922742,38.871191],[38.915678,38.866481],[38.905964,38.864421],[38.895366,38.864126],[38.889185,38.863243],[38.884475,38.860594],[38.868285,38.842638],[38.854744,38.844404],[38.848268,38.847053],[38.845619,38.851763],[38.841498,38.856179],[38.830606,38.858239],[38.810001,38.858533],[38.800876,38.856473],[38.792633,38.850586],[38.788807,38.836456],[38.787335,38.818206],[38.779976,38.807608],[38.759076,38.816439],[38.749656,38.830275],[38.753189,38.842932],[38.764374,38.852646],[38.779093,38.858239],[38.773205,38.871485],[38.761136,38.880022],[38.747301,38.886792],[38.735232,38.895329],[38.725224,38.898861],[38.714038,38.89474],[38.699909,38.891797],[38.683424,38.899156],[38.666645,38.899156],[38.649278,38.927709],[38.638975,38.963916],[38.641919,38.987759],[38.651044,38.987171],[38.656931,38.972452],[38.661641,38.955085],[38.666351,38.946843],[38.671355,38.942722],[38.678126,38.923882],[38.680775,38.919761],[38.714627,38.919761],[38.726401,38.924765],[38.739648,38.936834],[38.759076,38.960383],[38.765552,38.970981],[38.770262,38.984521],[38.768495,38.996296],[38.755249,39.001594],[38.74318,39.003949],[38.711978,39.016901],[38.70403,39.021906],[38.699909,39.033386],[38.709917,39.033974],[38.727284,39.030442],[38.745535,39.029559],[38.745535,39.036329],[38.740825,39.043983],[38.735821,39.065766],[38.731994,39.077246],[38.739648,39.078423],[38.745241,39.078718],[38.749067,39.078129],[38.751128,39.077246],[38.759665,39.07077],[38.76408,39.058995],[38.766435,39.047515],[38.76879,39.042511],[38.770556,39.037507],[38.800581,39.016901],[38.806468,39.015135],[38.810295,39.002478],[38.809118,38.99188],[38.809118,38.981872],[38.817066,38.970686],[38.847385,38.940072],[38.829723,38.928003],[38.817654,38.923588],[38.786452,38.926532],[38.786452,38.919761],[38.818537,38.913874],[38.82678,38.913285],[38.87535,38.919761],[38.87535,38.926532],[38.868874,38.929475],[38.860631,38.936834],[38.854744,38.940072],[38.867991,38.963916],[38.875644,38.970981],[38.87535,38.979223],[38.874467,38.988348],[38.87535,38.995413],[38.879765,38.997473],[38.88683,38.998062],[38.893011,38.999828],[38.895661,39.005127],[38.897427,39.012192],[38.909496,39.029559],[38.916266,39.029559],[38.90302,38.982166],[38.895661,38.967448],[38.906552,38.951553],[38.910968,38.938601],[38.920976,38.92977],[38.947174,38.926532],[38.957183,38.92977],[38.955711,38.938012],[38.951296,38.94802],[38.953945,38.95744],[38.962776,38.960383],[38.968369,38.953024],[38.972784,38.941544],[38.978377,38.932713],[38.986619,38.926532],[38.991623,38.92506],[39.005164,38.926532],[39.006342,38.930653],[39.013995,38.937717],[39.022237,38.938012],[39.029008,38.912108],[39.036367,38.902688],[39.046375,38.897978],[39.068747,38.907692],[39.080227,38.903571],[39.094945,38.891797],[39.180605,38.885321],[39.191202,38.88326],[39.209747,38.873546],[39.221522,38.871191],[39.234768,38.87384],[39.239184,38.879728],[39.240361,38.886498],[39.245071,38.891797],[39.26185,38.891502],[39.269798,38.879433],[39.276862,38.865009],[39.290403,38.858239],[39.295996,38.853824],[39.303355,38.84411],[39.31248,38.834396],[39.324255,38.830275],[39.346038,38.82792],[39.368115,38.822621],[39.380478,38.815262],[39.390193,38.805842],[39.397552,38.794362],[39.40285,38.781704],[39.409621,38.781704],[39.421689,38.791418],[39.436113,38.78818],[39.449948,38.780233],[39.46084,38.775523],[39.478502,38.775817],[39.491748,38.777878],[39.502345,38.781999],[39.511471,38.791713],[39.524128,38.810846],[39.526483,38.813201],[39.53031,38.816439],[39.549738,38.817322],[39.557097,38.819677],[39.575053,38.836456],[39.580646,38.844698],[39.587122,38.858239],[39.593598,38.876195],[39.595659,38.89003],[39.594776,38.916523],[39.588594,38.929181],[39.578586,38.944193],[39.576525,38.954791],[39.594776,38.954202],[39.615675,38.936834],[39.618325,38.907104],[39.610966,38.875312],[39.602135,38.850586],[39.630688,38.846759],[39.654826,38.847936],[39.704573,38.858239],[39.728417,38.859711],[39.77581,38.856473],[39.800536,38.858239],[39.763152,38.844698],[39.61803,38.836162],[39.601252,38.832629],[39.594776,38.830275],[39.58359,38.82321],[39.576819,38.816439],[39.569755,38.811435],[39.537375,38.808786],[39.530015,38.805842],[39.522951,38.799661],[39.492337,38.762571],[39.487921,38.750207],[39.486744,38.741377],[39.488216,38.73284],[39.497341,38.707819],[39.501462,38.701637],[39.515886,38.689863],[39.531487,38.681326],[39.556803,38.673967],[39.602135,38.666314],[39.68073,38.672495],[39.701335,38.66808],[39.730772,38.648652],[39.75226,38.645119],[39.823791,38.66337],[39.835565,38.669552],[39.84057,38.680443],[39.851167,38.690452]]]]}},{"type":"Feature","properties":{"min_zoom":5.7},"geometry":{"type":"MultiPolygon","coordinates":[[[[42.651747,57.415542],[42.593169,57.420841],[42.575801,57.415542],[42.58787,57.427317],[42.60877,57.434676],[42.699434,57.4491],[42.745649,57.447039],[42.760367,57.4491],[42.776263,57.45587],[42.777735,57.461169],[42.774203,57.46735],[42.771848,57.474415],[42.769787,57.477948],[42.768315,57.482952],[42.767726,57.486484],[42.77067,57.491488],[42.776852,57.490311],[42.781856,57.486484],[42.781267,57.482952],[42.816885,57.495609],[42.82395,57.504735],[42.829249,57.524163],[42.834253,57.514154],[42.843378,57.505618],[42.855741,57.499731],[42.870165,57.497376],[42.859274,57.483541],[42.843378,57.478831],[42.82866,57.47206],[42.822184,57.452632],[42.821006,57.442624],[42.818946,57.43497],[42.818357,57.426728],[42.822184,57.415542],[42.827482,57.412893],[42.850443,57.397881],[42.853386,57.394348],[42.973193,57.387578],[43.001157,57.390816],[43.042957,57.404945],[43.142158,57.419369],[43.158053,57.428494],[43.160114,57.437031],[43.158053,57.457636],[43.161586,57.466173],[43.168356,57.472943],[43.172772,57.479419],[43.176304,57.487073],[43.178953,57.497376],[43.180425,57.517098],[43.175421,57.533288],[43.169239,57.548889],[43.165412,57.566257],[43.167473,57.588923],[43.175715,57.605113],[43.206918,57.633961],[43.192494,57.595693],[43.18749,57.57656],[43.186018,57.555365],[43.189256,57.550067],[43.196615,57.545651],[43.203974,57.539175],[43.206918,57.527695],[43.20839,57.493843],[43.206918,57.482952],[43.192494,57.445273],[43.193083,57.424668],[43.213099,57.415542],[43.239592,57.417603],[43.263436,57.424373],[43.282569,57.437031],[43.295227,57.456459],[43.303175,57.499731],[43.3123,57.517098],[43.332906,57.524163],[43.350862,57.52799],[43.418566,57.558898],[43.435933,57.573027],[43.461248,57.608057],[43.47685,57.623952],[43.486269,57.628368],[43.538961,57.636316],[43.576345,57.655155],[43.583704,57.655155],[43.606664,57.681353],[43.635806,57.706374],[43.669658,57.72433],[43.706748,57.729629],[43.655529,57.688418],[43.649053,57.685769],[43.644637,57.679587],[43.641694,57.672817],[43.638456,57.668107],[43.630508,57.663103],[43.614612,57.656627],[43.593712,57.642792],[43.579583,57.637199],[43.572518,57.630134],[43.580171,57.617182],[43.588414,57.613944],[43.600188,57.611883],[43.609902,57.608057],[43.61108,57.599814],[43.603426,57.596282],[43.589297,57.596871],[43.574579,57.599814],[43.556034,57.608057],[43.54161,57.60894],[43.514234,57.607173],[43.506286,57.603935],[43.508347,57.595988],[43.513645,57.586568],[43.514823,57.579209],[43.50658,57.568023],[43.495689,57.558309],[43.482443,57.550361],[43.399726,57.523574],[43.369112,57.506501],[43.350567,57.482952],[43.359398,57.48148],[43.363519,57.478831],[43.370879,57.469411],[43.361459,57.464112],[43.349979,57.455576],[43.340265,57.446451],[43.336144,57.438797],[43.340853,57.42614],[43.363519,57.414365],[43.370879,57.401119],[43.323486,57.402296],[43.3123,57.397881],[43.28463,57.380807],[43.267262,57.375803],[43.262553,57.36344],[43.261375,57.347544],[43.25431,57.332237],[43.220459,57.31016],[43.20574,57.296031],[43.199853,57.274248],[43.19897,57.267772],[43.197204,57.262767],[43.193966,57.258646],[43.18955,57.253642],[43.187195,57.249227],[43.193083,57.242162],[43.192788,57.236569],[43.188373,57.22921],[43.172183,57.209488],[43.153932,57.180051],[43.142746,57.149732],[43.141275,57.118529],[43.154521,57.076729],[43.155404,57.067604],[43.158936,57.061128],[43.168945,57.058479],[43.176598,57.062011],[43.179542,57.070548],[43.178953,57.089681],[43.187195,57.104988],[43.206329,57.120295],[43.228701,57.131187],[43.246951,57.133542],[43.232233,57.123239],[43.216632,57.105871],[43.204563,57.086443],[43.197204,57.056418],[43.194554,57.050825],[43.197792,57.04847],[43.213099,57.044938],[43.221636,57.046704],[43.228112,57.052297],[43.235471,57.056124],[43.246951,57.051708],[43.231939,57.045821],[43.223402,57.038756],[43.222519,57.030514],[43.235471,57.011969],[43.239887,57.001666],[43.246068,56.99313],[43.271678,56.98636],[43.299054,56.971641],[43.315538,56.969286],[43.327313,56.971936],[43.363519,56.989598],[43.361459,56.971641],[43.363814,56.96075],[43.372939,56.953979],[43.390012,56.948681],[43.390012,56.941911],[43.374411,56.936318],[43.36087,56.934551],[43.332906,56.93514],[43.317599,56.930725],[43.306118,56.921305],[43.30082,56.91218],[43.30553,56.907764],[43.320837,56.903643],[43.32849,56.893635],[43.333789,56.882155],[43.342914,56.873029],[43.352039,56.870969],[43.372939,56.871558],[43.384419,56.866848],[43.375883,56.859783],[43.369112,56.851246],[43.364991,56.840944],[43.363519,56.828875],[43.366169,56.816217],[43.373528,56.810624],[43.398254,56.805326],[43.368229,56.779716],[43.375883,56.739094],[43.403259,56.69906],[43.432401,56.674922],[43.419449,56.668152],[43.406202,56.668741],[43.392662,56.672567],[43.377649,56.674922],[43.366169,56.672862],[43.342914,56.663442],[43.329373,56.661382],[43.199853,56.674922],[43.168356,56.674628],[43.153932,56.671684],[43.141275,56.664325],[43.136859,56.65726],[43.133032,56.646958],[43.128323,56.637832],[43.078281,56.610457],[43.054143,56.602509],[43.058853,56.616638],[43.067684,56.624292],[43.088289,56.638715],[43.09712,56.646958],[43.1086,56.662853],[43.114487,56.669035],[43.123907,56.674922],[43.246951,56.691995],[43.235471,56.707008],[43.209567,56.718194],[43.158053,56.729674],[43.131561,56.727613],[43.104773,56.722021],[43.082107,56.721726],[43.069155,56.736444],[43.118903,56.738211],[43.213099,56.729968],[43.239298,56.731146],[43.246951,56.743803],[43.239887,56.749985],[43.218987,56.749985],[43.213099,56.75705],[43.216632,56.762054],[43.225463,56.76647],[43.263141,56.776478],[43.258726,56.788547],[43.233116,56.812096],[43.225463,56.826814],[43.218987,56.84742],[43.214866,56.870086],[43.213099,56.890691],[43.203385,56.907764],[43.180425,56.904232],[43.15511,56.892752],[43.137448,56.887159],[43.132444,56.89128],[43.127734,56.904821],[43.120963,56.907764],[43.068567,56.906587],[43.059441,56.909236],[43.055615,56.918361],[43.046195,56.934257],[43.030005,56.94662],[43.025001,56.953979],[43.048844,56.955451],[43.062091,56.954274],[43.076514,56.951036],[43.090055,56.946032],[43.100358,56.938378],[43.112427,56.932785],[43.1295,56.932197],[43.158642,56.93514],[43.183663,56.942205],[43.191905,56.959278],[43.186901,56.979884],[43.172183,56.997251],[43.147751,57.006671],[43.086817,57.016679],[43.065917,57.02757],[43.063268,57.035224],[43.06474,57.056124],[43.062385,57.065249],[43.054143,57.074669],[43.043251,57.081733],[43.021468,57.092625],[43.03442,57.107343],[43.038836,57.118823],[43.035892,57.129126],[43.02765,57.141195],[43.023529,57.145316],[43.007928,57.154736],[43.002923,57.160034],[42.993504,57.174753],[42.975842,57.183289],[42.959652,57.185938],[42.943462,57.184761],[42.925211,57.181523],[42.914614,57.177107],[42.906372,57.172398],[42.902545,57.174164],[42.9049,57.188293],[42.910199,57.196536],[42.928155,57.214492],[42.932276,57.226561],[42.936986,57.231859],[42.961124,57.241868],[42.989088,57.258646],[43.062385,57.27778],[43.0877,57.2872],[43.102124,57.298385],[43.1086,57.315459],[43.110072,57.343129],[43.097414,57.362851],[43.067095,57.371388],[42.969955,57.374626],[42.957886,57.369622],[42.953176,57.356375],[42.948172,57.347544],[42.936397,57.346956],[42.923445,57.351077],[42.915203,57.356375],[42.905783,57.364912],[42.895186,57.371093],[42.883117,57.374331],[42.870165,57.374037],[42.859568,57.368739],[42.853975,57.352843],[42.843378,57.346661],[42.830426,57.347544],[42.818651,57.353726],[42.806288,57.356964],[42.79157,57.349605],[42.7639,57.315459],[42.723866,57.283079],[42.699728,57.269832],[42.67824,57.264534],[42.709148,57.301918],[42.714152,57.305156],[42.727104,57.308688],[42.733286,57.311926],[42.739173,57.31693],[42.741528,57.32164],[42.743294,57.326644],[42.747121,57.332237],[42.805405,57.373154],[42.815413,57.384045],[42.803345,57.407889],[42.774791,57.421135],[42.740645,57.427317],[42.712386,57.428494],[42.697962,57.426728],[42.667643,57.417897],[42.651747,57.415542]]]]}},{"type":"Feature","properties":{"min_zoom":5.7},"geometry":{"type":"MultiPolygon","coordinates":[[[[-2.602028,40.718915],[-2.586868,40.725685],[-2.57686,40.724213],[-2.599526,40.703313],[-2.609681,40.696543],[-2.624694,40.689773],[-2.631023,40.685357],[-2.651922,40.666812],[-2.657663,40.660336],[-2.657663,40.652977],[-2.656632,40.645912],[-2.65884,40.639436],[-2.677679,40.620597],[-2.693428,40.600875],[-2.695341,40.581741],[-2.672969,40.563785],[-2.690631,40.548184],[-2.709176,40.509916],[-2.723894,40.502263],[-2.737582,40.511977],[-2.732431,40.532877],[-2.714033,40.563785],[-2.727132,40.583802],[-2.715064,40.611472],[-2.692692,40.636198],[-2.676207,40.646796],[-2.675177,40.651211],[-2.661931,40.66799],[-2.65884,40.670345],[-2.654866,40.676821],[-2.628373,40.699781],[-2.602028,40.718915]]]]}},{"type":"Feature","properties":{"min_zoom":5.7},"geometry":{"type":"MultiPolygon","coordinates":[[[[-5.087344,39.287128],[-5.059232,39.303612],[-5.023467,39.36013],[-5.002567,39.357186],[-5.017727,39.326278],[-5.02906,39.310088],[-5.045544,39.30008],[-5.055406,39.28595],[-5.064089,39.280946],[-5.064972,39.276236],[-5.064972,39.272998],[-5.087344,39.287128]]]]}},{"type":"Feature","properties":{"min_zoom":5.7},"geometry":{"type":"MultiPolygon","coordinates":[[[[-5.064972,39.272998],[-5.064531,39.265639],[-5.067033,39.261812],[-5.072773,39.261812],[-5.079543,39.26299],[-5.084989,39.262107],[-5.094409,39.257986],[-5.110746,39.252981],[-5.119724,39.248566],[-5.136061,39.23738],[-5.158286,39.218246],[-5.163584,39.215597],[-5.166234,39.210593],[-5.167558,39.187044],[-5.169766,39.17733],[-5.173887,39.169971],[-5.180657,39.16585],[-5.180657,39.159079],[-5.192579,39.172914],[-5.192726,39.18881],[-5.180657,39.22119],[-5.168589,39.269171],[-5.160199,39.282712],[-5.117958,39.268877],[-5.087344,39.287128],[-5.064972,39.272998]]]]}},{"type":"Feature","properties":{"min_zoom":5.7},"geometry":{"type":"MultiPolygon","coordinates":[[[[-5.023467,39.36013],[-5.050254,39.412527],[-5.050254,39.419886],[-5.043484,39.419886],[-5.033917,39.412232],[-5.016402,39.405462],[-4.998446,39.400752],[-4.988143,39.39928],[-4.975338,39.407228],[-4.96636,39.418414],[-4.956499,39.42489],[-4.844788,39.39251],[-4.844788,39.385151],[-4.8729,39.388389],[-4.918673,39.402813],[-4.944136,39.406051],[-4.95959,39.40193],[-4.944577,39.391921],[-4.880406,39.3669],[-4.871869,39.361896],[-4.866865,39.354243],[-4.865246,39.340996],[-4.862008,39.330105],[-4.848026,39.313326],[-4.844788,39.30685],[-4.834338,39.290954],[-4.785032,39.266522],[-4.769725,39.248566],[-4.812849,39.25828],[-4.832572,39.266817],[-4.84832,39.278885],[-4.861272,39.297725],[-4.879817,39.333048],[-4.892622,39.344234],[-4.915877,39.346884],[-4.926768,39.351005],[-4.93192,39.356009],[-4.936924,39.362779],[-4.944872,39.368961],[-4.958118,39.37161],[-4.961209,39.373376],[-4.982992,39.38103],[-4.988143,39.381913],[-4.990498,39.385445],[-4.995797,39.383973],[-5.001684,39.380735],[-5.006247,39.378969],[-5.011398,39.375437],[-5.009485,39.368372],[-5.002567,39.357186],[-5.023467,39.36013]]]]}},{"type":"Feature","properties":{"min_zoom":5.7},"geometry":{"type":"MultiPolygon","coordinates":[[[[44.008177,49.196013],[44.022012,49.184533],[44.024661,49.1601],[44.006999,49.153036],[43.984628,49.146854],[43.973736,49.126543],[43.972559,49.115063],[43.968143,49.105349],[43.960784,49.098284],[43.949304,49.095635],[43.944006,49.090631],[43.948421,49.079445],[43.963728,49.05619],[43.971381,49.053246],[43.973736,49.047359],[43.972559,49.040589],[43.968143,49.036468],[43.963434,49.032641],[43.959901,49.027637],[43.952248,49.003793],[43.946655,48.994079],[43.907504,48.952279],[43.892197,48.940799],[43.870709,48.93138],[43.820961,48.917544],[43.793585,48.91519],[43.742955,48.926375],[43.709103,48.927553],[43.675545,48.924609],[43.651996,48.917544],[43.641694,48.902237],[43.621088,48.841893],[43.611963,48.838949],[43.5996,48.83159],[43.588708,48.823642],[43.583704,48.818049],[43.580466,48.80598],[43.572224,48.799799],[43.521887,48.786552],[43.510702,48.781548],[43.478027,48.753289],[43.473023,48.742986],[43.472729,48.725913],[43.483914,48.704425],[43.552207,48.653794],[43.574579,48.642314],[43.605781,48.642314],[43.665831,48.649967],[43.697623,48.657915],[43.729414,48.672928],[43.760028,48.683525],[43.788876,48.677932],[43.723527,48.650851],[43.702038,48.627007],[43.674957,48.62112],[43.62462,48.615821],[43.615495,48.609934],[43.59695,48.592272],[43.586942,48.58874],[43.54161,48.588445],[43.534839,48.585207],[43.529835,48.570783],[43.504814,48.537226],[43.494512,48.519858],[43.523065,48.512499],[43.617556,48.51927],[43.614318,48.511616],[43.598128,48.50514],[43.576345,48.500725],[43.487741,48.496898],[43.466547,48.492483],[43.427985,48.477764],[43.411206,48.46805],[43.394133,48.454804],[43.361753,48.437437],[43.353805,48.426839],[43.370879,48.41742],[43.359104,48.39652],[43.316716,48.367378],[43.301997,48.348539],[43.303175,48.332054],[43.316127,48.31763],[43.350567,48.287016],[43.328785,48.288194],[43.295521,48.309094],[43.27786,48.314392],[43.25696,48.311154],[43.220459,48.297025],[43.182191,48.290254],[43.16865,48.281129],[43.159525,48.268177],[43.139214,48.230499],[43.137448,48.221962],[43.140391,48.211659],[43.151577,48.195469],[43.151872,48.184578],[43.147162,48.180457],[43.130089,48.174864],[43.123907,48.171037],[43.118609,48.161323],[43.111249,48.140129],[43.106834,48.133064],[43.094765,48.118935],[43.086817,48.101861],[43.088878,48.087732],[43.106834,48.08155],[43.11802,48.079195],[43.121552,48.073308],[43.12273,48.065655],[43.127734,48.057707],[43.137153,48.051525],[43.227818,48.022972],[43.246951,48.020028],[43.22458,48.003544],[43.184252,48.003838],[43.110072,48.012669],[43.086228,48.000011],[43.064151,47.975285],[43.048256,47.944082],[43.042074,47.913763],[43.047372,47.905521],[43.070922,47.886093],[43.07622,47.872257],[43.080341,47.855184],[43.089761,47.843998],[43.099181,47.834873],[43.103302,47.82457],[43.098003,47.810147],[43.0877,47.793662],[43.08093,47.777178],[43.086523,47.76246],[43.088583,47.752451],[43.087112,47.736261],[43.088289,47.718599],[43.09712,47.704175],[43.087995,47.693873],[43.07622,47.685925],[43.062974,47.682098],[43.048844,47.68357],[43.043546,47.688574],[43.036775,47.697994],[43.033537,47.706825],[43.038541,47.710946],[43.043251,47.716539],[43.041485,47.728902],[43.035303,47.749508],[43.032949,47.753629],[43.029122,47.759222],[43.027061,47.763637],[43.031477,47.765698],[43.032949,47.768347],[43.03913,47.774529],[43.045901,47.779533],[43.048844,47.779827],[43.046195,47.801021],[43.035009,47.823393],[43.017936,47.841055],[42.997331,47.84812],[42.932276,47.787481],[42.90961,47.775706],[42.88871,47.771879],[42.836313,47.773057],[42.725927,47.759516],[42.680889,47.746858],[42.651453,47.723898],[42.625254,47.696228],[42.590225,47.670618],[42.521932,47.634411],[42.518989,47.630584],[42.534884,47.609096],[42.521049,47.609685],[42.513102,47.613217],[42.500738,47.622342],[42.459233,47.63971],[42.438039,47.64177],[42.413018,47.635],[42.390352,47.622931],[42.376517,47.609096],[42.385053,47.603503],[42.389174,47.594672],[42.390646,47.583486],[42.39094,47.571123],[42.384759,47.564941],[42.371218,47.571712],[42.358266,47.582603],[42.353262,47.588196],[42.265247,47.588785],[42.239932,47.581131],[42.225213,47.567591],[42.216088,47.551695],[42.202547,47.538743],[42.174877,47.533444],[42.165457,47.54463],[42.154566,47.569062],[42.137493,47.592611],[42.109823,47.601737],[42.115121,47.614689],[42.116887,47.632351],[42.116593,47.667086],[42.124247,47.679155],[42.142791,47.691223],[42.16428,47.700349],[42.195483,47.707708],[42.216382,47.716833],[42.234633,47.73008],[42.239932,47.74627],[42.234044,47.750391],[42.222564,47.753629],[42.211673,47.758927],[42.206668,47.76923],[42.202842,47.775117],[42.193716,47.778944],[42.181942,47.780416],[42.17105,47.779827],[42.175172,47.787481],[42.17841,47.790719],[42.192245,47.793662],[42.20343,47.794251],[42.21079,47.791896],[42.216677,47.788952],[42.231689,47.785126],[42.24052,47.781299],[42.248763,47.779533],[42.257299,47.783654],[42.264364,47.789835],[42.271723,47.79484],[42.279671,47.798666],[42.288502,47.801021],[42.273195,47.820155],[42.255533,47.832224],[42.206668,47.84812],[42.234633,47.852829],[42.307635,47.833696],[42.332656,47.838111],[42.341782,47.850474],[42.345903,47.862249],[42.349729,47.882855],[42.370924,47.930836],[42.284675,47.958212],[42.279965,47.962333],[42.257299,47.988826],[42.246408,47.996773],[42.212261,48.012669],[42.257299,47.999717],[42.279082,47.989414],[42.299982,47.960272],[42.326769,47.952619],[42.356205,47.95203],[42.376517,47.958212],[42.391529,47.978228],[42.397416,47.994713],[42.405953,47.998834],[42.428325,47.98235],[42.432446,47.973224],[42.431268,47.950264],[42.435389,47.941139],[42.445692,47.934074],[42.454229,47.930542],[42.460705,47.92436],[42.466003,47.91023],[42.464237,47.890508],[42.458055,47.865193],[42.456878,47.843704],[42.469536,47.834579],[42.493379,47.830163],[42.538711,47.810735],[42.56226,47.807203],[42.585809,47.812501],[42.627904,47.830458],[42.654691,47.834579],[42.659989,47.836639],[42.66676,47.841349],[42.676179,47.846059],[42.700023,47.849591],[42.766843,47.874024],[42.791864,47.878439],[42.799518,47.885798],[42.812175,47.906698],[42.850148,47.955857],[42.854858,47.965865],[42.857213,47.979112],[42.809232,47.938195],[42.801284,47.953502],[42.842495,47.99854],[42.835725,48.020028],[42.843084,48.034158],[42.842201,48.045932],[42.838374,48.057707],[42.835725,48.070953],[42.839846,48.079784],[42.857802,48.108337],[42.863984,48.122467],[42.859568,48.156613],[42.83337,48.163384],[42.760367,48.156613],[42.760367,48.163384],[42.878113,48.190759],[42.918441,48.190759],[42.907844,48.210482],[42.904606,48.218135],[43.022351,48.21843],[43.035303,48.221962],[43.040602,48.230204],[43.067095,48.254342],[43.07622,48.266411],[43.087995,48.317336],[43.09712,48.335292],[43.088583,48.348539],[43.093882,48.365612],[43.102419,48.384745],[43.103302,48.403585],[43.098592,48.408883],[43.08093,48.420069],[43.07622,48.42419],[43.073865,48.431549],[43.072393,48.449211],[43.069155,48.458336],[43.041191,48.48895],[43.002923,48.509261],[42.925211,48.54017],[42.925211,48.54694],[42.936397,48.547823],[42.95818,48.554005],[42.966422,48.554593],[42.977314,48.549001],[42.987911,48.54017],[43.004395,48.523096],[43.027356,48.508673],[43.051494,48.506318],[43.075631,48.511616],[43.09712,48.519858],[43.115665,48.531339],[43.125968,48.53546],[43.137448,48.533988],[43.143924,48.526629],[43.141863,48.517504],[43.135093,48.510144],[43.110955,48.499547],[43.115371,48.483357],[43.131855,48.466873],[43.151872,48.458336],[43.151577,48.460691],[43.15717,48.465695],[43.165412,48.470405],[43.172183,48.472466],[43.177481,48.471583],[43.180719,48.466579],[43.186018,48.465107],[43.200147,48.465695],[43.227818,48.471288],[43.243713,48.472466],[43.32172,48.462752],[43.342914,48.465107],[43.356749,48.473938],[43.401492,48.510439],[43.411501,48.523096],[43.415328,48.54017],[43.42563,48.556654],[43.439171,48.571078],[43.495395,48.608462],[43.513645,48.62583],[43.521299,48.646729],[43.51129,48.665863],[43.463309,48.696477],[43.44653,48.712078],[43.436227,48.755055],[43.453889,48.783903],[43.521299,48.821287],[43.568103,48.838655],[43.588708,48.849546],[43.59695,48.866031],[43.602838,48.884576],[43.616378,48.906947],[43.632568,48.92667],[43.644637,48.937561],[43.686143,48.945803],[43.798001,48.94492],[43.850103,48.951691],[43.890137,48.972296],[43.910448,49.00291],[43.917513,49.041177],[43.918396,49.085332],[43.921634,49.097107],[43.929582,49.101522],[43.938707,49.103583],[43.94636,49.10947],[43.949304,49.118301],[43.949893,49.136257],[43.952542,49.143616],[43.986983,49.173347],[43.989043,49.185121],[43.959901,49.191892],[43.920162,49.202489],[43.874241,49.205727],[43.851281,49.201311],[43.808009,49.182472],[43.785343,49.178351],[43.763855,49.178645],[43.747665,49.181],[43.732063,49.186888],[43.696151,49.210731],[43.682316,49.225744],[43.68055,49.240462],[43.699978,49.253414],[43.688792,49.262539],[43.665243,49.269604],[43.659061,49.280201],[43.66171,49.286971],[43.677017,49.309932],[43.693796,49.32465],[43.692619,49.346727],[43.685848,49.369982],[43.679372,49.383817],[43.622266,49.453287],[43.588708,49.482724],[43.548969,49.506567],[43.586647,49.496264],[43.623737,49.466239],[43.700566,49.380285],[43.713224,49.359974],[43.718228,49.338485],[43.709986,49.318468],[43.692619,49.295508],[43.695857,49.286088],[43.708809,49.278435],[43.720878,49.260184],[43.719111,49.257829],[43.715579,49.250176],[43.713224,49.240756],[43.713518,49.232808],[43.720289,49.223094],[43.751491,49.19513],[43.77298,49.186005],[43.794763,49.19513],[43.836563,49.225449],[43.847454,49.229276],[43.859229,49.231631],[43.88425,49.232808],[43.898968,49.230748],[43.923694,49.221328],[43.936058,49.219268],[43.956074,49.21603],[43.983156,49.207493],[44.008177,49.196013]]]]}},{"type":"Feature","properties":{"min_zoom":7},"geometry":{"type":"MultiPolygon","coordinates":[[[[-2.497234,40.437208],[-2.482957,40.433676],[-2.466915,40.43397],[-2.487226,40.4272],[-2.509745,40.430732],[-2.53035,40.440152],[-2.54551,40.450749],[-2.561405,40.45487],[-2.652658,40.446628],[-2.669143,40.442212],[-2.679887,40.432204],[-2.691514,40.398352],[-2.690337,40.391582],[-2.682978,40.382751],[-2.672822,40.376275],[-2.663991,40.371859],[-2.658546,40.365089],[-2.65884,40.351548],[-2.671203,40.366561],[-2.674441,40.355964],[-2.672969,40.324172],[-2.685921,40.335653],[-2.701523,40.34154],[-2.714769,40.351843],[-2.724336,40.402768],[-2.735963,40.407183],[-2.753331,40.403356],[-2.775408,40.4063],[-2.749946,40.428377],[-2.728604,40.439858],[-2.72257,40.441624],[-2.703142,40.440741],[-2.701817,40.442507],[-2.676502,40.448394],[-2.672969,40.447805],[-2.665905,40.45281],[-2.659134,40.459286],[-2.653983,40.465762],[-2.651922,40.471355],[-2.636174,40.467233],[-2.56067,40.462818],[-2.535207,40.468117],[-2.532116,40.463112],[-2.510186,40.443979],[-2.497234,40.437208]]]]}},{"type":"Feature","properties":{"min_zoom":7},"geometry":{"type":"MultiPolygon","coordinates":[[[[24.203358,54.851631],[24.224847,54.834558],[24.233678,54.814247],[24.217782,54.797468],[24.16774,54.810126],[24.141248,54.809242],[24.13536,54.783633],[24.130651,54.783044],[24.129179,54.784516],[24.129179,54.786871],[24.128296,54.790109],[24.125646,54.813658],[24.153905,54.820428],[24.19129,54.820723],[24.217782,54.824844],[24.205713,54.832203],[24.199826,54.837207],[24.197177,54.841622],[24.192173,54.845155],[24.181281,54.843389],[24.163031,54.838384],[24.159204,54.840739],[24.155083,54.845449],[24.148901,54.850159],[24.119759,54.85428],[24.117698,54.859579],[24.12182,54.866349],[24.121525,54.872531],[24.116521,54.878418],[24.114755,54.882833],[24.110045,54.885188],[24.097387,54.886071],[24.077076,54.893136],[24.066773,54.893136],[24.004957,54.85899],[23.996715,54.866643],[23.992888,54.873708],[23.993771,54.880184],[23.998775,54.886071],[24.015849,54.884305],[24.067657,54.907266],[24.090617,54.913447],[24.112989,54.904911],[24.154788,54.867232],[24.179809,54.85899],[24.203358,54.851631]]]]}},{"type":"Feature","properties":{"min_zoom":2},"geometry":{"type":"MultiPolygon","coordinates":[[[[5.870361,52.539989],[5.874482,52.521444],[5.872716,52.501428],[5.860647,52.478173],[5.841513,52.457862],[5.800891,52.422832],[5.779108,52.408114],[5.746728,52.393396],[5.712287,52.382505],[5.654003,52.371613],[5.623683,52.356306],[5.577763,52.322749],[5.545383,52.27565],[5.533314,52.267997],[5.447359,52.255045],[5.404677,52.2574],[5.361111,52.270057],[5.268386,52.311563],[5.24778,52.31274],[5.205098,52.309502],[5.181254,52.311563],[5.163004,52.316567],[5.112373,52.337761],[5.092062,52.342177],[5.047024,52.344532],[5.03054,52.34777],[4.968135,52.371024],[4.973727,52.375734],[4.980203,52.3775],[4.98197,52.378089],[4.98197,52.385448],[4.996688,52.383976],[5.002281,52.38221],[5.009346,52.378089],[5.009346,52.385448],[5.024947,52.378089],[5.034072,52.388686],[5.041726,52.403993],[5.053795,52.412235],[5.064686,52.414296],[5.075283,52.420183],[5.084703,52.429014],[5.091768,52.439317],[5.075577,52.444321],[5.067924,52.452858],[5.061742,52.461394],[5.050262,52.467281],[5.069985,52.472874],[5.078227,52.473463],[5.073517,52.483766],[5.070573,52.487887],[5.090884,52.500839],[5.083231,52.525566],[5.050262,52.570309],[5.036427,52.599745],[5.034955,52.625061],[5.049673,52.641839],[5.084997,52.645372],[5.111784,52.63919],[5.118849,52.636246],[5.136511,52.625061],[5.150935,52.626532],[5.165653,52.630065],[5.227175,52.65332],[5.243071,52.664505],[5.256317,52.688643],[5.270741,52.696885],[5.304004,52.706894],[5.300766,52.716902],[5.297822,52.730737],[5.293996,52.743101],[5.286931,52.748399],[5.236006,52.762234],[5.22011,52.762823],[5.206275,52.761646],[5.194501,52.758113],[5.184198,52.751637],[5.170363,52.746044],[5.157999,52.75046],[5.147108,52.758113],[5.136511,52.762234],[5.122676,52.775481],[5.120321,52.839358],[5.115022,52.861141],[5.065275,52.922957],[5.044081,52.933554],[5.08588,52.943857],[5.129152,52.960047],[5.287814,53.044529],[5.372297,53.07691],[5.383188,53.055421],[5.389958,53.046296],[5.399672,53.035993],[5.409386,53.032166],[5.413802,53.019803],[5.412624,53.006851],[5.406443,52.995076],[5.416157,52.98389],[5.420278,52.9677],[5.416157,52.95151],[5.399672,52.940325],[5.413213,52.924429],[5.404088,52.916481],[5.387898,52.911183],[5.376712,52.899408],[5.370825,52.898231],[5.366115,52.894993],[5.365526,52.884984],[5.369059,52.878508],[5.37524,52.875564],[5.382599,52.872915],[5.38937,52.868205],[5.410858,52.857314],[5.442355,52.85231],[5.505938,52.850838],[5.518595,52.848777],[5.542145,52.839358],[5.557452,52.837297],[5.573642,52.838475],[5.584239,52.841713],[5.605727,52.850838],[5.622212,52.85437],[5.637519,52.854959],[5.709932,52.842301],[5.721707,52.837297],[5.685794,52.832587],[5.656358,52.819635],[5.631926,52.799913],[5.611909,52.775186],[5.603372,52.75046],[5.596308,52.70866],[5.597779,52.66951],[5.615736,52.652436],[5.628099,52.646255],[5.652237,52.618879],[5.660479,52.61152],[5.676669,52.608576],[5.808839,52.612992],[5.8265,52.610342],[5.84063,52.604161],[5.850933,52.593269],[5.857703,52.576785],[5.870361,52.539989]]],[[[5.858292,52.506432],[5.85888,52.526154],[5.839158,52.570309],[5.68079,52.593564],[5.653709,52.61152],[5.635752,52.602689],[5.577763,52.590914],[5.560395,52.583555],[5.516241,52.556768],[5.506821,52.555885],[5.486215,52.557062],[5.478562,52.552941],[5.454424,52.515263],[5.441178,52.508492],[5.403499,52.499073],[5.358461,52.473463],[5.283693,52.455213],[5.24101,52.429308],[5.178605,52.408409],[5.150052,52.391335],[5.132978,52.385448],[5.142987,52.369847],[5.145931,52.355423],[5.152995,52.343943],[5.173895,52.336878],[5.219227,52.33835],[5.236006,52.336878],[5.304593,52.320982],[5.336678,52.310091],[5.396434,52.280655],[5.423222,52.273884],[5.489159,52.27565],[5.524777,52.284187],[5.545677,52.302438],[5.551859,52.327458],[5.543616,52.358072],[5.571581,52.367198],[5.585711,52.370141],[5.602195,52.371024],[5.616619,52.37544],[5.637813,52.394573],[5.649882,52.398989],[5.675786,52.402227],[5.723767,52.416356],[5.752909,52.419594],[5.781168,52.425776],[5.807367,52.441377],[5.829444,52.461394],[5.84534,52.480822],[5.858292,52.506432]]]]}},{"type":"Feature","properties":{"min_zoom":2},"geometry":{"type":"MultiPolygon","coordinates":[[[[35.387723,45.30658],[35.406563,45.300104],[35.424519,45.297454],[35.441003,45.292156],[35.455427,45.279204],[35.433644,45.261248],[35.420104,45.254183],[35.404502,45.251239],[35.386546,45.256538],[35.371239,45.268312],[35.35917,45.280087],[35.34975,45.285385],[35.234948,45.314528],[35.216404,45.323358],[35.209339,45.330718],[35.193443,45.336605],[35.175193,45.340137],[35.161652,45.340432],[35.144284,45.33631],[35.133393,45.332189],[35.122796,45.332484],[35.064806,45.364569],[35.051854,45.374872],[35.024184,45.412845],[35.010349,45.422559],[35.010349,45.429918],[35.022418,45.434039],[35.055975,45.439632],[35.068927,45.446697],[35.074814,45.450818],[35.087766,45.457883],[35.092182,45.463476],[35.095714,45.474367],[35.093654,45.477605],[35.089238,45.480549],[35.072165,45.549136],[35.066867,45.561499],[35.043023,45.577689],[35.037725,45.590347],[35.033898,45.604771],[35.025656,45.611541],[35.014175,45.615662],[35.003284,45.621844],[34.976791,45.663055],[34.965605,45.668942],[34.914975,45.66541],[34.900256,45.668942],[34.892014,45.674829],[34.88024,45.690136],[34.872292,45.696907],[34.865227,45.69985],[34.839029,45.703677],[34.847271,45.713097],[34.864933,45.724871],[34.872292,45.731641],[34.872292,45.737234],[34.851098,45.734879],[34.814008,45.719573],[34.791636,45.717218],[34.755429,45.726049],[34.737179,45.728403],[34.715985,45.724282],[34.731291,45.741944],[34.753369,45.761961],[34.764849,45.783744],[34.750131,45.806116],[34.724227,45.81318],[34.698617,45.805527],[34.673007,45.793164],[34.647103,45.78551],[34.652402,45.798168],[34.665648,45.816124],[34.668298,45.830253],[34.67183,45.840556],[34.680366,45.84821],[34.69273,45.852919],[34.705976,45.854391],[34.70892,45.855863],[34.740122,45.859984],[34.747187,45.858218],[34.754546,45.867049],[34.756901,45.877646],[34.755429,45.889421],[34.750131,45.902373],[34.722755,45.879707],[34.707154,45.871464],[34.664765,45.865577],[34.647692,45.858807],[34.546431,45.792575],[34.506103,45.777857],[34.461654,45.771969],[34.461654,45.77874],[34.492268,45.792575],[34.503159,45.799934],[34.508163,45.807882],[34.513168,45.819362],[34.520821,45.829665],[34.533773,45.83408],[34.541132,45.839379],[34.546136,45.862928],[34.554673,45.868226],[34.567919,45.869404],[34.580871,45.872642],[34.591469,45.877057],[34.600005,45.881767],[34.607659,45.888243],[34.622671,45.903844],[34.626792,45.909732],[34.632679,45.925039],[34.632091,45.932398],[34.628558,45.937696],[34.626792,45.94741],[34.615606,45.952709],[34.544076,45.970665],[34.544076,45.964484],[34.564387,45.949471],[34.575278,45.939168],[34.578811,45.929749],[34.569097,45.918268],[34.552612,45.919151],[34.537306,45.922978],[34.530535,45.91974],[34.527003,45.910909],[34.518466,45.899135],[34.499921,45.878529],[34.488147,45.875586],[34.477255,45.8853],[34.461654,45.909732],[34.475195,45.925333],[34.482554,45.929749],[34.465481,45.936225],[34.444875,45.932398],[34.427802,45.919151],[34.420443,45.89884],[34.417794,45.874114],[34.411612,45.864694],[34.406902,45.87117],[34.406902,45.895602],[34.400721,45.895602],[34.398071,45.888832],[34.39395,45.885005],[34.388063,45.883239],[34.379526,45.881767],[34.383059,45.8853],[34.386002,45.888832],[34.387474,45.89413],[34.386591,45.902373],[34.359215,45.881767],[34.362159,45.891776],[34.37099,45.907966],[34.372756,45.91974],[34.37776,45.924744],[34.400132,45.932398],[34.406902,45.936519],[34.410729,45.956241],[34.396894,45.966838],[34.3757,45.974492],[34.359215,45.984795],[34.366869,45.985678],[34.386591,45.991565],[34.363042,46.01688],[34.349796,46.026006],[34.331251,46.025123],[34.327424,46.020118],[34.323008,46.003045],[34.318299,45.998041],[34.30829,45.996864],[34.297693,45.999218],[34.287979,46.00334],[34.28062,46.008638],[34.276793,46.023062],[34.279148,46.039841],[34.277088,46.046022],[34.239703,46.007461],[34.226751,46.004517],[34.21586,46.018352],[34.228518,46.029244],[34.212033,46.036308],[34.16729,46.046317],[34.161108,46.038663],[34.156398,46.043373],[34.150217,46.047789],[34.142269,46.051321],[34.133438,46.053087],[34.129611,46.054265],[34.121369,46.058974],[34.11607,46.059857],[34.113127,46.057797],[34.111949,46.053087],[34.113127,46.048377],[34.11607,46.046317],[34.126962,46.042784],[34.184657,46.008638],[34.195254,46.000396],[34.200847,45.988621],[34.202025,45.967427],[34.196137,45.95006],[34.182008,45.945644],[34.165818,45.944467],[34.153749,45.936519],[34.128139,45.954769],[34.117248,45.96831],[34.112832,45.984795],[34.129611,45.979202],[34.144624,45.978907],[34.157281,45.983323],[34.16729,45.991565],[34.16729,45.998041],[34.112244,46.033365],[34.078981,46.045434],[34.037475,46.087233],[34.01893,46.096359],[33.998914,46.100774],[33.951815,46.101657],[33.939746,46.098714],[33.943279,46.092238],[33.961824,46.080463],[33.973598,46.077519],[33.983607,46.078402],[33.99126,46.076931],[33.99597,46.066922],[33.976542,46.060741],[33.975953,46.052204],[33.984195,46.041313],[33.989199,46.028949],[33.981546,46.017469],[33.965356,46.020118],[33.949755,46.028066],[33.944751,46.032776],[33.937097,46.036897],[33.932682,46.046317],[33.9265,46.055736],[33.913548,46.059857],[33.903834,46.055736],[33.894709,46.046611],[33.882934,46.039252],[33.865567,46.038663],[33.87322,46.046317],[33.867627,46.052498],[33.866155,46.055148],[33.865567,46.059857],[33.885583,46.065156],[33.876458,46.08164],[33.838485,46.115198],[33.848788,46.122263],[33.85232,46.132565],[33.852026,46.159353],[33.845844,46.164945],[33.804339,46.17672],[33.804339,46.143457],[33.799629,46.127856],[33.786971,46.12138],[33.741934,46.13963],[33.73222,46.145517],[33.687771,46.202918],[33.679823,46.210278],[33.667754,46.217637],[33.667754,46.223818],[33.69513,46.223818],[33.713969,46.219108],[33.727804,46.225584],[33.740756,46.236476],[33.755769,46.245601],[33.77137,46.247367],[33.79227,46.244718],[33.810226,46.238242],[33.81788,46.227645],[33.822884,46.224113],[33.83407,46.22323],[33.855558,46.223818],[33.865567,46.22529],[33.881168,46.231177],[33.893826,46.231177],[33.95211,46.21381],[33.972126,46.210866],[33.98184,46.201152],[34.006861,46.159058],[34.020402,46.149344],[34.025995,46.147284],[34.02835,46.142574],[34.03041,46.137864],[34.033943,46.135803],[34.039536,46.136687],[34.042479,46.138747],[34.04454,46.140808],[34.054843,46.144046],[34.060436,46.148167],[34.067206,46.150816],[34.077803,46.149344],[34.077803,46.146695],[34.079864,46.139925],[34.082513,46.13286],[34.085457,46.12815],[34.089578,46.127267],[34.101058,46.128444],[34.106062,46.12815],[34.126373,46.124029],[34.138148,46.124323],[34.136676,46.131977],[34.131966,46.141691],[34.12343,46.16524],[34.11607,46.16995],[34.104885,46.171421],[34.094876,46.175248],[34.077803,46.18349],[34.077803,46.190261],[34.104885,46.185845],[34.115482,46.189083],[34.119603,46.200858],[34.124313,46.209689],[34.135204,46.207923],[34.146684,46.199975],[34.153749,46.190261],[34.153455,46.183196],[34.147567,46.162296],[34.154632,46.150522],[34.159048,46.146989],[34.161108,46.152877],[34.202025,46.18349],[34.166995,46.206745],[34.15316,46.219992],[34.147567,46.23471],[34.148156,46.260025],[34.152572,46.276215],[34.162874,46.282691],[34.181714,46.279159],[34.213211,46.260614],[34.237348,46.234415],[34.289745,46.161413],[34.293278,46.154348],[34.297104,46.141985],[34.296516,46.117553],[34.298576,46.106367],[34.307996,46.101657],[34.318299,46.112549],[34.326541,46.137275],[34.331251,46.162885],[34.331251,46.17672],[34.32242,46.181724],[34.298576,46.184079],[34.290923,46.190261],[34.2921,46.197326],[34.299459,46.203507],[34.307701,46.208806],[34.311234,46.214399],[34.320359,46.212632],[34.379526,46.190261],[34.448702,46.152288],[34.484614,46.145517],[34.517289,46.162296],[34.522882,46.177897],[34.527297,46.186434],[34.533773,46.190261],[34.54437,46.187317],[34.557322,46.179369],[34.568214,46.169361],[34.572629,46.159353],[34.572629,46.131977],[34.570569,46.120791],[34.56056,46.107839],[34.5585,46.098125],[34.552318,46.085173],[34.539072,46.098125],[34.527003,46.118436],[34.524059,46.12815],[34.512285,46.121674],[34.501099,46.104306],[34.492857,46.094592],[34.489619,46.111666],[34.491973,46.116964],[34.495506,46.122557],[34.494328,46.126972],[34.482554,46.12815],[34.448702,46.107839],[34.439577,46.090766],[34.439871,46.07281],[34.449585,46.057208],[34.469013,46.046317],[34.46136,46.034248],[34.452529,46.036603],[34.441343,46.043962],[34.427508,46.046317],[34.416911,46.038958],[34.405725,46.024828],[34.401309,46.011287],[34.410729,46.0054],[34.438105,46.005694],[34.461654,46.003045],[34.472545,45.993037],[34.461654,45.970665],[34.482848,45.966838],[34.514345,45.994803],[34.555262,45.98244],[34.575573,45.996864],[34.629441,46.071338],[34.633268,46.083995],[34.629441,46.102246],[34.621494,46.12138],[34.616489,46.141396],[34.620316,46.162296],[34.652108,46.184374],[34.697734,46.180547],[34.742183,46.162296],[34.770736,46.141985],[34.778684,46.129622],[34.787221,46.111371],[34.788104,46.094592],[34.774269,46.087233],[34.766026,46.090471],[34.75278,46.104601],[34.746893,46.107839],[34.721872,46.109605],[34.683016,46.101952],[34.670358,46.096359],[34.660938,46.087233],[34.680072,46.07958],[34.698028,46.066039],[34.71098,46.050143],[34.715985,46.03572],[34.74601,46.015408],[34.753663,46.011582],[34.763083,46.016292],[34.766026,46.0263],[34.770736,46.036014],[34.784571,46.038663],[34.795168,46.029244],[34.803999,46.008344],[34.810181,45.984795],[34.812242,45.967427],[34.812536,45.94535],[34.81548,45.935636],[34.82225,45.926511],[34.826077,45.923861],[34.83844,45.917091],[34.842561,45.915913],[34.84786,45.91297],[34.846093,45.907082],[34.841384,45.902373],[34.839029,45.902373],[34.836674,45.901784],[34.827254,45.895897],[34.825488,45.895602],[34.825488,45.889715],[34.827843,45.884122],[34.830787,45.881178],[34.832847,45.881767],[34.813125,45.827899],[34.811359,45.81789],[34.815774,45.813475],[34.827254,45.814652],[34.837263,45.817301],[34.845799,45.821423],[34.852569,45.826721],[34.859045,45.835258],[34.861695,45.8435],[34.864638,45.849976],[34.872292,45.854391],[34.883772,45.853214],[34.894664,45.846443],[34.904378,45.837613],[34.910854,45.830253],[34.920273,45.814063],[34.932931,45.776385],[34.942056,45.759017],[34.977086,45.717806],[34.979146,45.709859],[34.981207,45.706032],[34.996514,45.686898],[34.999752,45.674829],[35.007405,45.669531],[35.016236,45.666881],[35.023889,45.66276],[35.032426,45.651869],[35.051854,45.621844],[35.078347,45.597117],[35.084528,45.587109],[35.126917,45.552962],[35.33827,45.340137],[35.345335,45.335427],[35.356815,45.333956],[35.366824,45.330423],[35.3733,45.32277],[35.379187,45.313939],[35.387723,45.30658]]]]}},{"type":"Feature","properties":{"min_zoom":3},"geometry":{"type":"MultiPolygon","coordinates":[[[[19.793195,54.543432],[19.893868,54.617611],[19.899461,54.62291],[19.907114,54.628208],[19.920655,54.632918],[19.933901,54.633801],[19.945676,54.632918],[19.95539,54.635568],[19.961571,54.646459],[19.947736,54.653229],[19.944498,54.669125],[19.948325,54.687376],[19.954801,54.701211],[19.966281,54.711808],[19.981883,54.71799],[20.000133,54.720933],[20.02015,54.721816],[20.039872,54.716518],[20.044582,54.703271],[20.04576,54.686493],[20.054002,54.670597],[20.072841,54.657351],[20.085793,54.656467],[20.11258,54.673835],[20.11258,54.673835],[20.11258,54.673835],[20.11258,54.673835],[20.176752,54.695618],[20.40665,54.68767],[20.40665,54.680017],[20.333648,54.660294],[20.318046,54.652346],[20.293614,54.635862],[20.280368,54.629092],[20.252992,54.623499],[20.121705,54.581405],[20.102277,54.577578],[20.092269,54.574634],[20.079023,54.560505],[20.068131,54.557267],[20.055474,54.55815],[20.048703,54.560505],[20.042227,54.56492],[20.030453,54.570807],[19.991008,54.572574],[19.966576,54.546964],[19.943026,54.512523],[19.906525,54.488386],[19.839999,54.470724],[19.793195,54.543432]]]]}},{"type":"Feature","properties":{"min_zoom":3},"geometry":{"type":"MultiPolygon","coordinates":[[[[19.839999,54.470724],[19.82116,54.468369],[19.815272,54.464248],[19.809974,54.454828],[19.803498,54.445408],[19.793489,54.440993],[19.764347,54.436283],[19.754045,54.433045],[19.743153,54.433634],[19.744919,54.429218],[19.747569,54.418327],[19.749335,54.413911],[19.733734,54.411851],[19.725786,54.402137],[19.720487,54.390951],[19.711656,54.385947],[19.697527,54.384769],[19.683986,54.381531],[19.619226,54.353567],[19.579781,54.350329],[19.563297,54.346502],[19.485585,54.317654],[19.472927,54.315594],[19.459975,54.310884],[19.43466,54.297049],[19.409344,54.272911],[19.403163,54.269084],[19.396098,54.263197],[19.378436,54.235821],[19.36519,54.228168],[19.365778,54.242886],[19.369899,54.254955],[19.376964,54.26408],[19.386384,54.269084],[19.386384,54.276738],[19.362835,54.274972],[19.273937,54.281742],[19.248916,54.290278],[19.249505,54.298521],[19.251859,54.304408],[19.256275,54.308235],[19.262751,54.310295],[19.252448,54.313828],[19.229193,54.331784],[19.229193,54.337965],[19.270404,54.347091],[19.357242,54.351506],[19.399336,54.358571],[19.442313,54.371817],[19.741093,54.50487],[19.793195,54.543432],[19.839999,54.470724]]]]}},{"type":"Feature","properties":{"min_zoom":4},"geometry":{"type":"MultiPolygon","coordinates":[[[[45.0,38.1508491270021],[44.997535,38.159419],[45.0,38.165875617052265]]]]}},{"type":"Feature","properties":{"min_zoom":4},"geometry":{"type":"MultiPolygon","coordinates":[[[[33.430791,38.960383],[33.420488,38.954496],[33.420488,38.940367],[33.426375,38.924765],[33.434323,38.913285],[33.416956,38.877373],[33.413718,38.867659],[33.417544,38.859711],[33.426081,38.850586],[33.54677,38.752857],[33.555307,38.761099],[33.552657,38.77935],[33.547359,38.789358],[33.547359,38.803782],[33.571497,38.891797],[33.578267,38.891797],[33.584154,38.846465],[33.629487,38.786414],[33.640378,38.751679],[33.64391,38.731368],[33.652741,38.713412],[33.686299,38.659543],[33.698662,38.646886],[33.71603,38.64041],[33.742817,38.638349],[33.742817,38.63099],[33.711025,38.62157],[33.629487,38.615094],[33.598873,38.597432],[33.590042,38.550629],[33.584449,38.544741],[33.568259,38.531789],[33.558545,38.516188],[33.550008,38.497054],[33.541472,38.484397],[33.53058,38.487635],[33.517039,38.498232],[33.508209,38.514127],[33.497906,38.528846],[33.479066,38.535322],[33.462582,38.538854],[33.420782,38.563286],[33.354845,38.582714],[33.296561,38.638349],[33.264769,38.657777],[33.187352,38.688097],[33.153205,38.70723],[33.138487,38.738139],[33.146729,38.77935],[33.20207,38.904749],[33.219437,38.92035],[33.245636,38.926532],[33.298916,38.929475],[33.322465,38.938306],[33.332473,38.95744],[33.334534,38.983933],[33.332473,38.995413],[33.326291,39.009542],[33.309218,39.036035],[33.30392,39.049281],[33.305097,39.061056],[33.317461,39.079307],[33.317755,39.090787],[33.309807,39.102856],[33.289202,39.117868],[33.28302,39.131703],[33.32482,39.150837],[33.338066,39.152309],[33.345131,39.14701],[33.366031,39.118163],[33.442271,39.044866],[33.468469,38.992764],[33.47259,38.980989],[33.459933,38.977751],[33.444331,38.963621],[33.430791,38.960383]]]]}},{"type":"Feature","properties":{"min_zoom":4},"geometry":{"type":"MultiPolygon","coordinates":[[[[43.131266,38.316903],[43.104185,38.314254],[43.019113,38.316609],[43.000863,38.326912],[42.994387,38.335448],[42.97908,38.336626],[42.960535,38.335448],[42.945522,38.336626],[42.93522,38.343985],[42.936986,38.351638],[42.945228,38.360764],[42.953176,38.371655],[42.953176,38.377542],[42.943168,38.385196],[42.936103,38.392849],[42.928449,38.396382],[42.918441,38.391966],[42.91432,38.398442],[42.911376,38.40168],[42.906961,38.403741],[42.897835,38.405801],[42.9049,38.432883],[42.911671,38.432883],[42.914614,38.428762],[42.920796,38.423463],[42.925211,38.418753],[42.924328,38.427879],[42.926977,38.430528],[42.932276,38.431117],[42.939046,38.432883],[42.928449,38.447601],[42.925211,38.453488],[42.910787,38.446718],[42.897835,38.447601],[42.884883,38.451134],[42.870165,38.453488],[42.877524,38.460848],[42.871048,38.467618],[42.872226,38.471739],[42.879291,38.473505],[42.891065,38.474094],[42.884589,38.476743],[42.878996,38.480864],[42.873992,38.486752],[42.870165,38.494405],[42.879879,38.500587],[42.876347,38.505885],[42.868399,38.504708],[42.856624,38.4738],[42.839257,38.469678],[42.818946,38.474094],[42.801873,38.481453],[42.798046,38.456432],[42.791276,38.446718],[42.773908,38.440242],[42.764488,38.444069],[42.691781,38.43877],[42.687071,38.442303],[42.663227,38.472328],[42.651747,38.478804],[42.598761,38.485574],[42.583749,38.493522],[42.575801,38.507946],[42.567265,38.502647],[42.550191,38.497643],[42.541655,38.494405],[42.536651,38.489695],[42.533118,38.484102],[42.528703,38.478215],[42.520755,38.474094],[42.501327,38.47115],[42.486314,38.475271],[42.474834,38.484102],[42.466003,38.494405],[42.468653,38.494994],[42.470124,38.501175],[42.46983,38.508829],[42.466003,38.515011],[42.457172,38.516777],[42.448636,38.514127],[42.438627,38.507946],[42.40978,38.496171],[42.39565,38.495877],[42.38417,38.507946],[42.369746,38.497643],[42.349729,38.490873],[42.327946,38.48734],[42.308224,38.487635],[42.299688,38.507651],[42.309696,38.517954],[42.349729,38.528551],[42.361798,38.537971],[42.37946,38.566524],[42.39094,38.577121],[42.409485,38.578888],[42.420082,38.581242],[42.425087,38.586835],[42.42126,38.591545],[42.413606,38.59861],[42.408014,38.607441],[42.410663,38.618038],[42.423909,38.622748],[42.493968,38.624808],[42.488669,38.630401],[42.482193,38.633934],[42.476012,38.636289],[42.472774,38.638349],[42.466003,38.658955],[42.457172,38.67014],[42.44422,38.692218],[42.435389,38.703698],[42.438333,38.720771],[42.467769,38.736667],[42.600822,38.778466],[42.620544,38.781704],[42.647626,38.782882],[42.709148,38.793185],[42.733286,38.803487],[42.747415,38.799661],[42.801873,38.792596],[42.809821,38.785531],[42.828366,38.784648],[42.89813,38.795834],[42.91638,38.796717],[42.928744,38.792596],[42.941696,38.785237],[42.956414,38.784354],[43.09241,38.804076],[43.123907,38.816439],[43.162174,38.841166],[43.175715,38.844404],[43.183663,38.850586],[43.195143,38.880611],[43.206918,38.891797],[43.193966,38.897684],[43.177776,38.900333],[43.145101,38.899156],[43.145396,38.900628],[43.144513,38.903571],[43.142158,38.905926],[43.137448,38.905926],[43.133327,38.902688],[43.131266,38.893563],[43.123907,38.889736],[43.110072,38.877962],[43.143924,38.880316],[43.147751,38.865304],[43.1295,38.851763],[43.09712,38.858239],[43.088289,38.866776],[43.079164,38.879728],[43.072099,38.892974],[43.069155,38.902688],[43.065917,38.925648],[43.072099,38.930947],[43.110661,38.933891],[43.120963,38.937423],[43.130677,38.942133],[43.145101,38.946843],[43.16188,38.94802],[43.203385,38.940072],[43.219575,38.942722],[43.231644,38.948903],[43.242241,38.955674],[43.25431,38.960383],[43.271089,38.962444],[43.287574,38.960972],[43.315538,38.954202],[43.313478,38.960972],[43.310828,38.974513],[43.308768,38.980989],[43.315538,38.980989],[43.319659,38.972747],[43.327313,38.968331],[43.337615,38.966565],[43.350567,38.967448],[43.351156,38.977751],[43.353511,38.984816],[43.359987,38.987759],[43.373528,38.987171],[43.37706,38.987759],[43.383831,38.991292],[43.388246,38.995707],[43.392956,38.999828],[43.401492,39.001594],[43.40473,39.000417],[43.407674,38.998356],[43.41209,38.996002],[43.477733,38.993058],[43.542199,38.980989],[43.578994,38.982461],[43.59018,38.980989],[43.596656,38.977457],[43.61314,38.965093],[43.62462,38.960383],[43.632274,38.963916],[43.641399,38.959795],[43.659061,38.946843],[43.65494,38.945665],[43.651408,38.945077],[43.64817,38.943899],[43.644637,38.940072],[43.659061,38.932713],[43.640516,38.930947],[43.59695,38.919761],[43.547497,38.917995],[43.534839,38.913285],[43.531307,38.908281],[43.521299,38.885321],[43.501282,38.871191],[43.484503,38.868247],[43.469785,38.868836],[43.457127,38.86707],[43.44653,38.858239],[43.428868,38.858828],[43.412678,38.850291],[43.399432,38.837045],[43.390012,38.822621],[43.384419,38.822621],[43.369701,38.840872],[43.339087,38.845876],[43.308768,38.835573],[43.295227,38.806725],[43.296699,38.787297],[43.291989,38.779055],[43.27786,38.775523],[43.261375,38.774051],[43.244596,38.76993],[43.229878,38.763454],[43.219575,38.754917],[43.216337,38.750502],[43.214277,38.745792],[43.213688,38.739905],[43.213099,38.731074],[43.211039,38.720771],[43.205446,38.715767],[43.19897,38.712235],[43.192788,38.70723],[43.176304,38.685742],[43.16865,38.671612],[43.165412,38.655717],[43.155993,38.637466],[43.133032,38.624808],[43.08299,38.611856],[43.08299,38.604203],[43.089761,38.604203],[43.100652,38.613328],[43.123907,38.61951],[43.175715,38.624808],[43.190728,38.620687],[43.200147,38.611268],[43.216632,38.586835],[43.226935,38.580654],[43.242536,38.575061],[43.258726,38.57094],[43.271089,38.569468],[43.316127,38.542386],[43.325252,38.486457],[43.306413,38.439653],[43.267262,38.440242],[43.22664,38.418165],[43.219575,38.415515],[43.213099,38.408156],[43.184252,38.389023],[43.175715,38.385196],[43.162469,38.382841],[43.153344,38.376071],[43.147456,38.365474],[43.145101,38.35105],[43.148045,38.335154],[43.153049,38.326617],[43.150694,38.322202],[43.131266,38.316903]]]]}}]}